Author Name,Total Publication,Total Citation,Total Years,Cite/Year,Cite/Paper,h index,g index,h(2) index,w index,h core citation,m index,f index,t index,tappered_h_index,Maxprod,wu index,pi index,weighted h index,woginger_index,Gh_index,Rm index,X index,h2upper_index,h2 center_index,h2 lower_index,k dash index,i10 index,normalized_h_index,platinium_h_index,m_qoutient_index,HI_index,AW_index,Ar index,V index,hm_index,hf index,gf index,gF index,hi index,h_m_index,k norm index,w norm index,gm index,A index,R index,P index,q2 index,e index,hg_index,pure h index,fractional g index,fractional h index,AWCR,Author/paper,cites/author,paper/author,k index,h dash index,hl norm,hc index,ha index,hi index s,Rational h index,Real h index,Class
A. Blaauw Gerrit,19,341,27,12.6296296296296,1.79473684210526,9,18,4,4,314,24.0,12,14,8.82116118568209,164,14,2.24,14.9666295470957,9,9,7.12684717943877,2.0,68.3284457478005,23.7536656891495,-17.5953079178885,-1.09897610921501,9,0.473684210526315,5.98245614035087,0.333333333333333,4.38461538461538,18.4661853126193,14.696938456699,0.136363636363636,5.99999999999999,7,19,19,3.85714285714285,5.99999999999999,6.86666666666666,6.89442815249266,19.0,34.8888888888888,17.7200451466693,17.9473684210526,14.696938456699,233,12.7279220613578,5.89188303637179,13,6,5.86058008395056,2.05263157894736,186.583333333333,11.8333333333333,208.721247563352,149.785714285714,6,3,1,3.85714285714285,10.3157894736842,1.85714285714285,1
A. Gosling James,29,3678,14,262.714285714285,8.4551724137931,27,29,11,11,3675,93.0,28,29,17.4984605216901,1510,27,16.61,52.5071423713003,29,27,17.1295229835584,3.16227766016837,80.0978792822186,19.8205546492659,-0.706905927134312,-0.993195427327163,27,0.93103448275862,244.5960591133,1.92857142857142,11.5147058823529,60.6465168002252,36.7130766893759,0.870967741935483,15.0,24,30,29,11.390625,15.0,23.8500566893424,23.8561718325176,29.0,136.111111111111,60.6217782649107,126.827586206896,50.1098792654702,2946,27.9821371592664,17.5370144266348,29,27,160.32247208737,2.34482758620689,1577.75,16.0,155363.793103448,2742.82758620689,23,14,7,11.390625,28.5090909090909,1.06896551724137,1
A. Lebedev Sergey,31,159,31,5.12903225806451,0.320564516129032,7,12,3,2,122,16.0,9,10,7.86102184779609,60,14,1.12,9.32737905308881,1,7,5.36808541450078,2.23606797749979,50.314465408805,30.817610062893,-86.1635220125786,-1.21904761904761,6,0.225806451612903,1.15816857440166,0.225806451612903,3.14492753623188,12.6095202129184,10.099504938362,0.11864406779661,3.33333333333333,5,9,31,2.04166666666666,3.33333333333333,4.84,4.89937106918239,31.0,17.4285714285714,11.0453610171872,5.12903225806451,10.5830052442583,73,9.16515138991168,3.78043207407125,5,3,4.64324228452958,2.2258064516129,59.5,19.25,22.0548387096774,51.1,4,2,1,2.04166666666666,8.06666666666666,4.0,1
A. Lyapunov Alexey,1,3,0,3.0,3.0,1,1,1,0,3,3.0,1,1,2.0,3,1,0.03,1.73205080756887,1,1,1.31607401295249,1.0,66.6666666666666,33.3333333333333,0.0,0.0,0,1.0,3.0,1.0,1.0,1.73205080756887,1.73205080756887,0.0192307692307692,1.0,1,2,1,1.0,1.0,1.66666666666666,1.66666666666666,1.0,3.0,1.73205080756887,3.0,1.73205080756887,2,1.0,1.0,1,1,0.0576923076923076,1.0,3.0,1.0,1.0,2.0,1,0,0,1.0,1.0,-2.0,1
A. Mead Carver,69,9787,34,287.85294117647,4.05258799171842,55,69,13,15,9198,131.0,69,69,36.3687317578568,5136,69,33.26,82.6922003577121,69,55,26.1001917464722,6.9282032302755,63.6354347603964,30.9083478083171,-2.40114437519158,-1.10771685854325,69,0.797101449275362,229.44799658994,1.61764705882352,21.0833333333333,98.9292676612942,55.398717107374,0.887096774193548,28.4499999999999,38,70,69,20.0331125827814,28.4499999999999,37.8193454737397,37.8601205681005,69.0,167.236363636363,95.9062041788746,141.840579710144,84.882271411644,6173,61.6035713250457,33.1936920521502,67,48,287.515590168192,2.60869565217391,4555.14999999999,31.4499999999999,2457.77319111979,4920.50724637681,37,17,7,20.0331125827814,56.009009009009,28.0,1
A. Patterson David,39,15413,22,700.590909090909,19.7602564102564,39,39,17,21,15413,229.0,39,39,23.7203242974438,5491,39,79.99,109.722376933786,39,39,25.9384886414706,4.12310562561766,90.1317070005839,9.86829299941607,0.0,0.0,39,1.0,700.590909090909,1.77272727272727,12.266129032258,124.14910390333,84.7364541780376,0.847826086956521,14.6166666666666,35,40,39,12.266129032258,14.6166666666666,34.9231740546288,34.9249983779926,39.0,395.205128205128,124.14910390333,395.205128205128,94.503968170654,13892,39.0,21.8718776573495,39,37,480.015729097931,3.17948717948717,5718.98333333333,14.6166666666666,0.0256410256410256,13892.0,34,24,11,12.266129032258,39.4303797468354,-1.04545454545454,1
A. Petri Carl,8,81,24,3.375,2.25,5,8,3,2,74,17.5,8,7,5.25165945165945,46,6,0.51,7.14142842854285,5,5,4.37082698450016,1.41421356237309,66.6666666666666,30.8641975308641,-12.3456790123456,0.0,4,0.625,2.109375,0.208333333333333,5.0,9.0,8.39642781187333,0.0806451612903225,5.0,6,9,8,5.0,5.0,5.68354430379746,5.69135802469135,8.0,14.8,8.60232526704262,10.125,9.35414346693485,49,6.32455532033675,5.0,8,5,1.724519724209,1.0,81.0,8.0,399.9375,35.0,5,1,0,5.0,6.27272727272727,1.5,1
A. R. Hoare C.,2,12,4,3.0,4.0,2,2,1,1,10,10.0,2,2,2.66666666666666,10,2,0.1,3.16227766016837,2,2,2.13927352681733,1.0,66.6666666666666,33.3333333333333,0.0,0.0,1,1.0,3.0,0.5,0.8,3.46410161513775,3.46410161513775,0.0512820512820512,0.833333333333333,2,3,2,0.8,0.833333333333333,1.9,1.91666666666666,2.0,5.0,3.16227766016837,6.0,4.47213595499958,6,2.0,1.26491106406735,2,1,0.336996336996336,2.5,5.66666666666666,0.833333333333333,0.5,6.0,1,1,0,0.8,2.6,-3.0,1
A.J. Robin Milner,9,52,9,5.77777777777777,1.15555555555555,3,7,2,1,43,21.5,3,4,4.28975468975468,38,6,0.46,6.16441400296897,1,3,3.18316395871115,1.0,71.1538461538461,17.3076923076923,-21.1538461538461,-1.02380952380952,1,0.333333333333333,1.92592592592592,0.333333333333333,1.79999999999999,7.21110255092797,4.94974746830583,0.0714285714285714,2.0,3,10,9,1.8,2.0,2.90697674418604,2.92307692307692,9.0,14.3333333333333,6.557438524302,5.77777777777777,8.0311892021045,34,4.58257569495584,2.32379000772445,5,3,1.55947288006111,1.66666666666666,29.5,6.33333333333333,44.2962962962963,25.5,2,1,1,1.79999999999999,4.14285714285714,2.0,1
Aashay Shringarpure,4,437,1,437.0,43.7,3,4,3,3,437,178.0,4,4,3.8,356,3,3.93,19.824227601599,3,3,5.88538800279576,1.41421356237309,97.9405034324942,2.05949656750572,0.0,0.0,3,0.75,327.75,3.0,0.75,20.9045449603668,15.5080624192708,0.2,0.833333333333333,4,5,4,0.818181818181818,0.833333333333333,3.97940503432494,3.97940503432494,4.0,145.666666666666,20.9045449603668,109.25,23.1084400165826,428,3.46410161513775,1.56669890360128,4,3,31.0047619047619,4.0,112.916666666666,1.03333333333333,0.25,321.0,3,3,2,0.818181818181818,10.2857142857142,1.0,1
Abtin Rahimian,2,83,0,83.0,27.6666666666666,1,2,1,1,83,83.0,2,2,2.0,83,1,0.83,9.1104335791443,1,1,3.01834947929233,1.0,98.7951807228915,1.20481927710843,0.0,0.0,1,0.5,41.5,1.0,0.25,9.1104335791443,9.1104335791443,0.0714285714285714,0.333333333333333,2,3,2,0.333333333333333,0.333333333333333,1.98795180722891,1.98795180722891,2.0,83.0,9.1104335791443,41.5,9.1104335791443,82,1.41421356237309,0.577350269189625,2,1,5.92857142857142,4.0,27.6666666666666,0.533333333333333,0.5,41.0,1,1,1,0.333333333333333,29.6666666666666,1.0,1
Adam Bertsch,1,0,0,0.0,0.0,0,0,0,0,0,0.0,1,1,0.0,0,0,0.0,0.0,0,1,0.0,1.0,0.0,0.0,0.0,0.0,0,0.0,0.0,0.0,0.0,0.0,0.0,0.0,0.0,1,2,1,0.0,1.0,0.0,0.0,1.0,0.0,0.0,0.0,0.0,0,0.0,0.0,0,0,0.0,1.0,0.0,1.0,0.0,0.0,0,0,0,0.0,1.0,1.0,1
Adi Shamir,119,105485,27,3906.85185185185,14.7738095238095,72,119,23,34,103963,295.0,99,119,49.3943167621739,38754,116,804.97,290.094812087358,119,72,43.6197395359674,1.41421356237309,93.6426980139356,4.91444281177418,-1.76423188131013,-1.02784064304666,117,0.605042016806722,2363.80952380952,2.66666666666666,33.6,324.784543967227,235.805675645576,1.46938775510204,46.2,63,120,119,32.6037735849056,46.2,62.9627121932292,62.9635587998293,119.0,1443.93055555555,322.432938764016,886.428571428571,145.739493617893,98779,92.563491723249,48.4507141135526,119,72,2960.14137030586,2.14285714285714,64316.8666666666,67.9666666666667,60549.1284963394,59765.4453781512,62,37,22,32.6037735849056,73.0206896551724,18.75,1
Adolfo G. Eguiluz,39,1613,40,40.325,2.06794871794871,21,39,8,7,1505,51.0,28,30,16.5059602751677,654,30,8.37,33.2866339541864,24,22,12.9993414303791,2.44948974278317,65.9640421574705,27.3403595784252,-16.7389956602603,-1.11001410437235,26,0.538461538461538,21.7134615384615,0.525,7.65420560747663,40.1621712560464,35.6791255498225,0.477272727272727,12.5999999999999,17,31,39,7.22950819672131,12.5999999999999,16.8130021913805,16.8412895226286,39.0,71.6666666666666,38.7943294825416,41.3589743589743,32.7261363439071,1064,28.6181760425083,12.3215125748078,28,18,62.7757759541472,2.74358974358974,822.65,20.5499999999999,576.344966761633,744.8,16,10,4,7.22950819672131,22.0232558139534,11.5,1
Adrien Leblanc,28,248,10,24.8,0.610837438423645,8,15,5,3,218,27.0,11,12,8.46338102135462,130,14,1.88,13.711309200802,5,8,6.29974470253032,2.23606797749979,62.0967741935483,25.8064516129032,-52.016129032258,-1.12820512820512,6,0.285714285714285,7.08571428571428,0.8,1.80645161290322,15.7480157480236,10.770329614269,0.666666666666666,2.63333333333333,5,7,28,1.56097560975609,2.63333333333333,4.90123456790123,4.93548387096774,28.0,27.25,14.7648230602334,8.85714285714285,14.696938456699,154,10.9544511501033,3.53380883439508,6,4,79.2166666666666,4.42857142857142,50.3833333333333,7.63333333333333,64.3619047619047,102.666666666666,4,6,4,1.56097560975609,9.11764705882352,3.33333333333333,1
Aggarwal J.K.,79,12922,24,538.416666666666,4.08924050632911,58,79,14,16,11963,139.0,79,79,40.2463678522881,4278,79,53.12,92.7200086281272,79,58,27.6340244115312,6.78232998312526,66.9942733323015,26.0331218077696,-2.43770314192849,-1.14915891195418,79,0.734177215189873,395.293248945147,2.41666666666666,24.3723404255319,113.674975258409,60.7622415649719,1.11538461538461,34.4166666666666,40,80,79,24.3768115942029,34.4166666666666,39.8546306030775,39.8822937625754,79.0,206.258620689655,109.375499998857,163.569620253164,89.7886407069402,8599,67.6904720030818,37.6012642402322,79,41,367.627439599089,2.37974683544303,6303.08333333333,35.2499999999999,2182.32009440986,6313.18987341772,39,19,8,24.3768115942029,59.017094017094,19.6666666666666,1
Akinori Yamanaka,38,523,14,37.3571428571428,0.705802968960863,9,22,5,4,501,38.0,11,14,8.5656008232683,272,16,4.6,19.8746069143517,5,9,7.86883426979267,2.0,80.3059273422562,15.4875717017208,-45.3154875717017,-0.997942386831275,9,0.236842105263157,8.84774436090225,0.642857142857142,2.69291338582677,22.8691932520585,17.0440605490593,0.5,2.86666666666666,7,13,38,2.53125,2.86666666666666,6.92173913043478,6.93116634799235,38.0,55.6666666666666,22.3830292855993,13.7631578947368,18.4932420089069,420,14.0712472794702,4.77297077300919,11,6,36.2185224089635,3.34210526315789,145.066666666666,12.35,313.424641148325,270.0,6,6,3,2.53125,10.3157894736842,2.0,1
Akira Nukada,39,1517,51,29.7450980392156,1.94487179487179,15,38,8,7,1409,77.0,21,26,13.7303630877856,688,27,9.82,33.7045990927054,14,15,11.6722287715992,2.0,78.0487804878048,14.8319050758075,-16.5458141067897,-1.12395437262357,19,0.384615384615384,11.4404223227752,0.294117647058823,4.00684931506849,38.9486841883009,18.7945027423801,0.234375,6.25,12,22,39,4.16666666666666,6.25,11.9059097978227,11.9202373104812,39.0,93.9333333333333,37.5366487582469,38.8974358974359,33.9852909359328,1184,23.8746727726266,7.90569415042094,21,10,102.982339056097,3.74358974358974,468.433333333333,12.1166666666666,507.46747388414,683.076923076923,11,10,6,4.16666666666666,16.0645161290322,5.66666666666666,1
Alan Kay,249,20029,69,290.27536231884,0.643502008032128,38,140,15,18,18481,168.0,56,70,34.7347778195517,8876,97,162.43,117.200682591868,16,38,24.9709642897921,1.0,85.0616605921414,7.20954615807079,-32.2881821359029,-1.16572371522866,97,0.152610441767068,44.299051277574,0.550724637681159,18.1612284069097,141.523849580203,88.5353036929337,0.520547945205479,27.9928571428571,32,93,249,13.1272727272727,27.9928571428571,31.9469646799117,31.9520195716211,249.0,486.342105263157,135.944841755765,80.437751004016,79.8999374217527,17037,72.9383301152418,22.3346449185198,93,38,620.574076093696,2.09236947791164,9052.72857142856,173.90238095238,960.316586760478,9248.65714285714,31,19,11,13.1272727272727,39.1428571428571,3.91666666666666,1
Alessandro Curioni,169,7403,27,274.185185185185,0.515349808562478,41,85,12,13,6135,103.0,59,66,35.0689219274874,2208,90,39.08,67.1714224949866,10,44,21.5939259147353,4.79583152331271,60.7186275834121,22.7070106713494,-54.3158179116574,-1.44969939879759,90,0.242603550295857,66.5182993644532,1.51851851851851,11.8647260273972,86.0406880493177,53.6198035555272,1.32258064516129,20.4499999999999,27,47,169,11.5136986301369,20.4499999999999,26.8718969111237,26.9086856679724,169.0,149.634146341463,78.3262408136634,43.8047337278106,64.9846135635197,4454,59.0338885725817,21.726979629843,43,32,411.82195540392,3.45562130177514,2227.18333333333,58.8666666666667,220.487396497928,2766.87878787878,26,21,10,11.5136986301369,42.0,42.0,1
Alex Aiken,109,18664,27,691.259259259259,3.11326105087573,67,109,16,21,17197,148.0,89,103,47.0598593368513,5605,109,82.29,112.583302491977,109,67,31.2398178815225,7.6811457478686,68.0882983283326,24.0516502357479,-7.21174453493356,-1.17466447201823,109,0.614678899082568,424.902480462113,2.48148148148148,18.6777493606138,136.616250863504,66.9451445659233,2.03030303030303,29.6166666666666,39,74,109,19.1021276595744,29.6166666666666,38.8993938549432,38.9226318045435,109.0,256.671641791044,131.137332594498,171.229357798165,99.5791142760368,12708,85.4575918219089,35.7748871862859,74,50,1286.2478577677,3.58715596330275,5807.04999999999,33.8666666666666,2007.24694345947,8266.36893203883,38,39,19,19.1021276595744,68.0148148148148,23.0,1
Alexandros Nikolaos Ziogas,6,69,0,69.0,3.28571428571428,3,6,2,1,67,7.0,6,5,4.08571428571428,54,4,0.61,7.34846922834953,3,3,3.52756435550045,1.0,84.0579710144927,13.0434782608695,-8.69565217391304,0.0,1,0.5,34.5,3.0,0.72,8.30662386291807,4.7258156262526,0.6,1.16666666666666,3,6,6,0.818181818181818,1.16666666666666,2.93442622950819,2.94202898550724,6.0,22.3333333333333,8.18535277187245,11.5,4.58257569495584,58,4.24264068711928,1.56669890360128,4,1,13.8,4.16666666666666,17.9166666666666,1.53333333333333,385.25,34.8,2,3,1,0.818181818181818,4.57142857142857,1.4,1
Alfred Aho,979,1383964,186,7440.66666666666,2.8850013549853,506,979,62,186,1332752,1594.0,644,779,300.608487838771,510921,760,4274.56,956.862581565399,507,506,153.834938643297,19.5192212959431,77.7994225283316,18.5001922015312,-13.5926223514484,-1.07874031716713,915,0.516853932584269,3845.73782771535,2.72043010752688,178.770840851678,1176.41999302969,439.498127985288,2.66315789473684,289.240476190476,415,876,979,183.670014347202,289.240476190476,414.861523806907,414.876155738155,979.0,2633.89723320158,1154.4487862179,1413.65066394279,898.089082441157,1076716,703.828104014041,304.855748280534,800,506,95542.0519890319,2.83043922369765,644233.971428571,524.267857142856,36789.1460921481,699381.637997432,414,260,141,183.670014347202,507.020730503455,23.590909090909,1
Alfred Z. Spector,79,553,94,5.88297872340425,0.175,13,20,4,2,309,22.0,17,18,14.9185071430257,220,39,2.4,15.4919333848296,0,15,7.95410969087534,4.47213595499958,27.6672694394213,30.5605786618444,-113.381555153707,-4.5576923076923,20,0.164556962025316,0.968085106382978,0.138297872340425,7.28368794326241,23.5159520326097,16.4316767251549,0.132653061224489,11.0666666666666,12,17,79,6.76,11.0666666666666,11.5884353741496,11.7811934900542,79.0,23.7692307692307,17.5783958312469,7.0,16.9115345252877,140,16.1245154965971,9.37443331620637,15,13,9.90915888487479,1.78481012658227,391.5,59.4928571428571,9.75757575757575,101.111111111111,11,3,1,6.76,14.0,14.0,1
Allen Frances,27,1169,49,23.8571428571428,3.09259259259259,10,27,6,5,1132,53.5,14,17,9.66282283324392,653,18,9.98,29.2916370317536,9,10,9.38032590669181,1.0,88.2805816937553,8.55431993156544,-11.2061591103507,-1.0353581142339,10,0.37037037037037,8.83597883597883,0.204081632653061,4.35483870967741,34.1906419945575,32.6266762021509,0.188679245283018,8.2,10,28,27,6.25,8.2,9.92748433303491,9.93071000855432,27.0,113.2,33.6452076825214,43.2962962962963,23.1300670124407,1032,16.4316767251549,7.90569415042094,27,9,27.1572200006748,2.29629629629629,761.7,17.9833333333333,1324.63263263263,607.058823529411,9,5,2,6.25,11.3333333333333,2.0,1
Amir Pnueli,226,33683,28,1202.96428571428,1.31312619391056,72,183,19,28,31387,216.0,100,118,52.7670286963104,9035,130,199.66,155.48954948806,38,72,36.0047694430657,3.60555127546398,77.7929519342101,15.3905530980019,-26.093281477303,-1.14735939643347,137,0.31858407079646,383.245259165613,2.57142857142857,28.3484320557491,183.529289215645,96.3846460801719,1.28571428571428,41.1666666666666,56,154,226,28.9608938547486,41.1666666666666,55.8984592662213,55.910192085028,226.0,435.930555555555,177.163766047123,149.039823008849,124.707658144959,26203,114.786758818253,45.663818911058,123,57,933.441519700941,2.53982300884955,15424.2666666666,105.983333333333,2037.4185212451,15988.2711864406,55,30,14,28.9608938547486,73.0344827586206,12.5,1
Amnon Naamad,13,2265,28,80.8928571428571,24.8901098901098,9,13,5,4,2256,37.0,11,13,8.07042922528183,1831,11,20.84,42.7901857906693,11,9,9.8007915276437,1.0,96.0264900662251,3.57615894039735,-1.01545253863134,-1.0,9,0.692307692307692,56.0027472527472,0.321428571428571,2.925,47.5920161371631,47.4973683481516,0.2,4.08333333333333,8,14,13,3.24,4.08333333333333,7.97798742138364,7.97836644591611,13.0,250.666666666666,47.4973683481516,174.230769230769,18.2482875908946,2175,10.8166538263919,5.39999999999999,13,9,78.2038214981578,3.07692307692307,1078.01666666666,5.28333333333333,43673.8461538461,1505.76923076923,7,5,2,3.24,10.4210526315789,1.55555555555555,1
Andrew Birrell,73,4849,181,26.7900552486187,1.79526101443909,23,69,11,11,4656,110.0,31,39,18.4734806515709,1635,39,34.04,58.3438085832592,19,23,17.0430179307603,1.73205080756887,85.1103320272221,10.9094658692513,-19.6535368117137,-1.06559571619812,31,0.315068493150684,8.44070233860592,0.127071823204419,8.07211538461538,69.6347614342147,58.5166642931737,0.124324324324324,12.95,19,58,73,6.87012987012987,12.95,18.9274843330349,18.9331820994019,73.0,202.434782608695,68.2348884369279,66.4246575342465,50.2991053598371,4127,39.8371685740841,12.5703216750004,41,22,139.544218061227,2.84931506849315,1748.1,37.8833333333333,1602.45184186244,2433.87179487179,18,12,6,6.87012987012987,24.1489361702127,3.375,1
Andrew Chi-Chih Yao,49,7927,21,377.47619047619,6.47102040816326,29,49,13,14,7759,133.0,38,45,20.9970097147355,3008,41,51.16,79.6743371481683,31,30,20.1043704586125,2.82842712474619,87.2713510785921,10.609309953324,-5.19742651696732,-1.03385826771653,38,0.591836734693877,223.404275996112,1.38095238095238,23.6833333333333,89.0337014843255,59.5687278136215,0.58,27.0833333333333,29,50,49,22.7297297297297,27.0833333333333,28.8985113268608,28.9010975148227,49.0,267.551724137931,88.0851860416948,161.775510204081,62.1047502208969,6918,37.6961536499415,25.6741535821955,49,29,187.919303144641,1.22448979591836,7264.25,44.5833333333333,7471.52490281827,4458.26666666666,28,14,8,22.7297297297297,30.0847457627118,5.83333333333333,1
Andrew Myers,189,36894,38,970.894736842105,2.0548036758563,104,189,19,30,31699,203.0,142,157,76.4963569402222,11124,184,126.66,151.930905348451,189,104,40.9409717341709,10.1488915650922,56.6026996259554,29.3164200140944,-9.87694476066569,-1.37952418536475,189,0.55026455026455,534.24895572264,2.73684210526315,30.3333333333333,192.078109111892,101.4086088672,2.6,52.5761904761905,61,113,189,30.0444444444444,52.5761904761905,60.8606271777003,60.9024231582371,189.0,304.798076923076,178.042129845719,195.206349206349,145.299690295609,20883,140.199857346575,55.8983203882032,109,66,2979.89587758296,3.42857142857142,13586.0476190476,64.0428571428572,1191.11570038345,13833.3248407643,60,56,28,30.0444444444444,105.00956937799,35.3333333333333,1
Andrew Wilson,119,18595,113,164.557522123893,2.60434173669467,85,119,16,22,16373,152.5,112,119,58.0603057099539,7440,119,49.97,110.381157812373,119,86,33.6470308934698,8.94427190999916,49.6531325625168,38.8545307878462,-4.04947566550147,-1.28252117173399,119,0.714285714285714,117.541087231352,0.75221238938053,29.4897959183673,136.3634848484,64.4518139759178,0.615942028985507,50.6666666666666,53,89,119,29.7325102880658,50.6666666666666,52.7931456548347,52.8545845657434,119.0,192.623529411764,127.957024035415,156.26050420168,113.852975367357,9148,100.573356312693,50.27189447878,87,75,619.970120728311,2.88235294117647,8573.48333333333,53.2,1203.43255879796,6534.28571428571,52,26,10,29.7325102880658,86.0,86.0,1
Angelov Angel,57,61,83,0.734939759036144,0.0369026013309134,4,7,2,1,36,13.0,5,6,5.90535247655183,26,11,0.5,5.56776436283002,0,6,3.47624221539337,1.41421356237309,39.3442622950819,26.2295081967213,-313.11475409836,-0.17391304347826,2,0.0701754385964912,0.051574719932361,0.0481927710843373,1.66423357664233,7.81024967590665,6.32455532033675,0.0459770114942528,2.5,4,4,57,1.14285714285714,2.5,3.75,3.85245901639344,57.0,9.0,6.0,1.07017543859649,7.21110255092797,20,5.29150262212918,2.13808993529939,3,2,1.45170941236762,2.40350877192982,22.5499999999999,35.25,2.03842940685045,13.3333333333333,3,1,0,1.14285714285714,5.0,5.0,1
Anton Kozhevnikov,2,26,0,26.0,8.66666666666666,1,2,1,1,26,26.0,2,2,2.0,26,1,0.26,5.09901951359278,1,1,2.25810086435322,1.0,96.1538461538461,3.84615384615384,0.0,0.0,1,0.5,13.0,1.0,0.333333333333333,5.09901951359278,5.09901951359278,0.0714285714285714,0.333333333333333,2,3,2,0.333333333333333,0.333333333333333,1.96153846153846,1.96153846153846,2.0,26.0,5.09901951359278,13.0,5.09901951359278,25,1.41421356237309,0.577350269189625,2,1,1.85714285714285,3.0,8.66666666666666,0.666666666666666,0.5,12.5,1,1,1,0.333333333333333,10.6666666666666,1.0,1
Aparna Chandramowlishwaran,459,6365,46,138.369565217391,0.0602917495500615,43,70,10,10,4121,67.0,57,62,40.2049480593729,1976,114,28.99,53.8423625038872,0,44,20.0506603449252,6.16441400296897,35.6952081696779,29.0494893951296,-245.781618224666,-3.07604166666666,125,0.0936819172113289,12.9627261532632,0.934782608695652,13.1755674232309,79.7809501071527,34.9003115463421,0.86,20.6595238095237,21,35,459,11.0059523809523,20.6595238095237,20.858707170611,20.9371563236449,459.0,95.8372093023255,64.1950153828161,13.8671023965141,53.6749476012785,2272,54.8634668973808,21.7544467266109,33,21,356.16684395793,3.2636165577342,1947.54523809523,171.592857142857,25.4662785098194,1575.74193548387,20,17,7,11.0059523809523,44.0114942528735,22.5,1
Aron Trauring,1,0,0,0.0,0.0,0,0,0,0,0,0.0,1,1,0.0,0,0,0.0,0.0,0,1,0.0,1.0,0.0,0.0,0.0,0.0,0,0.0,0.0,0.0,0.0,0.0,0.0,0.0,0.0,1,2,1,0.0,1.0,0.0,0.0,1.0,0.0,0.0,0.0,0.0,0,0.0,0.0,0,0,0.0,1.0,0.0,1.0,0.0,0.0,0,0,0,0.0,1.0,1.0,1
Atsushi Oshiyama,839,608729,60,10145.4833333333,1.72747885805096,472,779,41,109,500722,706.0,624,670,332.752142213719,235247,762,1391.82,592.367284714475,762,473,119.257379289764,25.3179778023443,45.736280019516,36.5982235116119,-10.7911730835889,-1.54235520677135,801,0.562574493444576,5707.59014700039,7.86666666666666,104.46003692957,780.210868932239,264.978731781747,7.375,189.699999999999,188,326,839,99.8583594800537,189.699999999999,187.893980644926,187.942554075787,839.0,1060.85169491525,707.617128113784,725.541120381406,577.262505278144,277938,606.372822609984,217.101694315326,337,347,28615.2974889176,4.51847437425506,159790.795238095,213.785714285713,3381.56745513961,195801.098507462,187,171,65,99.8583594800537,473.0,473.0,1
Atsushi Suenaga,26,615,56,10.9821428571428,1.75213675213675,12,24,6,4,583,37.0,15,17,10.4964718595166,279,16,3.83,20.5669638012031,12,12,8.93479509890709,3.0,71.3821138211382,23.4146341463414,-21.7886178861788,-1.04991087344028,14,0.461538461538461,5.06868131868131,0.214285714285714,2.73684210526315,24.7991935352744,16.6282891483158,0.2,3.31666666666666,8,12,26,2.57142857142857,3.31666666666666,7.89277899343544,7.92032520325203,26.0,48.5833333333333,24.1453929352992,23.6538461538461,21.0713075057054,439,16.9705627484771,5.5549205986353,10,6,30.4710216197058,4.38461538461538,134.033333333333,6.85,430.943509615384,309.882352941176,7,6,2,2.57142857142857,13.2,2.66666666666666,1
Atsuya Uno,24,1237,14,88.3571428571428,4.12333333333333,11,24,7,6,1200,70.0,15,19,10.1871974713217,606,17,8.16,30.3809150619266,11,12,10.3233740414464,1.73205080756887,87.2271624898949,9.78172999191592,-8.56911883589329,-1.03321976149914,12,0.458333333333333,40.4970238095238,0.785714285714285,3.10588235294117,35.1710107901379,30.0499584026334,0.407407407407407,4.65,10,21,24,2.75,4.65,9.93029259896729,9.93451899757477,24.0,109.090909090909,34.6410161513775,51.5416666666666,27.7488738510232,1079,16.2480768092719,5.5,18,9,67.0456946275831,3.54166666666666,328.833333333333,8.51666666666666,1671.62162162162,624.684210526315,9,9,5,2.75,12.2173913043478,2.83333333333333,1
Avi Wigderson,449,39162,41,955.170731707317,0.387646622123236,86,195,18,25,33106,172.0,118,135,70.3760304706668,7805,199,232.24,151.505775467471,16,87,37.6235608717036,5.91607978309961,65.86997599714,18.885654460957,-64.4706603339972,-1.41764318148527,238,0.191536748329621,182.950296050844,2.09756097560975,31.7027914614121,197.89391097252,104.433790827809,2.04761904761904,49.7,53,115,449,29.2332015810276,49.7,52.908512653945,52.9309534753076,449.0,384.953488372093,181.95054273071,87.2204899777282,121.622366364086,25710,129.499034745437,50.1403563606041,115,67,3896.70741738973,2.71269487750556,14833.1166666666,212.35,484.928392519389,16378.2222222222,52,41,19,29.2332015810276,87.0,87.0,1
Axel Huebl,91,966,9,107.333333333333,0.23076923076923,14,30,6,5,741,43.0,20,24,15.098188335965,368,35,6.59,24.2280828791714,4,16,9.83402374668985,2.0,57.8674948240165,20.2898550724637,-89.751552795031,-1.56810035842293,24,0.153846153846153,16.5128205128205,1.55555555555555,2.95591647331786,31.0805405358401,19.672315572906,1.27272727272727,6.69285714285714,9,13,91,2.72222222222222,6.69285714285714,8.89825119236884,8.93374741200828,91.0,52.9285714285714,27.2213151776324,10.6153846153846,24.5356882927705,545,20.4939015319191,6.17341972581737,11,8,274.345923520923,4.73626373626373,205.07619047619,22.3785714285714,37.9839591687932,317.916666666666,8,14,8,2.72222222222222,15.0,15.0,1
B. Furber Stephen,48,2996,31,96.6451612903225,2.54761904761904,26,48,10,11,2793,84.5,35,40,20.1691052207234,1298,39,13.24,46.3249392876018,32,26,15.9131891132282,3.3166247903554,70.6608811748998,22.5634178905206,-12.2496662216288,-1.12777352716143,35,0.541666666666666,52.3494623655914,0.838709677419354,8.91428571428571,54.735728733616,39.170567181665,0.742857142857142,13.6,20,34,48,8.66666666666666,13.6,19.8582089552238,19.8795060080106,48.0,107.423076923076,52.8488410468952,62.4166666666666,46.8721665810318,2117,35.3270434653113,15.0111069989302,33,26,128.217262960788,2.91666666666666,1116.66666666666,20.7166666666666,858.76724137931,1376.05,19,13,6,8.66666666666666,27.0566037735849,7.0,1
Babak Hejazialhosseini,819,36302,110,330.018181818181,0.108109234938503,102,173,18,24,24726,177.0,137,149,88.1562462306575,10780,258,134.81,134.361452805482,3,102,38.7631629586695,9.89949493661166,39.7333480249022,28.659577984684,-169.844636659137,-2.63755296216457,387,0.124542124542124,41.1011655011655,0.927272727272727,26.3111811023622,190.530837399093,53.9905610822918,0.894736842105263,42.0833333333333,39,67,819,18.2847100175746,42.0833333333333,38.9075662527205,38.9602225772684,819.0,242.411764705882,157.245031718016,44.3247863247863,134.365174059352,14322,132.838247504248,43.1861137611688,62,43,2401.84594992733,3.87667887667887,8323.71666666667,281.249999999999,95.9121313292482,9804.322147651,38,47,19,18.2847100175746,103.014634146341,25.75,1
Barbara J.H. Liskov,9,37,25,1.48,0.822222222222222,3,6,2,1,30,15.0,4,4,4.08773448773448,21,6,0.33,4.58257569495584,2,3,3.05198730379481,1.0,64.8648648648648,24.3243243243243,-35.1351351351351,-0.903225806451612,1,0.333333333333333,0.493333333333333,0.12,1.22727272727272,6.08276253029821,5.74456264653802,0.073170731707317,1.7,3,4,9,1.125,1.7,2.86666666666666,2.89189189189189,9.0,10.0,5.47722557505166,4.11111111111111,6.70820393249936,21,4.24264068711928,1.83711730708738,4,2,1.54182124671255,2.44444444444444,21.9666666666666,5.23333333333333,33.9166666666666,15.75,2,2,0,1.125,4.14285714285714,2.0,1
Barbara Liskov,219,32300,49,659.183673469387,1.34080531340805,86,179,20,27,29474,200.0,116,132,60.4489281144891,9048,142,148.54,147.183558864432,53,86,37.9040999283348,7.6157731058639,68.6191950464396,22.8978328173374,-26.922600619195,-1.19242491822777,155,0.39269406392694,258.857515608983,1.75510204081632,30.7243066884176,179.722007556114,118.388414410645,1.62264150943396,48.0666666666666,58,136,219,30.4362139917695,48.0666666666666,57.8765624406367,57.8994117647058,219.0,342.720930232558,171.679934762336,147.488584474885,131.14877048604,22078,124.072559415851,51.1616497319249,121,84,1371.31158170017,2.79908675799086,15097.5333333333,104.5,1591.15421791154,14384.1515151515,57,41,19,30.4362139917695,87.0115606936416,29.0,1
Bell Gordon,109,18508,57,324.701754385964,3.08723936613844,73,109,16,22,16401,139.5,101,109,52.7568391063558,5664,109,69.71,109.713262644039,109,73,31.8108741678869,7.6811457478686,60.217203371515,28.7929543980981,-3.20401988329371,-1.26784729878721,109,0.669724770642201,217.46080798326,1.28070175438596,19.5985221674876,136.044110493618,75.2083771929696,1.08955223880597,36.4833333333333,43,75,109,19.100358422939,36.4833333333333,42.8699498672957,42.9046898638426,109.0,224.671232876712,128.066389033188,169.798165137614,100.913329149324,11072,89.2020179143947,37.3406770810941,70,66,923.907639279399,3.72477064220183,5686.71666666666,36.7333333333333,1375.24826572127,7415.19266055045,42,31,15,19.100358422939,74.0068027210884,37.0,1
Bernhard Schommer,6,318,37,8.59459459459459,15.1428571428571,5,6,4,3,318,70.0,6,6,5.18095238095238,210,5,1.98,16.3707055437449,5,5,6.14368593602297,1.73205080756887,92.1383647798742,7.86163522012578,0.0,0.0,5,0.833333333333333,7.16216216216216,0.135135135135135,1.2,17.832554500127,16.4924225024706,0.116279069767441,1.06666666666666,5,7,6,1.04166666666666,1.06666666666666,4.94788273615635,4.94968553459119,6.0,63.6,17.832554500127,53.0,18.7082869338697,293,5.47722557505166,2.28217732293819,6,4,34.1507512095747,4.16666666666666,65.8666666666666,2.06666666666666,0.166666666666666,244.166666666666,4,5,4,1.04166666666666,7.0,1.0,1
Bertino Elisa,320,13991,39,358.743589743589,0.272410436137071,53,114,13,18,10930,116.0,77,87,48.1192845225918,3636,134,73.43,90.5593727893474,10,55,26.3212311528581,3.46410161513775,58.0444571510256,20.0771924808805,-79.2652419412479,-1.72570058066144,154,0.165625,59.416907051282,1.35897435897435,17.4845360824742,118.283557606287,53.0689017536007,1.23255813953488,32.2833333333333,35,68,320,17.3395061728395,32.2833333333333,34.8788005871251,34.91737545565,320.0,206.226415094339,104.546640309481,43.721875,78.4091831356506,8121,77.7303029712351,30.3149109706839,64,41,541.517344048045,3.03125,5016.71666666666,130.499999999999,156.118946014374,4947.27586206896,34,22,11,17.3395061728395,54.018691588785,18.6666666666666,1
Bertrand Meyer,139,30763,45,683.622222222222,3.16166495375128,56,139,16,21,29113,170.0,78,93,43.1195300574301,11678,110,220.59,147.332956258944,41,56,30.7482992169988,1.0,84.4423495757891,10.1940642980203,-9.73897214185872,-1.11291201802522,118,0.402877697841726,275.416147082334,1.24444444444444,24.4779874213836,175.393842537302,102.297808709017,0.888888888888888,37.0166666666666,43,140,139,20.9066666666666,37.0166666666666,42.937114541371,42.9426583883236,139.0,519.875,170.625320512519,221.316546762589,97.5704873412037,25977,88.2269800004511,34.2165651890036,139,53,1144.70708409348,2.28776978417266,24617.6833333333,89.9166666666666,3904.96280357532,15642.064516129,42,27,13,20.9066666666666,57.0442477876106,10.0,1
Beth Keser,45,366,20,18.3,0.353623188405797,11,17,4,3,256,21.0,15,16,12.1005123821259,154,26,1.86,13.6381816969858,1,14,7.18373334428431,3.74165738677394,36.8852459016393,33.0601092896174,-72.1311475409836,-2.04458598726114,14,0.244444444444444,4.47333333333333,0.55,3.17307692307692,19.1311264697089,14.3874945699381,0.478260869565217,5.98333333333333,6,11,45,2.81395348837209,5.98333333333333,5.84848484848484,5.93169398907103,45.0,23.2727272727272,16.0,8.13333333333333,15.1986841535706,135,13.6747943311773,5.5635859274476,8,5,39.2120387214377,3.46666666666666,109.816666666666,17.3833333333333,18.9284848484848,92.8125,5,6,2,2.81395348837209,12.0434782608695,6.5,1
Bhargava Bharat,222,4166,119,35.0084033613445,0.168302831979962,31,60,10,10,3028,71.0,42,48,29.4412425790451,1134,81,23.06,47.2440472440708,3,31,16.9182013400373,4.24264068711928,50.3600576092174,23.0676908305328,-115.53048487758,-1.98990918264379,72,0.139639639639639,4.8885608297373,0.260504201680672,12.6974169741697,64.5445582524197,35.3609954611009,0.252032520325203,21.9499999999999,24,45,222,13.7285714285714,21.9499999999999,23.8108687879871,23.8730196831493,222.0,97.6774193548387,55.0272659687904,18.7657657657657,46.9148164229596,2067,43.1277173056956,20.6297288951094,41,29,129.787302239317,2.44144144144144,2118.41666666666,109.433333333333,51.8558965469534,1334.9375,23,11,5,13.7285714285714,32.015873015873,16.0,1
Bikash Kanungo,16,105,10,10.5,0.772058823529411,4,10,3,1,95,18.0,6,7,5.45197025197025,51,8,0.95,8.24621125123532,3,5,4.31790252661251,1.73205080756887,75.2380952380952,15.2380952380952,-36.1904761904761,-1.0,4,0.25,2.625,0.4,1.39130434782608,10.2469507659595,8.97217922246318,0.363636363636363,2.16666666666666,4,8,16,1.23076923076923,2.16666666666666,3.89411764705882,3.91428571428571,16.0,23.75,9.74679434480896,6.5625,8.48528137423857,79,6.32455532033675,2.21880078490091,6,3,46.4666666666666,2.875,41.15,6.98333333333333,62.34375,45.1428571428571,3,4,4,1.23076923076923,5.66666666666666,1.57142857142857,1
Bing Dang,232,4536,24,189.0,0.167825958265502,33,63,10,10,3331,64.5,44,50,30.6719239564046,1166,80,25.32,48.2700735445886,3,33,17.5587831806515,3.3166247903554,50.1543209876543,24.0079365079365,-118.893298059964,-1.93612235717498,76,0.142241379310344,26.8836206896551,1.375,7.90092879256965,67.3498329619309,35.4506699513563,1.17857142857142,15.0277777777777,16,30,232,7.5103448275862,15.0277777777777,15.9111374407582,15.9503968253968,232.0,100.939393939393,57.7148161220323,19.551724137931,46.135669497689,2242,45.5960524607119,15.7429787305434,26,14,416.459771927419,4.17672413793103,1100.73611111111,62.5623015873017,56.1194539249146,1479.72,15,18,10,7.5103448275862,34.0298507462686,11.3333333333333,1
Bingwei Chen,104,1708,38,44.9473684210526,0.312820512820512,23,40,7,6,1439,57.0,30,33,19.2173408997804,760,42,8.95,32.4807635378234,3,23,13.296155478209,4.35889894354067,53.2786885245901,30.9718969555035,-93.1498829039812,-1.34789915966386,31,0.221153846153846,9.94028340080971,0.605263157894736,5.56279069767441,41.3279566395436,20.1080415091408,0.511111111111111,7.38492063492063,11,17,104,3.77857142857142,7.38492063492063,10.8882681564245,10.9414519906323,104.0,62.5652173913043,37.9341534767813,16.4230769230769,36.2077339804633,910,30.3315017762062,9.32240005884444,13,10,188.81546984089,4.13461538461538,337.973015873015,33.5539682539682,87.8543036888761,634.242424242424,10,17,7,3.77857142857142,24.2127659574468,2.81818181818181,1
Bjarne Stroustrup,372,21380,238,89.8319327731092,0.308166854045951,39,144,11,12,19039,84.0,54,64,38.5101004031215,12922,109,180.26,124.294006291534,4,39,22.865712724924,1.0,82.1188026192703,7.11412535079513,-49.9719363891487,-1.24943499464731,115,0.104838709677419,9.41786391976145,0.163865546218487,22.4234930448222,146.219013811474,128.54182198802,0.161157024793388,33.45,34,140,372,22.3676470588235,33.45,33.942188246536,33.9490645463049,372.0,488.179487179487,137.98188286873,57.4731182795698,57.2363520850167,17518,74.9399759807807,29.5353726113979,137,39,795.78994014965,1.73924731182795,19422.5166666666,282.533333333333,476.312836897321,10675.03125,33,19,10,22.3676470588235,40.0126582278481,20.0,1
Bloch Erich,83,396,72,5.5,0.113597246127366,10,16,4,2,209,16.0,13,14,12.791882820945,140,31,1.97,12.3288280059379,0,11,6.66498579398619,4.47213595499958,27.5252525252525,25.2525252525252,-137.121212121212,-9.78125,11,0.120481927710843,0.662650602409638,0.138888888888888,6.58730158730158,19.8997487421324,12.0519707931939,0.0980392156862745,8.83333333333333,10,19,83,7.14285714285714,8.83333333333333,9.58883248730964,9.79545454545454,83.0,20.9,14.4568322948009,4.77108433734939,12.6491106406735,109,12.6491106406735,8.45154254728516,14,10,9.53369976157914,1.51807228915662,341.75,67.9,5.33238837703756,77.8571428571428,9,2,1,7.14285714285714,11.095238095238,4.33333333333333,1
Bowyer Kevin,487,64295,207,310.603864734299,0.541076177331942,82,252,19,27,58576,176.0,113,133,67.5266988544771,29343,190,495.35,213.429145151265,17,83,38.8529941080858,1.0,80.7745547865308,10.4580449490629,-42.8851388132825,-1.20158936406606,243,0.168377823408624,52.298802686268,0.396135265700483,27.3146374829001,253.564587432867,120.894656032195,0.388625592417061,43.25,50,132,487,25.2781954887218,43.25,49.9565421998588,49.9626565051714,487.0,714.341463414634,242.024792118493,132.022587268993,120.133259341449,51852,143.749782608531,45.5281454715123,130,78,4280.02518864387,3.00205338809034,18106.8833333333,206.949999999999,1373.81247543456,31968.902255639,49,39,20,25.2781954887218,83.0,83.0,1
Bradley N Miller,17,2377,18,132.055555555555,15.5359477124183,10,17,6,6,2359,154.5,12,17,9.00150661056579,1150,13,19.41,46.5939910288869,11,11,11.4094079699857,2.23606797749979,95.0357593605384,4.20698359276398,-2.18763146823727,-1.00382815823054,11,0.588235294117647,77.6797385620915,0.555555555555555,3.14814814814814,48.7544869729956,37.2021504754765,0.285714285714285,3.76666666666666,9,18,17,2.77777777777777,3.76666666666666,8.97252039501932,8.97307530500631,17.0,235.9,48.5695377783235,139.823529411764,39.306488014067,2259,13.0384048104052,5.27046276694729,17,8,108.181333998147,3.17647058823529,674.616666666666,6.26666666666666,18324.6503267973,1328.82352941176,8,7,5,2.77777777777777,11.047619047619,6.0,1
Brannon Batson,17,1480,20,74.0,9.67320261437908,13,17,5,5,1450,30.5,17,17,10.4733874955201,732,15,12.32,34.0587727318528,15,13,10.4442012951387,1.41421356237309,87.4324324324324,11.4189189189189,-2.29729729729729,-1.0034293552812,14,0.764705882352941,56.5882352941176,0.65,3.453125,38.4707681233426,29.5522136790686,0.541666666666666,4.33333333333333,8,18,17,3.38,4.33333333333333,7.96354166666666,7.96689189189189,17.0,111.538461538461,38.0788655293195,87.0588235294117,19.9123077517398,1281,14.8660687473185,6.62872536767061,17,7,89.4796652393014,3.76470588235294,366.3,5.5,7492.17993079584,979.588235294117,7,6,3,3.38,14.037037037037,7.0,1
Brian Behlendorf,11,315,5,63.0,4.77272727272727,4,11,3,2,299,56.5,6,8,5.74587613968418,180,11,2.86,16.2172747402268,6,5,5.57145961281671,1.41421356237309,89.8412698412698,5.07936507936507,-3.8095238095238,-1.05923344947735,4,0.363636363636363,22.9090909090909,0.8,2.31578947368421,17.7482393492988,12.2270192606374,0.133333333333333,4.0,5,12,11,2.66666666666666,4.0,4.94648829431438,4.94920634920634,11.0,74.75,17.2916164657905,28.6363636363636,15.0332963783729,283,6.6332495807108,3.2659863237109,11,4,12.0671428571428,1.72727272727272,254.9,8.2,535.142045454545,141.5,4,3,2,2.66666666666666,6.0,1.4,1
Brian E. Granger,37,7219,19,379.947368421052,10.2688477951635,16,37,8,8,7150,83.0,21,26,12.9438615504831,4320,22,67.36,78.108898340714,14,16,15.5114756719913,1.73205080756887,95.7196287574456,3.54619753428452,-3.8786535531237,-1.00785854616895,18,0.432432432432432,164.301564722617,0.842105263157894,4.48484848484848,84.9646985518103,83.6540495134575,0.615384615384615,6.16666666666666,13,38,37,4.92307692307692,6.16666666666666,12.9796466431095,12.9800526388696,37.0,446.875,84.5576726264388,195.108108108108,36.4417343165772,6894,24.3310501211928,8.87520313960366,37,13,804.310053212742,3.56756756756756,1848.35,12.6499999999999,26380.0887302396,4242.46153846153,12,10,6,4.92307692307692,17.090909090909,4.25,1
Brian Towles,38,8797,20,439.85,11.8717948717948,18,38,10,10,8712,119.0,24,33,14.5329397616404,4761,29,76.01,83.1324244804637,18,18,17.2377597061387,1.0,95.3506877344549,3.68307377515061,-3.06922814595884,-1.01377314814814,20,0.473684210526315,208.35,0.9,5.06666666666666,93.7923237797209,66.29994972346,0.75,7.58333333333333,15,39,38,4.62857142857142,7.58333333333333,14.9770087976539,14.9777196771626,38.0,484.0,93.3380951166242,231.5,46.2817458616245,8388,26.153393661244,9.12766595106797,38,14,431.11354229855,3.55263157894736,3355.9,13.5999999999999,23727.3882352941,4575.27272727272,14,12,7,4.62857142857142,19.7027027027027,1.48148148148148,1
Brinch Hansen Per,89,5222,70,74.6,1.30387016229712,24,72,9,9,4634,65.0,35,43,23.5587805869939,2204,60,39.4,59.9249530663145,10,26,16.6095645893258,2.0,77.7096897740329,11.0302566066641,-18.6135580237456,-1.26117936117936,53,0.269662921348314,20.1168539325842,0.342857142857142,21.5757575757575,72.2634070605586,57.9741321625429,0.324324324324324,24.0,25,80,89,24.0,24.0,24.8757013379369,24.8896974339333,89.0,193.083333333333,68.07348970047,58.6741573033707,39.4968353162629,4058,41.569219381653,24.0,71,24,122.370391348731,1.11235955056179,5190.0,84.0,462.408239700374,2264.93023255813,24,10,5,24.0,25.0204081632653,13.0,1
Bronis R. De Supinski,53,1723,24,71.7916666666666,1.20405310971348,20,41,7,6,1568,47.0,25,29,16.2831135413708,726,34,11.44,32.969683043669,11,21,12.6923745693075,1.73205080756887,68.9495066744051,23.2153221125943,-30.47011027278,-1.13374066530889,24,0.377358490566037,27.0911949685534,0.833333333333333,5.46391752577319,41.5090351610345,20.368685115474,0.714285714285714,7.51666666666666,12,24,53,5.19480519480519,7.51666666666666,11.910104011887,11.9297736506094,53.0,78.4,39.5979797464466,32.5094339622641,30.6594194335117,1168,28.6356421265527,10.1929438287525,22,13,84.5585936832046,3.66037735849056,531.683333333333,18.5999999999999,382.407267645003,805.51724137931,11,9,5,5.19480519480519,21.0,21.0,1
Bruce Croft W.,229,43715,39,1120.89743589743,1.65995823049174,106,208,22,33,37601,228.0,145,163,79.0952250114916,12544,211,160.45,165.656270632898,95,106,42.8418521302414,7.48331477354788,60.5535857257234,25.7028479926798,-16.0791490335125,-1.36731228776254,229,0.462882096069869,518.843354607546,2.71794871794871,42.5113835376532,209.081323890968,98.9296428904109,2.16326530612244,63.85,72,136,229,42.722433460076,63.85,71.8486413451433,71.8846848907697,229.0,354.726415094339,193.909772832624,190.89519650655,155.46060594247,26365,148.485689546164,67.2947096491846,134,91,2080.81404590365,2.49344978165938,19513.8333333333,104.199999999999,1198.08341788823,17145.3374233128,71,49,21,42.722433460076,107.00469483568,53.5,1
Bruce Nelson,389,14310,84,170.357142857142,0.188649396875617,48,117,14,18,11984,141.0,70,81,42.9640743033754,3477,117,92.13,94.0531764482199,6,48,25.565781468528,4.35889894354067,67.64500349406,16.1006289308176,-98.1201956673654,-1.4344152498712,129,0.123393316195372,21.0209327947117,0.571428571428571,24.030888030888,119.624412224261,63.3105897084426,0.421052631578947,31.8999999999999,35,81,389,16.1118881118881,31.8999999999999,34.8957525475696,34.919217330538,389.0,249.666666666666,109.471457467232,36.7866323907455,82.2678552048125,9680,74.9399759807807,27.8095420561114,71,35,411.363836244018,1.99742930591259,6007.44999999999,267.783333333333,189.53181537863,5736.29629629629,34,18,9,16.1118881118881,49.0309278350515,12.75,1
Bruno Barras,44,899,24,37.4583333333333,0.908080808080808,14,29,6,5,772,36.0,18,22,13.2540715441061,475,26,6.25,25.0,6,15,9.79486764720491,2.23606797749979,65.6284760845383,21.8020022246941,-34.1490545050055,-1.24454148471615,16,0.318181818181818,11.9185606060606,0.583333333333333,4.63157894736842,29.9833287011299,26.2170428029809,0.5,10.1166666666666,11,25,44,5.44444444444444,10.1166666666666,10.8614958448753,10.8887652947719,44.0,55.1428571428571,27.7848879788996,20.4318181818181,22.4499443206436,576,20.1494416796098,8.73053390247253,23,11,50.6552307790274,3.02272727272727,581.916666666666,23.4333333333333,142.118664521319,366.545454545454,10,7,3,5.44444444444444,15.0,15.0,1
Buchholz Werner,99,1014,269,3.76951672862453,0.204848484848484,14,30,6,5,829,34.0,20,23,14.4517605373681,408,32,7.2,24.9198715887542,4,14,9.98517806018491,2.0,62.4260355029585,19.3293885601577,-99.0138067061144,-1.39269406392694,19,0.141414141414141,0.533062971724681,0.0520446096654275,8.10526315789473,31.8433666561813,24.9933324442073,0.0462046204620462,10.8333333333333,12,28,99,6.75862068965517,10.8333333333333,11.8426527958387,11.8806706114398,99.0,59.2142857142857,28.7923600977759,10.2424242424242,21.8174242292714,633,20.4939015319191,9.72731667291511,26,14,21.2144263117216,1.72727272727272,759.883333333333,77.0,45.8971334971334,385.304347826086,11,4,2,6.75862068965517,15.0689655172413,5.33333333333333,1
Burstall Rod,79,8234,54,152.481481481481,2.60569620253164,33,79,12,15,7855,102.0,45,54,25.2127871230936,3078,53,52.77,77.4015503720694,27,34,21.0200411999583,2.44948974278317,82.171484090357,13.2256497449599,-13.8328880252611,-1.08603009721667,47,0.417721518987341,63.6947960618846,0.611111111111111,16.9285714285714,90.7413907762053,58.1549653941948,0.568965517241379,22.5333333333333,29,72,79,16.0147058823529,22.5333333333333,28.897823537078,28.9047850376487,79.0,238.030303030303,88.6284378740819,104.227848101265,58.0172388174411,6766,51.0587896448789,22.9888080186347,65,31,244.309444269059,1.94936708860759,4358.33333333333,48.1166666666666,2160.18402858955,4134.77777777777,28,14,9,16.0147058823529,34.0149253731343,17.5,1
Butler W. Lampson,100,10580,29,364.827586206896,2.09504950495049,35,100,13,16,10137,152.0,48,59,26.5982941371352,3663,57,70.62,87.5042856093345,27,35,22.713602069656,3.3166247903554,84.234404536862,11.578449905482,-17.3062381852552,-1.07730263157894,52,0.35,127.689655172413,1.20689655172413,17.3267326732673,102.85912696499,84.6896294320227,0.59322033898305,23.3499999999999,30,95,100,14.5833333333333,23.3499999999999,29.9146972309564,29.9205103969754,100.0,289.628571428571,100.682669809654,105.8,72.9383301152418,8912,59.1607978309961,22.5924028528766,83,35,243.30048340488,2.02,6903.23333333333,66.7666666666666,2420.98103837471,5286.77966101695,29,17,8,14.5833333333333,36.0845070422535,5.85714285714285,1
Byounghak Lee,33,393,8,49.125,0.700534759358288,10,19,5,3,378,30.5,12,14,8.85798694182873,189,12,2.65,16.2788205960997,5,10,7.71048675267369,3.0,70.737913486005,25.4452926208651,-53.6895674300254,-0.975609756097561,10,0.303030303030303,14.8863636363636,1.25,3.33333333333333,19.824227601599,15.0332963783729,0.416666666666666,4.03333333333333,8,13,33,2.94117647058823,4.03333333333333,7.84542586750788,7.87531806615776,33.0,37.8,19.4422220952235,11.9090909090909,17.4642491965729,278,13.7840487520902,5.4232614454664,10,7,21.4332212622931,3.0,124.066666666666,12.7,300.10909090909,198.571428571428,7,6,2,2.94117647058823,11.5238095238095,1.5,1
C. Engelbart Douglas,79,3050,171,17.8362573099415,0.965189873417721,18,54,8,8,2748,39.0,26,32,17.4068539761449,1095,40,24.68,48.6209831245728,8,18,13.6732260089476,2.23606797749979,80.0655737704918,10.6229508196721,-26.655737704918,-1.18887555022008,27,0.227848101265822,4.06395736175882,0.105263157894736,12.6964285714285,55.2268050859362,48.3011387029332,0.0913705583756345,15.8333333333333,16,57,79,12.96,15.8333333333333,15.9166048925129,15.9262295081967,79.0,152.666666666666,52.4213696883246,38.6075949367088,26.4952825989835,2424,31.1769145362397,15.2735064736294,48,16,67.1308184967705,1.41772151898734,2353.43333333333,67.0333333333333,376.016223925833,1363.5,15,8,5,12.96,19.027027027027,9.5,1
C. Moisil Grigore,61,515,67,7.6865671641791,0.272342675832892,9,21,5,3,381,26.0,12,15,11.1507679666351,232,27,3.71,16.5227116418583,2,9,7.32679080799065,1.41421356237309,60.0,15.7281553398058,-66.4077669902912,-1.66300366300366,8,0.147540983606557,1.13408367996085,0.134328358208955,6.94936708860759,22.6936114358204,17.4928556845359,0.0947368421052631,7.7,9,25,61,5.78571428571428,7.7,8.83202099737532,8.8757281553398,61.0,42.3333333333333,19.5192212959431,8.44262295081967,15.2970585407783,300,13.7477270848675,7.21605353163545,19,9,8.89926485567201,1.29508196721311,425.566666666666,55.8666666666666,26.3409836065573,180.0,8,2,2,5.78571428571428,10.0526315789473,5.0,1
Camenisch Jan,279,24230,140,173.071428571428,0.620327700972862,66,154,18,25,21712,197.0,94,110,51.0463977293906,7098,128,128.99,126.372465355392,26,66,32.9656223305953,6.48074069840786,71.6302104828724,17.9777135782088,-47.6104003301692,-1.24382010801828,141,0.236559139784946,40.9416282642089,0.471428571428571,22.6216216216216,155.659885648165,78.5835997066636,0.458333333333333,34.3333333333333,47,103,279,22.806282722513,34.3333333333333,46.8925233644859,46.9126702434998,279.0,328.969696969697,147.34992365115,86.8458781362007,114.026312752802,17356,100.816665289028,38.7970960212986,98,57,1270.85374163297,2.91756272401433,10084.0666666666,120.499999999999,748.847381291973,10413.6,46,39,17,22.806282722513,67.0526315789473,8.75,1
Carol Willing,6,3029,0,3029.0,144.238095238095,5,6,5,4,3026,166.0,6,6,5.45367965367965,2023,6,27.56,52.4976189936267,6,5,9.96208309054295,1.0,99.0756025090789,0.825354902608121,0.0,0.0,5,0.833333333333333,2524.16666666666,5.0,1.0,55.036351623268,24.6008129946959,0.625,1.2,6,7,6,1.0,1.2,5.99173826834104,5.99174645097391,6.0,605.2,55.0090901579002,504.833333333333,28.8097205817758,3001,5.47722557505166,2.23606797749979,6,5,378.625,5.0,605.8,1.2,509208.555555555,2500.83333333333,5,5,4,1.0,9.27272727272727,1.08108108108108,1
Catmull Edwin,21,4275,288,14.84375,18.5064935064935,11,21,9,8,4262,198.0,13,20,9.2549042562215,2088,13,34.34,55.9016994374947,11,11,13.6409419661262,1.41421356237309,96.8654970760233,2.83040935672514,-2.10526315789473,-1.00023512814483,11,0.523809523809523,7.77529761904762,0.0381944444444444,6.24324324324324,65.3834841531101,51.5412456194066,0.0350318471337579,8.66666666666666,12,22,21,7.11764705882352,8.66666666666666,11.9716095729704,11.9716959064327,21.0,387.454545454545,65.2839949757978,203.571428571428,46.6690475583121,4141,15.1986841535706,8.84839633193828,21,11,94.5386199480007,1.76190476190476,3233.9,16.4,66740.1098901099,2277.55,11,8,4,7.11764705882353,12.8260869565217,1.2,1
Chandrasekhar Nair,79,737,16,46.0625,0.233227848101265,16,23,5,4,445,22.0,21,22,16.8270179079006,304,40,3.07,18.138357147217,0,19,9.14318160201479,4.35889894354067,27.8154681139755,34.7354138398914,-99.3215739484396,-3.27363184079602,26,0.20253164556962,9.32911392405063,1.0,4.35862068965517,27.1477439209964,16.583123951777,0.842105263157894,8.91666666666666,9,11,79,3.93846153846153,8.91666666666666,8.7915309446254,8.91316146540027,79.0,27.8125,21.0950231097289,9.32911392405063,18.7616630392937,189,19.1833260932508,7.93822301370934,9,6,119.818979601409,3.67088607594936,212.616666666666,24.2166666666666,15.582324344157,137.454545454545,8,11,5,3.93846153846153,17.0,17.0,1
Chao Yang,249,58553,30,1951.76666666666,1.88122088353413,144,240,20,35,46207,225.5,193,208,110.06081305042,23638,249,146.44,181.449717552825,249,147,49.2794712295433,14.933184523068,43.500759995218,35.4140693047324,-4.73758816798456,-1.71457138656079,249,0.578313253012048,1128.73253012048,4.8,28.4120443740095,241.977271659963,86.2296297434423,3.78947368421052,53.9119047619048,59,93,249,28.2892223738062,53.9119047619048,58.8887271765017,58.9425477772274,249.0,320.881944444444,214.958135458977,235.152610441767,180.199889012174,25471,185.903200617956,63.8251362852293,87,94,4973.55444781464,5.06827309236947,12479.9678571428,53.9119047619048,880.098547763059,17633.7692307692,58,72,31,28.2892223738062,145.003460207612,73.0,1
Charles P. Thacker,46,3977,34,116.970588235294,3.67900092506938,26,46,9,9,3776,75.0,35,40,20.1542169202364,1440,40,23.88,52.3163454381133,34,26,16.6225980480365,2.44948974278317,77.948202162434,16.9977369876791,-7.97083228564244,-1.09224784662406,36,0.565217391304347,66.1138107416879,0.764705882352941,11.1775700934579,63.0634601017102,51.781592611017,0.530612244897959,17.7166666666666,22,43,46,9.79710144927536,17.7166666666666,21.8777716186252,21.8891123962786,46.0,145.230769230769,61.4491659829488,86.4565217391304,44.1588043316392,3100,34.5832329315811,15.9600951651661,39,26,144.964159886392,2.32608695652173,1582.48333333333,27.4666666666666,1624.17823923858,2015.0,21,11,6,9.79710144927536,27.0566037735849,7.0,1
Chen Hsinchun,99,20815,18,1156.38888888888,4.2050505050505,83,99,16,24,19638,170.5,99,99,52.3487814297297,7920,99,67.54,119.318900430736,99,83,34.6371531371955,7.74596669241483,61.6478501080951,33.0963247657939,-1.11458083113139,-1.10733376095787,99,0.838383838383838,969.497755331088,4.61111111111111,23.8173913043478,144.274044789768,56.612384727744,2.30555555555555,34.8428571428571,50,83,99,24.1719298245614,34.8428571428571,49.8486891857827,49.8846504924333,99.0,236.602409638554,140.135648569519,210.252525252525,118.960077336894,12749,90.6476695784287,44.7914073839904,82,63,983.689876364704,3.48484848484848,7195.06904761904,34.8428571428571,3790.11887614721,10688.5555555555,49,34,14,24.1719298245614,84.0119760479042,28.0,1
Chen Wen-Tsuen,93,772,47,16.4255319148936,0.176618622740791,14,25,5,3,571,25.5,18,20,14.3951026634343,260,39,4.72,19.2093727122985,2,14,9.14763637783958,3.60555127546398,48.5751295336787,25.3886010362694,-116.709844559585,-1.78684210526315,16,0.150537634408602,2.47266071837108,0.297872340425531,5.208,27.7848879788996,16.7928556237466,0.274509803921568,7.91666666666666,10,21,93,5.29729729729729,7.91666666666666,9.82838983050847,9.89507772020725,93.0,40.7857142857142,23.895606290697,8.3010752688172,18.8944436276911,375,18.7082869338697,8.61174559320943,14,9,24.5117253478972,2.68817204301075,289.066666666666,39.9666666666666,23.5816615845503,262.5,9,4,2,5.29729729729729,15.1724137931034,2.66666666666666,1
Chenggang Zhou,97,1341,27,49.6666666666666,0.282137597306964,20,36,7,6,1141,46.0,27,30,17.4567620388388,504,38,8.03,29.1719042916296,3,21,11.9591887216719,3.46410161513775,55.2572706935123,29.8284862043251,-99.9254287844891,-1.29448491155046,29,0.206185567010309,10.2405498281786,0.74074074074074,5.37396121883656,36.6196668472011,17.616280348965,0.64516129032258,7.93571428571428,11,19,97,4.34782608695652,7.93571428571428,10.882491186839,10.9254287844891,97.0,57.05,33.778691508109,13.8247422680412,30.3315017762062,741,26.8328157299974,9.32504808240313,15,9,78.819432238952,3.72164948453608,325.792857142857,31.897619047619,78.8701546391752,494.0,10,10,4,4.34782608695652,21.0243902439024,11.0,1
Chetan Murthy,30,1483,23,64.4782608695652,3.18924731182795,15,30,7,6,1394,61.0,21,26,13.3537113345387,768,26,8.74,31.6543835826888,16,16,11.650030334392,2.44948974278317,78.8267026298044,15.1719487525286,-9.17060013486176,-1.10075757575757,18,0.5,32.2391304347826,0.652173913043478,4.41176470588235,38.5097390279394,32.8252951243397,0.441176470588235,8.31666666666666,13,27,30,4.59183673469387,8.31666666666666,12.8901601830663,12.9028995279838,30.0,92.9333333333333,37.3363094051889,49.4333333333333,30.2489669245083,1169,21.2132034355964,8.29925002758732,27,13,63.7793906927812,3.4,732.716666666666,14.1833333333333,774.270411985018,674.423076923076,12,8,5,4.59183673469387,16.0322580645161,8.5,1
Chillarege Ram,52,2388,35,68.2285714285714,1.73294629898403,22,48,9,9,2199,64.0,29,34,17.787951628816,920,36,15.06,41.3763217311544,14,22,14.1332312099766,2.82842712474619,72.7386934673366,20.2680067001675,-20.6030150753768,-1.12578313253012,28,0.423076923076923,28.865934065934,0.628571428571428,8.8,48.8671668914824,32.5960120260132,0.564102564102564,12.45,17,39,52,9.49019607843137,12.45,16.87602905569,16.892797319933,52.0,99.9545454545454,46.8934963507734,45.9230769230769,37.5233260785874,1715,32.4961536185438,14.449370703442,35,22,79.7019036528865,2.5,1241.56666666666,29.1833333333333,610.749424228466,1109.70588235294,16,10,4,9.49019607843137,23.0222222222222,11.5,1
Christelle Piechurski,2,12,1,12.0,4.0,1,2,1,1,12,12.0,2,2,2.0,12,1,0.12,3.46410161513775,1,1,1.86120971820419,1.0,91.6666666666666,8.33333333333333,0.0,0.0,1,0.5,6.0,1.0,0.2,3.46410161513775,3.46410161513775,0.25,0.25,2,3,2,0.25,0.25,1.91666666666666,1.91666666666666,2.0,12.0,3.46410161513775,6.0,3.46410161513775,11,1.41421356237309,0.5,1,1,4.0,5.0,3.0,0.416666666666666,0.5,5.5,1,1,1,0.25,6.0,1.0,1
Christine Paulin-Mohring,94,3443,33,104.333333333333,0.77110862262038,24,58,10,10,3215,66.5,32,38,19.3281250155858,1280,40,24.16,50.4380808516739,11,24,15.761171440437,3.16227766016837,76.6482718559395,16.7295962823119,-42.0273017717107,-1.11410512308715,31,0.25531914893617,26.6382978723404,0.727272727272727,9.17073170731707,58.6770824087224,42.4175671155242,0.648648648648648,15.9166666666666,21,46,94,9.29032258064516,15.9166666666666,20.8711755233494,20.8838222480395,94.0,133.958333333333,56.7009700093393,36.627659574468,39.9499687108763,2639,37.3095162123552,14.9321044041181,45,23,145.898186596139,2.61702127659574,2071.06666666666,51.6666666666666,516.482129525942,1666.73684210526,20,12,6,9.29032258064516,25.1224489795918,3.71428571428571,1
Christoph W Ueberhuber,92,1719,120,14.325,0.401823281907433,19,40,8,8,1462,42.0,26,31,17.6688575265224,904,40,11.76,34.2928563989644,8,19,12.4521375928032,2.82842712474619,64.0488656195462,21.000581733566,-65.6777196044211,-1.33033524121013,27,0.206521739130434,2.95842391304347,0.158333333333333,6.59622641509433,41.4608248832557,27.1108834234519,0.153225806451612,9.01666666666666,11,27,92,5.55384615384615,9.01666666666666,10.9178981937602,10.9418266433973,92.0,76.9473684210526,38.2361085886103,18.6847826086956,28.248893783651,1101,27.5680975041804,10.2724425977017,22,11,68.5577506626208,2.88043478260869,590.383333333333,37.2333333333333,106.292420910167,674.806451612903,10,9,4,5.55384615384615,20.076923076923,5.5,1
Christos Papadimitriou,489,100760,46,2190.43478260869,0.841033345853679,134,312,26,44,85458,279.0,187,214,108.22219687382,21156,317,520.68,252.473761012902,44,134,53.181227019961,1.41421356237309,67.1258435887256,17.8205637157602,-32.1556173084557,-1.42115482737116,459,0.27402862985685,600.241842269049,2.91304347826086,41.9500640204865,317.427156998263,149.659752995475,2.79166666666666,80.7666666666667,86,223,489,48.268817204301,80.7666666666667,85.9064749132708,85.9282949583168,489.0,637.746268656716,292.332003037642,206.053169734151,193.354596531864,67502,204.470046706112,80.4240107516178,207,129,5696.12476829852,3.19427402862985,45735.4333333332,185.7,1162.7441260473,42267.6074766355,85,62,31,48.268817204301,135.007434944237,45.0,1
Chu Guo,412,7870,59,133.389830508474,0.0925033498671807,43,78,11,13,5096,94.0,59,66,42.3186258943213,2139,124,37.36,62.6737584639695,1,45,20.9236499701259,4.79583152331271,41.2579415501905,23.4942820838627,-166.365946632782,-3.15348837209302,140,0.104368932038834,13.9217541550106,0.728813559322033,10.4395992928697,88.7130204648675,44.4638697628278,0.693548387096774,21.4845238095237,21,35,412,8.56018518518518,21.4845238095237,20.8929336188436,20.9491740787801,412.0,118.511627906976,71.386273190299,19.1019417475728,63.5767253010093,3247,57.913728942281,19.1856186494718,30,20,1169.23905096152,4.11893203883495,1861.28571428571,127.980952380952,35.0913825326716,2115.46969696969,20,31,16,8.56018518518518,44.0114942528735,22.5,1
Chu Wesley,199,7449,54,137.944444444444,0.374321608040201,45,83,12,13,5960,87.0,61,68,37.6521676746188,2596,98,34.61,66.8056883805563,7,46,22.0793460425606,4.69041575982343,52.8258826688146,27.1848570277889,-73.0433615250369,-1.60540301151461,98,0.226130653266331,31.1934673366834,0.833333333333333,17.8031809145129,86.3075894692929,51.3358224504747,0.775862068965517,27.6499999999999,32,57,199,16.7355371900826,27.6499999999999,31.8142636258214,31.8709893945496,199.0,132.444444444444,77.2010362624751,37.4321608040201,62.5699608438426,3935,61.11464636239,27.4426524511337,54,43,267.852228503555,2.52763819095477,3520.68333333333,98.8166666666666,149.829199725963,2604.04411764705,31,17,7,16.7355371900826,46.010989010989,23.5,1
Chuan-Seng Tan,9,1528,17,89.8823529411764,33.9555555555555,9,9,8,8,1528,171.0,9,9,7.62093592681828,855,9,8.72,34.8711915483253,9,9,10.5653369983462,2.23606797749979,94.6989528795811,5.30104712041884,0.0,0.0,9,1.0,89.8823529411764,0.529411764705882,1.72340425531914,39.0896405713841,35.0784834335807,0.45,1.85238095238095,9,10,9,1.72340425531914,1.85238095238095,8.95698924731182,8.95811518324607,9.0,169.777777777777,39.0896405713841,169.777777777777,39.230090491866,1447,9.0,3.93835477044315,9,8,150.471802054155,5.22222222222222,360.283333333333,1.85238095238095,0.111111111111111,1447.0,8,9,8,1.72340425531914,7.89473684210526,-1.05128205128205,1
Cliff Skolnick,319,86016,41,2097.95121951219,1.68526645768025,146,290,24,40,68960,233.5,201,224,119.003720538951,23370,319,324.75,220.463148848055,173,147,52.9328937588058,15.6843871413581,55.3896949404761,24.7814360119047,-9.53543526785714,-1.64643611911623,319,0.457680250783699,960.190840278308,3.56097560975609,38.2380952380952,293.284844477173,113.513407043589,2.21212121212121,86.0880952380953,80,159,319,37.9288256227758,86.0880952380953,79.8896648044692,79.9274437313988,319.0,472.328767123287,262.602360994717,269.64263322884,184.637482651816,47644,205.766858361593,74.4151096278522,145,114,2655.07958411325,3.81818181818181,26508.2309523809,105.530952380952,1090.20614373011,31053.6785714285,79,43,20,37.9288256227758,147.003412969283,74.0,1
Cliff Young,43,2798,209,13.3875598086124,2.95771670190274,19,43,8,8,2720,67.0,24,30,14.8411094099653,1098,29,20.43,44.181444068749,18,19,14.0394870159933,1.73205080756887,84.3102215868477,12.9020729092208,-13.4381701215153,-1.03610379842045,20,0.441860465116279,5.91543340380549,0.0909090909090909,5.13836477987421,52.8961246217527,42.5852086997351,0.0892018779342723,6.86666666666666,14,31,43,5.55384615384615,6.86666666666666,13.9330162504954,13.9395997140814,43.0,143.157894736842,52.1536192416211,65.0697674418604,35.6791255498225,2359,28.5832118559129,10.2724425977017,28,13,148.83216423955,3.69767441860465,807.616666666666,14.1,2269.09958258795,1494.03333333333,13,10,5,5.55384615384615,20.1538461538461,3.42857142857142,1
Cocke John,79,16753,177,94.6497175141242,5.30158227848101,38,79,13,14,16294,108.5,51,61,28.1693198126872,8849,59,131.78,113.472463620034,35,39,23.6276117077644,1.0,88.6408404464872,8.6193517578941,-6.56001910105652,-1.05046305046305,56,0.481012658227848,45.5277122219838,0.214689265536723,13.7706422018348,129.433380547677,92.6880071350477,0.1871921182266,20.5833333333333,28,79,79,12.1344537815126,20.5833333333333,27.953676050073,27.9564854055989,79.0,428.78947368421,127.647953371763,212.06329113924,64.2105910267145,14850,54.7905101272109,21.473454396009,71,30,382.432396017423,2.75949367088607,5175.15,35.9833333333333,7528.01582967927,9250.81967213114,27,14,8,12.1344537815126,39.025974025974,13.6666666666666,1
"Conghui He,",16,233,12,19.4166666666666,1.71323529411764,7,15,4,3,216,32.0,9,11,7.36738234978105,128,12,1.7,13.0384048104052,7,7,6.13517809869919,2.0,71.6738197424892,21.0300429184549,-18.4549356223176,-1.06896551724137,7,0.4375,8.49479166666666,0.583333333333333,1.4,15.2643375224737,11.1205515450748,0.368421052631578,2.00238095238095,5,7,16,1.25641025641025,2.00238095238095,4.90588235294117,4.931330472103,16.0,30.8571428571428,14.696938456699,14.5625,14.9666295470957,167,10.2469507659595,2.96561491007713,5,4,28.5651404151404,5.0,41.4809523809523,3.42857142857142,185.029411764705,106.272727272727,4,5,4,1.25641025641025,8.53333333333333,1.44444444444444,1
Conway Lynn,88,2231,51,43.7450980392156,0.569713993871297,19,46,8,8,1962,75.0,27,33,17.6709771702889,870,40,14.8,38.4707681233426,8,19,13.4561684351389,2.23606797749979,71.7615419094576,16.1810847153742,-46.6606902734199,-1.25248392752776,26,0.21590909090909,9.44496434937611,0.372549019607843,8.94117647058823,47.2334627144781,39.8810732052185,0.345454545454545,13.0333333333333,18,62,88,8.59523809523809,13.0333333333333,17.8486118386589,17.8704616763783,88.0,103.263157894736,44.2944691807002,25.3522727272727,37.7491721763537,1601,29.5634909981889,12.7792614735564,35,19,84.4720116607659,2.125,1288.85,57.15,184.911372085163,921.787878787878,17,9,5,8.59523809523809,20.1025641025641,4.6,1
Costas Bekas,13,203,217,0.935483870967741,2.23076923076923,4,13,3,2,199,45.0,5,7,4.9043401043401,152,7,1.86,13.114877048604,4,4,5.08556442496327,1.41421356237309,90.1477832512315,7.88177339901477,-14.7783251231527,-0.964467005076142,4,0.307692307692307,0.287841191066997,0.0184331797235023,0.962962962962962,14.247806848775,12.0,0.0180995475113122,1.45,4,12,13,1.14285714285714,1.45,3.9516129032258,3.95566502463054,13.0,49.75,14.1067359796658,15.6153846153846,13.4164078649987,183,7.21110255092797,2.13808993529939,8,2,17.345238095238,4.15384615384615,76.9166666666666,4.0,776.865384615384,104.571428571428,3,4,2,1.14285714285714,6.22222222222222,1.16666666666666,1
Cousot Patrick,199,27229,48,567.270833333333,1.36829145728643,51,165,16,21,25765,187.0,74,89,40.2635733077817,9193,100,202.33,136.70405992508,31,51,29.8578370573632,1.0,85.0710639391825,9.5523155459253,-22.3401520437768,-1.11001601576937,101,0.256281407035175,145.380967336683,1.0625,23.2242562929061,165.01212076693,106.386480970719,0.98076923076923,33.4166666666666,42,119,199,19.5563909774436,33.4166666666666,41.9329236662543,41.9382643505086,199.0,505.196078431372,160.514796825713,136.829145728643,97.6575649911464,23164,91.7333091085239,31.5812593138656,116,50,933.726096087304,2.19597989949748,13603.8,127.85,2408.06211728039,13273.7528089887,41,28,14,19.5563909774436,52.1067961165048,5.16666666666666,1
Cousot Radhia,117,12596,44,286.272727272727,1.8247138925105,39,112,14,18,11839,180.0,55,68,30.9177280700978,4571,74,81.86,93.2898708327972,28,39,24.2036849092128,2.64575131106459,81.9148936170212,12.0752619879326,-18.1248015242934,-1.12231315765806,71,0.333333333333333,95.4242424242424,0.886363636363636,13.4601769911504,112.231902772785,77.496236467758,0.8125,20.55,28,99,117,13.1120689655172,20.55,27.9346715655524,27.9421244839631,117.0,303.564102564102,108.807168881466,107.658119658119,83.7854402626136,10318,66.0908465674332,22.6135067969382,72,28,520.223521172225,2.89743589743589,5261.83333333333,50.1666666666666,1683.70472738768,5917.67647058823,27,23,12,13.1120689655172,40.0379746835443,10.25,1
D. Gligor Virgil,142,6808,44,154.727272727272,0.670540726878755,39,82,13,15,5990,109.0,54,63,31.2902463092914,2464,75,33.88,65.9014415623816,16,39,21.3158038497089,3.74165738677394,65.6433607520564,22.3413631022326,-46.9447708578143,-1.27995391705069,71,0.274647887323943,42.4955185659411,0.886363636363636,15.4261838440111,82.5106053789451,62.657135800056,0.8125,23.2499999999999,29,75,142,14.4857142857142,23.2499999999999,28.8536767450541,28.8848413631022,142.0,153.589743589743,77.3950902835574,47.9436619718309,65.1996932508121,4469,56.5508620623947,23.7685266085817,52,31,337.982986551462,2.5281690140845,2976.55238095238,72.6857142857142,351.078893901305,2766.5238095238,28,17,9,14.4857142857142,40.1139240506329,4.6,1
D. Jones Neil,222,11276,58,194.413793103448,0.455540742536258,45,105,14,17,9803,116.0,65,75,38.1025627167083,3390,91,69.25,86.4407311398972,12,48,24.1351580143122,3.16227766016837,68.9783611209648,17.9584959205391,-57.5736076622915,-1.31988059701492,91,0.202702702702702,39.408201304753,0.775862068965517,22.8082191780821,106.188511619666,81.1706022317604,0.725806451612903,32.25,37,77,222,20.8762886597938,32.25,36.8609292842579,36.8850656261085,222.0,217.844444444444,99.0101004948485,50.7927927927927,72.2495674727537,7778,68.7386354243376,30.6501711200887,74,45,390.734261606975,1.97297297297297,5924.86666666666,139.016666666666,338.032415307364,4666.8,36,20,8,20.8762886597938,46.021978021978,16.0,1
D. Mills Harlan,460,4872,44,110.727272727272,0.0459492596434971,31,69,12,13,4509,101.0,42,50,24.1405540403016,2040,52,40.11,58.9830484122345,1,33,18.6742152833792,3.46410161513775,72.8243021346469,19.7249589490968,-265.51724137931,-1.05626047402441,46,0.067391304347826,7.46205533596838,0.704545454545454,27.4759152215799,69.7997134664606,52.6046575884683,0.418918918918918,24.4166666666666,29,59,460,17.7962962962962,24.4166666666666,28.8221012026321,28.8390804597701,460.0,145.451612903225,67.1490878567981,10.591304347826,55.9553393341511,3548,46.2493243193887,23.4879795892534,57,31,116.734560338595,1.12826086956521,3371.66666666666,439.75,131.55975565936,2199.75999999999,28,13,5,17.7962962962962,32.015873015873,16.5,1
DEBORAH ESTRIN,259,122295,33,3705.90909090909,3.63216513216513,132,259,31,51,114227,359.0,186,221,94.3243357089498,31780,241,604.41,295.308313462387,178,132,57.3236245541104,5.91607978309961,79.2632568788585,14.2475162516864,-7.21206917699006,-1.14537246473387,255,0.509652509652509,1888.72586872586,4.0,31.5096774193548,349.707020232651,137.626158573904,3.77142857142857,52.9761904761905,76,187,259,31.9706422018348,52.9761904761905,75.9453289013296,75.954004660861,259.0,865.35606060606,337.974851135406,472.181467181467,217.687849913586,96803,184.899972958353,64.9624874111375,183,94,6857.4943499766,4.18918918918918,34576.8666666666,68.102380952381,6804.20872043918,57818.9864253393,75,77,41,31.9706422018348,133.030188679245,14.7777777777777,1
Dahl Ole-Johan,19,3615,36,100.416666666666,19.0263157894736,12,19,7,7,3565,83.5,17,19,11.0788915552622,2166,19,30.51,55.2358579185659,19,13,12.8433231687479,1.41421356237309,94.6334716459197,3.98340248962655,-0.940525587828492,-1.01956336830167,15,0.631578947368421,63.4210526315789,0.333333333333333,6.51428571428571,60.1248700622296,57.5716944339837,0.206896551724137,9.16666666666666,12,20,19,6.0,9.16666666666666,11.9659058889828,11.9665283540802,19.0,297.083333333333,59.7076209541127,190.263157894736,31.6543835826888,3421,15.0996688705415,8.48528137423857,19,10,82.2524428171715,1.84210526315789,1882.33333333333,12.0,13565.7631578947,2160.63157894736,11,7,4,6.0,13.16,3.4,1
Daisuke Takahashi,339,12083,25,483.32,0.209665104980045,53,97,12,15,7640,107.0,75,83,51.960910600201,3255,160,45.03,74.8732261893395,8,55,24.6015040911755,5.91607978309961,39.9817926011752,23.2475378631134,-88.6783083671273,-3.61353846153846,214,0.156342182890855,75.5633038348082,2.12,14.7149877149877,109.922700112397,57.6885315003482,1.39473684210526,29.4,29,48,339,13.0046296296296,29.4,28.8627450980392,28.9351154514607,339.0,144.150943396226,87.4070935336486,35.6430678466076,75.3060422542573,4831,71.7007670809734,26.2534830140758,45,36,640.380720096083,3.60176991150442,3862.93333333333,121.716666666666,61.2903529930413,3084.85542168674,28,24,10,13.0046296296296,54.0093457943925,27.5,1
"Dajia Peng,",1,12,0,12.0,12.0,1,1,1,1,12,12.0,1,1,2.0,12,1,0.12,3.46410161513775,1,1,1.86120971820419,1.0,91.6666666666666,8.33333333333333,0.0,0.0,1,1.0,12.0,1.0,0.142857142857142,3.46410161513775,3.46410161513775,0.333333333333333,0.142857142857142,1,2,1,0.142857142857142,0.142857142857142,1.91666666666666,1.91666666666666,1.0,12.0,3.46410161513775,12.0,3.46410161513775,11,1.0,0.377964473009227,1,1,4.0,7.0,1.71428571428571,0.142857142857142,1.0,11.0,1,1,1,0.142857142857142,-2.0,-1.18181818181818,1
DamiaÃŒÂn Avila,11,3257,4,814.25,49.3484848484848,9,11,6,6,3247,82.0,11,11,8.132214122307,2023,11,29.22,52.4976189936267,11,9,11.3135941199629,1.0,97.2060178077985,2.48695118206938,-0.184218606079214,-1.00061652281134,9,0.818181818181818,666.204545454545,2.25,1.97999999999999,57.0701322935211,44.7224775700094,0.75,2.48333333333333,8,12,11,2.025,2.48333333333333,7.9846394984326,7.98495548050353,11.0,360.777777777777,56.9824534396335,296.090909090909,27.1661554144122,3166,9.9498743710662,4.26907484122731,11,7,341.688131313131,4.54545454545454,815.433333333333,2.48333333333333,96140.7181818181,2590.36363636363,7,9,6,2.025,10.8947368421052,1.38888888888888,1
Daniel Bobrow,235,24376,33,738.666666666666,0.879047962495492,54,155,18,22,22865,172.0,75,92,41.2674068814006,7878,100,169.24,132.947358003083,25,54,30.7049020491169,3.60555127546398,81.8386937971775,11.9625861503117,-33.8898916967509,-1.12776791553769,102,0.229787234042553,169.736170212765,1.63636363636363,22.3415492957746,156.12815249019,95.548853124113,0.857142857142857,32.7666666666666,45,109,235,19.972602739726,32.7666666666666,44.9123267819943,44.9205776173285,235.0,423.425925925925,151.211772028503,103.727659574468,96.374270425254,19949,91.4877040918614,32.840836590215,104,51,591.497391033091,2.41702127659574,11176.8333333333,136.0,1569.64456397763,11709.1956521739,44,22,12,19.972602739726,55.1467889908256,4.05882352941176,1
Daniel S. Bricklin,4,91,23,3.95652173913043,9.1,3,4,2,2,91,39.0,4,4,3.8,78,3,0.84,9.16515138991168,3,3,3.94955101776928,1.41421356237309,90.1098901098901,9.89010989010989,0.0,0.0,2,0.75,2.96739130434782,0.130434782608695,0.923076923076923,9.53939201416945,9.53939201416945,0.111111111111111,1.4,3,5,4,0.818181818181818,1.4,2.95238095238095,2.95604395604395,4.0,30.3333333333333,9.53939201416945,22.75,10.8166538263919,82,3.46410161513775,1.56669890360128,4,2,3.76938723620645,3.25,49.4,1.9,0.25,61.5,2,2,1,0.818181818181818,5.0,1.0,1
Daphne Koller,349,74988,90,833.2,1.22780188293082,43,273,23,29,73513,622.0,63,91,35.75743800116,26412,86,655.33,244.81217289996,29,44,37.2246681934325,2.44948974278317,95.5672907665226,2.46572784978929,-15.5798261055102,-1.03548785394209,83,0.123209169054441,102.65787965616,0.477777777777777,15.9309978768577,273.839368973856,215.028292712067,0.467391304347826,24.5428571428571,36,160,349,13.1134751773049,24.5428571428571,35.9832423633055,35.9836640529151,349.0,1709.60465116279,271.132808785657,214.865329512894,163.542043523981,71664,108.346665846254,23.746145637221,177,41,11546.1998691291,2.69914040114613,31489.8714285714,194.590476190476,10708.7423515127,33863.2087912087,35,36,24,13.1134751773049,44.0114942528735,22.5,1
Darema Frederica,49,1118,48,23.2916666666666,0.912653061224489,12,33,6,5,1012,40.0,17,21,12.1098663462834,675,25,9.38,29.5634909981889,5,13,9.86670526733812,2.23606797749979,78.7119856887298,12.8801431127012,-31.3059033989266,-1.1348195329087,16,0.244897959183673,5.70408163265306,0.25,6.91764705882353,33.4365069946009,25.9422435421456,0.23076923076923,10.0833333333333,12,36,49,7.57894736842105,10.0833333333333,11.8804347826086,11.8917710196779,49.0,84.3333333333333,31.8119474411737,22.8163265306122,21.9089023002066,868,19.8997487421324,9.53663297086831,28,11,47.7801282387444,1.73469387755102,796.5,38.4833333333333,248.552323056882,496.0,11,6,4,7.57894736842105,13.0,13.0,1
Dave Thomson,16,9,28,0.321428571428571,0.0661764705882353,2,2,1,0,3,3.0,2,2,3.35238095238095,8,4,0.09,1.73205080756887,0,4,1.77377122818642,2.0,11.1111111111111,44.4444444444444,-266.666666666666,2.33333333333333,0,0.125,0.0401785714285714,0.0714285714285714,0.695652173913043,3.0,1.58113883008418,0.048780487804878,1.5,3,2,16,1.33333333333333,1.5,2.2,2.55555555555555,8.98333333333333,1.5,1.73205080756887,0.5625,2.44948974278317,-1,2.0,1.63299316185545,2,1,0.296562112351586,2.875,8.0,9.34999999999999,0.703125,-1.0,2,0,0,1.33333333333333,3.0,3.0,1
David A Patterson,359,76157,63,1208.84126984126,1.17853605694831,96,274,19,31,68060,211.5,136,157,79.793984976366,18796,230,524.0,223.635864744454,28,97,43.359539729355,2.0,77.2666990558976,12.1013170161639,-22.5205824809275,-1.26205897534091,302,0.267409470752089,323.255604191537,1.52380952380952,29.6082474226804,275.965577563579,130.45046952771,1.43283582089552,49.2,57,165,359,26.1076487252124,49.2,56.9500581274982,56.9588219073755,359.0,708.958333333333,260.883115590104,212.136490250696,142.492105044455,58844,162.185079461706,50.0633027038807,142,66,5759.5556631569,3.24233983286908,22179.5666666666,145.5,1783.13073069808,35981.0445859872,56,48,22,26.1076487252124,97.0103626943005,33.0,1
David A. Nichols,189,5148,111,46.3783783783783,0.286716791979949,31,70,11,12,4421,104.0,44,52,27.1595889798853,1854,70,32.49,57.0,7,33,18.4920043738453,2.44948974278317,67.2105672105672,18.6674436674436,-81.021756021756,-1.33127516778523,64,0.164021164021164,7.6070356070356,0.279279279279279,11.7414829659318,71.7495644586083,55.356420886229,0.269565217391304,16.5333333333333,20,48,189,8.07563025210084,16.5333333333333,19.9064039408867,19.9298756798756,189.0,142.612903225806,66.4906008395171,27.2380952380952,56.7802782663135,3460,46.5832587954084,15.8222797919619,40,19,289.883558388952,2.64021164021164,1895.03333333333,105.2,165.639090849544,2062.6923076923,19,19,10,8.07563025210084,32.047619047619,8.75,1
David B. Kirk,749,68862,178,386.865168539325,0.24516955941255,122,231,19,30,42969,186.0,163,178,119.196506824545,18576,391,260.88,172.623868569789,5,122,44.497918751447,16.062378404209,40.961633411751,21.614242978711,-73.6560076675089,-3.9055619266055,620,0.162883845126835,63.0140861973267,0.685393258426966,38.0108153078203,262.415700749783,109.791100341902,0.67032967032967,74.9595238095239,64,120,749,31.0730688935281,74.9595238095239,63.8851296596434,63.9423629868432,749.0,352.204918032786,207.289652419024,91.9385847797062,150.638640461204,28085,167.874953462391,61.5704020208609,114,121,4802.85046944174,3.20961281708945,23043.9904761904,323.726190476189,153.728049231396,19249.2696629213,63,60,28,31.0730688935281,123.008163265306,41.0,1
David Cock,48,1107,43,25.7441860465116,0.941326530612244,12,33,6,5,1020,37.0,16,20,11.7019422347591,495,25,9.0,27.0185121722125,6,12,9.64584659069864,1.0,79.1327913279132,13.0081300813008,-30.8039747064137,-1.12539851222104,12,0.25,6.4360465116279,0.27906976744186,3.46987951807228,33.2716095192282,27.3769976440076,0.266666666666666,5.78333333333333,8,29,48,2.93877551020408,5.78333333333333,7.94719827586206,7.9557362240289,48.0,85.0,31.9374388453426,23.0625,21.0713075057054,876,19.8997487421324,5.93845991166472,16,8,206.921062964812,3.45833333333333,316.466666666666,21.2666666666666,270.387931034482,525.599999999999,7,9,5,2.93877551020408,13.28,2.0,1
David DeWitt,529,102429,125,819.432,0.730670185825873,130,318,25,43,91401,314.0,179,206,98.8389361142811,31121,280,590.51,259.279771675308,40,131,52.4795444966461,1.0,72.7342842359097,16.4992336154799,-39.8734733327475,-1.2657913369688,359,0.245746691871455,201.37270321361,1.04,43.9705882352941,320.045309292293,141.368106964289,1.00775193798449,65.8,81,180,529,38.4090909090909,65.8,80.92232915448,80.9375176951839,529.0,703.084615384615,302.3259830051,193.627599243856,202.039600078796,74501,203.322404077858,70.6624498455991,182,118,3762.88308574731,2.95652173913043,35983.7499999999,235.333333333333,1604.80197664923,47015.1941747572,80,53,23,38.4090909090909,131.003831417624,66.0,1
David F Richards,24,2247,42,53.5,7.49,15,24,8,7,2211,66.0,19,23,12.0890836883464,973,20,15.02,43.8862165149833,18,15,12.4822861363711,2.64575131106459,88.3845126835781,10.0133511348464,-4.3613707165109,-1.01553220648698,16,0.625,33.4375,0.357142857142857,3.91304347826086,47.4025315779653,43.8482230730809,0.326086956521739,5.18333333333333,11,25,24,3.46153846153846,5.18333333333333,10.9516674722087,10.9554962171784,24.0,147.4,47.0212717820349,93.625,31.4642654451045,1986,18.9736659610102,7.20576692122892,23,11,108.674054944795,3.83333333333333,550.533333333333,7.6,5750.13541666666,1295.21739130434,10,8,6,3.46153846153846,16.0967741935483,4.5,1
David H Bailey,219,8537,37,230.729729729729,0.354379410543794,47,91,13,16,7243,116.0,64,73,37.1803300307702,2912,90,41.95,73.4982993000518,11,47,23.4930442671281,5.09901951359278,59.517394869392,25.875600327984,-80.0632540705165,-1.36629434954007,89,0.214611872146118,49.5173392570652,1.27027027027027,21.7610993657505,92.3958873543622,57.4785467225236,1.14634146341463,32.3499999999999,35,72,219,20.0818181818181,32.3499999999999,34.8240754831836,34.8645894342274,219.0,154.106382978723,85.1058164874763,38.9817351598173,73.8376597678989,5034,65.3987767469698,30.7220678754776,64,45,354.541272404066,2.15981735159817,4565.78333333333,140.383333333333,227.88841163999,3241.06849315068,34,21,9,20.0818181818181,48.0210526315789,16.0,1
David Harel,99,31194,30,1039.8,6.30181818181818,71,99,18,24,29734,170.5,98,99,48.6058626938085,11620,99,150.37,148.805241843155,99,72,35.3616567837556,3.74165738677394,79.387061614413,16.1601590049368,-1.92024107200102,-1.09155053182153,99,0.717171717171717,745.715151515151,2.36666666666666,30.5608695652173,176.61823235442,111.068104375305,1.51063829787234,44.2833333333333,52,100,99,30.1856287425149,44.2833333333333,51.9065934065934,51.9166185804962,99.0,418.788732394366,172.435495185881,315.090909090909,110.024997159736,24693,83.8391316748927,46.2944882326024,99,55,1228.28356281081,2.32323232323232,16123.4833333333,51.3166666666666,6761.18397800903,17709.1212121212,51,30,15,30.1856287425149,72.0,72.0,1
David M. Blei,138,84993,212,400.91037735849,8.86174538629965,43,138,17,22,84372,220.0,58,76,31.2554750229167,51910,70,782.94,272.466511703732,32,43,33.7250966311698,1.0,97.093878319391,2.17547327426964,-4.0732766227807,-1.01268617529119,61,0.31159420289855,124.921349466776,0.202830188679245,16.6218487394958,291.535589594135,125.610376429125,0.199074074074074,21.7999999999999,35,139,138,15.5378151260504,21.7999999999999,34.9862106807581,34.9863988799077,138.0,1962.13953488372,290.468586941858,615.891304347826,97.2625313263026,82523,77.032460690283,25.8481343702049,138,40,5800.05337033313,2.58695652173913,31240.3833333333,66.7833333333333,83677.9084226003,46690.6447368421,34,31,18,15.5378151260504,44.0689655172413,6.85714285714285,1
David Maltz,170,39745,57,697.280701754386,2.734434124527,54,170,18,25,38641,228.0,72,92,38.9442247433063,16198,92,309.4,172.884354410686,33,54,33.4501887538088,2.64575131106459,89.885520191219,7.33677192099635,-12.9752170084287,-1.05286261572842,92,0.317647058823529,221.489164086687,0.947368421052631,16.690909090909,199.361480732863,128.01315036615,0.885245901639344,22.6666666666666,37,131,170,14.8775510204081,22.6666666666666,36.9651650360176,36.9673921247955,170.0,715.574074074074,196.573141603831,233.794117647058,110.959452053441,35725,95.8123165360278,28.3440955950624,107,47,1925.76735848099,3.23529411764705,11555.5333333333,62.4833333333333,8183.00588768115,20969.0217391304,36,30,18,14.8775510204081,55.045871559633,9.5,1
David Robinson,229,57835,75,771.133333333333,2.19612682741598,127,229,21,33,48432,227.0,174,193,96.3609817246046,16815,229,214.33,185.018917951651,229,127,47.3848266150436,13.30413469565,56.0733120082994,27.8879571193913,-6.35601279502031,-1.461784409257,229,0.554585152838427,427.659097525473,1.69333333333333,44.8120184899845,240.489084991398,113.355210102816,1.27,88.8666666666667,84,164,229,44.3104395604395,88.8666666666667,83.8358472132866,83.8808852770813,229.0,381.354330708661,220.072715255662,252.554585152838,169.791048056132,32303,170.537385930475,75.016170417956,165,122,1653.75897939536,2.83406113537117,29711.3999999999,108.016666666666,1322.09983833944,21256.3782383419,83,36,15,44.3104395604395,128.007843137254,42.6666666666666,1
David Rogers,299,70007,71,986.014084507042,1.56091415830546,128,262,24,35,56936,227.0,177,200,104.243430642282,17748,286,288.29,199.459269025031,114,130,48.8514393269483,13.1909059582729,58.108474866799,23.4033739483194,-12.7772936992015,-1.57535763520079,297,0.428093645484949,422.106363936125,1.80281690140845,35.7014925373134,264.588359532312,141.998398716658,1.77777777777777,75.7166666666668,74,162,299,37.3211845102505,75.7166666666668,73.8896504597034,73.9238790406673,299.0,444.8125,238.612656831107,234.137123745819,170.4582060213,40552,183.128370276153,69.1166522432334,152,111,4428.5791861198,3.58528428093645,26770.7916666666,103.658333333333,1032.28006099292,25953.28,73,62,31,37.3211845102505,129.0,129.0,1
David Shaw,119,77273,51,1515.15686274509,10.8225490196078,119,119,26,43,77273,352.0,119,119,64.5569773460875,22275,119,325.94,235.327431465182,119,119,51.6868646899848,8.66025403784438,81.6740646797717,18.3259353202282,0.0,0.0,119,1.0,1515.15686274509,2.33333333333333,28.0972222222222,277.980215123306,136.286074298216,2.08771929824561,31.9333333333333,75,120,119,28.0972222222222,31.9333333333333,74.918677695769,74.929134367761,119.0,649.35294117647,277.980215123306,649.35294117647,204.665580887456,63112,119.0,57.8236062905492,119,87,5628.07216299039,4.23529411764705,19920.0499999999,31.9333333333333,0.0084033613445378,63112.0,74,75,40,28.0972222222222,119.36820083682,-1.01333333333333,1
Demetri Terzopoulos,179,65058,40,1626.45,4.03836126629422,80,179,23,34,61506,264.0,115,138,60.7005386312709,26833,160,426.06,214.126131053638,82,81,40.7996989463954,1.0,84.8258477051246,9.83737587998401,-6.83697623658889,-1.11487438567549,177,0.446927374301675,726.90502793296,2.0,27.5384615384615,255.064697674923,130.871165291525,1.81818181818181,45.7785714285714,59,168,179,29.4930875576036,45.7785714285714,58.9430564019229,58.9482922930308,179.0,768.825,248.004032225284,363.45251396648,145.327216996679,55106,119.666202413212,48.5741392575133,162,67,2518.03417087234,2.90502793296089,26476.9023809523,76.1214285714285,6446.88551991349,31945.5072463768,58,47,24,29.4930875576036,81.0,81.0,1
"Denghui Lu,",7,127,5,25.4,4.53571428571428,4,7,4,2,125,33.0,7,7,4.73650793650793,84,5,0.81,10.4403065089105,4,4,4.69183920753899,1.73205080756887,85.8267716535433,12.5984251968503,-6.29921259842519,0.0,4,0.571428571428571,14.5142857142857,0.8,0.875,11.2694276695846,11.1803398874989,0.444444444444444,1.2,5,8,7,1.0,1.2,4.872,4.87401574803149,7.0,31.25,11.1803398874989,18.1428571428571,11.489125293076,109,5.29150262212918,2.0,5,4,20.9702380952381,4.57142857142857,31.7666666666666,1.59999999999999,1133.92857142857,62.2857142857142,4,4,3,1.0,6.55555555555555,1.13333333333333,1
Denis Zorin,130,8885,27,329.074074074074,1.04345273047563,41,94,13,16,8118,137.0,59,67,31.9911203834172,3082,68,47.56,78.2368199762746,29,41,23.0603305070722,4.79583152331271,72.4479459763646,18.9195272931907,-32.4254361283061,-1.18454877553781,65,0.315384615384615,103.7849002849,1.51851851851851,13.5279187817258,94.2602779541838,52.2557811793744,1.32258064516129,23.8833333333333,32,65,130,13.3412698412698,23.8833333333333,31.8721394358701,31.8918401800787,130.0,198.0,90.0999445060872,68.3461538461538,74.9466476902069,6437,62.080592780675,23.3878614561499,57,41,445.857349675275,3.03076923076923,3416.86666666666,57.2,723.382108113529,3939.05970149253,31,23,11,13.3412698412698,42.0240963855421,14.3333333333333,1
Dennis Jack,346,13771,69,199.579710144927,0.229398144292115,54,113,13,14,11138,87.0,72,82,46.1506489204361,3540,128,84.19,88.8706925819755,6,54,25.7647605981567,2.0,60.0973059327572,21.1749328298598,-95.7664657613826,-1.5491576275098,140,0.156069364161849,31.1482784619251,0.782608695652174,28.9674418604651,117.349904132896,70.6664701255128,0.73972602739726,43.9833333333333,44,96,346,30.6947368421052,43.9833333333333,43.8247393364928,43.8657323360685,346.0,206.259259259259,105.536723466289,39.800578034682,68.5419579527751,8222,78.1152993977492,40.7125998859528,98,50,424.375160237537,1.86416184971098,10346.1833333333,247.866666666666,172.721236666987,5414.48780487804,43,16,6,30.6947368421052,55.0091743119266,27.5,1
Dexun Chen,593,7961,53,150.207547169811,0.0452018782541548,45,80,11,13,5401,85.0,61,67,41.9773285141096,2184,122,41.44,63.0396700498979,0,45,21.5731572321783,6.24499799839839,42.4067328225097,25.4365029518904,-277.565632458233,-2.55567117585848,135,0.0758853288364249,11.3985491106939,0.849056603773584,10.5432635322007,89.2244361147774,51.8982979810834,0.803571428571428,24.7857142857142,26,29,593,12.125748502994,24.7857142857142,25.85193082208,25.9214922748398,593.0,120.022222222222,73.4914961066925,13.4249578414839,61.8465843842649,3376,60.0,23.3593382319519,37,27,815.295975593566,4.2681281618887,2363.83809523809,170.903968253967,28.323514571037,2267.46268656716,25,21,12,12.125748502994,46.043956043956,9.4,1
Dhairya Malhotra,1,0,0,0.0,0.0,0,0,0,0,0,0.0,1,1,0.0,0,0,0.0,0.0,0,1,0.0,1.0,0.0,0.0,0.0,0.0,0,0.0,0.0,0.0,0.0,0.0,0.0,0.0,0.0,1,2,1,0.0,0.2,0.0,0.0,0.2,0.0,0.0,0.0,0.0,0,0.0,0.0,0,0,0.0,5.0,0.0,0.2,0.0,0.0,0,0,0,0.0,1.0,1.0,1
Dhammika Elkaduwe,20,237,15,15.8,1.12857142857142,7,15,4,2,222,25.5,8,10,6.85938952688178,114,10,1.82,12.6491106406735,6,7,6.13379451484304,2.44948974278317,75.9493670886076,20.675105485232,-34.1772151898734,-0.960176991150442,6,0.35,5.53,0.466666666666666,1.81818181818181,15.3948043183406,12.5299640861416,0.388888888888888,2.58333333333333,7,21,20,2.33333333333333,2.58333333333333,6.83783783783783,6.84810126582278,20.0,31.7142857142857,14.8996644257513,11.85,13.3603892158873,173,10.2469507659595,4.04145188432738,8,6,17.6144114055878,3.85,78.4166666666666,5.56666666666666,339.20625,121.1,6,4,2,2.33333333333333,8.13333333333333,2.66666666666666,1
Dharmendra Modha,85,10302,118,87.3050847457627,2.81860465116279,41,85,13,15,9805,122.0,55,64,29.7787406584459,3144,62,64.24,84.9588135510377,36,41,23.4178144943548,2.82842712474619,78.8584740827023,16.3172199572898,-12.6577363618714,-1.0931949497111,58,0.48235294117647,42.1118644067796,0.347457627118644,16.9174757281553,101.498768465435,51.7228189487,0.336065573770491,21.0666666666666,28,72,85,15.4220183486238,21.0666666666666,27.9192243767313,27.9292370413511,85.0,239.146341463414,99.0201999594022,121.2,70.7248188403477,8124,59.0338885725817,25.1456308788142,65,28,516.122321946339,2.4235294117647,4310.75,39.85,2391.07847082495,5204.4375,27,22,11,15.4220183486238,42.0481927710843,8.6,1
Diego Rossinelli,22,659,12,54.9166666666666,2.60474308300395,12,22,6,5,628,42.0,15,18,10.4307837378107,287,19,3.83,21.9089023002066,13,12,9.04442327800374,2.64575131106459,73.4446130500758,21.8512898330804,-13.3535660091047,-1.04769736842105,13,0.545454545454545,29.9545454545454,1.0,3.56756756756756,25.6709953059868,16.7680251272076,0.75,4.83333333333333,10,15,22,3.89189189189189,4.83333333333333,9.8588850174216,9.87708649468892,22.0,52.3333333333333,25.0599281722833,29.9545454545454,22.4499443206436,484,16.2480768092719,6.83393756941799,14,12,49.9614094239094,3.36363636363636,211.066666666666,7.31666666666666,606.821114369501,322.666666666666,9,8,4,3.89189189189189,13.12,3.75,1
Diuxian Liu,2,16,2,8.0,5.33333333333333,2,2,2,1,16,8.0,2,2,3.0,12,2,0.1,3.16227766016837,2,2,2.36891692613978,1.41421356237309,75.0,25.0,0.0,0.0,1,1.0,8.0,1.0,1.0,4.0,4.0,0.0689655172413793,1.0,2,3,2,1.0,1.0,2.75,2.75,2.0,8.0,4.0,8.0,4.0,12,2.0,1.41421356237309,2,2,0.567049808429118,2.0,8.0,1.0,0.5,12.0,2,1,0,1.0,1.8,-1.4,1
Donald M. Nicholson,9,101,53,1.90566037735849,2.24444444444444,5,9,3,2,98,16.0,6,7,5.43969363969363,62,7,0.79,8.88819441731558,5,5,4.62273409655195,1.41421356237309,72.2772277227722,24.7524752475247,-13.8613861386138,-0.948453608247422,4,0.555555555555555,1.0587002096436,0.0943396226415094,1.55172413793103,10.0498756211208,9.89949493661166,0.0735294117647058,2.0,5,9,9,1.38888888888888,2.0,4.82222222222222,4.84158415841584,9.0,19.6,9.89949493661166,11.2222222222222,8.94427190999916,73,6.70820393249936,2.63523138347364,5,3,5.39024024239868,3.22222222222222,27.75,3.5,366.592592592592,52.1428571428571,4,2,1,1.38888888888888,6.54545454545454,1.28571428571428,1
Dong Chen,159,47877,19,2519.84210526315,3.76391509433962,120,159,21,32,44000,232.0,159,159,78.7605053646855,14616,159,172.67,178.151620817774,159,120,45.596801214649,10.770329614269,62.0757357394991,30.0770724982768,-1.92576811412578,-1.17874610938194,159,0.754716981132075,1901.7676266137,6.31578947368421,29.0410958904109,218.808135132128,79.6515192987339,3.24324324324324,45.6857142857142,61,111,159,29.3279022403258,45.6857142857142,60.8954035679005,60.9248073187543,159.0,366.666666666666,209.76176963403,301.113207547169,166.853228916913,29600,138.130373198656,59.3240951792701,118,100,2214.36223917293,4.13207547169811,15131.169047619,45.6857142857142,3536.09654431225,22339.6226415094,60,48,21,29.3279022403258,121.004149377593,60.5,1
Doug John Ierardi,16,33,32,1.03125,0.242647058823529,4,5,2,1,24,7.0,4,4,4.82814962814962,16,8,0.28,4.47213595499958,0,4,3.20176554209214,2.0,36.3636363636363,48.4848484848484,-124.242424242424,-0.68,1,0.25,0.2578125,0.125,1.33333333333333,5.74456264653802,3.74165738677394,0.0851063829787234,1.25,2,4,16,1.0,1.25,1.92307692307692,1.96969696969696,16.0,6.0,4.89897948556635,2.0625,5.29150262212918,8,4.47213595499958,2.0,2,1,2.09988043998087,3.0,8.95,7.95,11.5499999999999,8.0,1,1,0,1.0,5.22222222222222,1.66666666666666,1
Douglas Engelbart,108,4179,170,24.5823529411764,0.709989806320081,24,64,11,11,3794,93.0,33,40,20.8240314345925,1584,50,29.97,56.0446250768082,12,24,16.337167559342,3.3166247903554,77.0040679588418,13.7832017229002,-39.0045465422349,-1.18618881118881,36,0.222222222222222,5.46274509803921,0.141176470588235,17.3959731543624,64.6451854355759,50.9705797494986,0.121827411167512,21.3333333333333,22,65,108,16.9411764705882,21.3333333333333,21.8811320754716,21.894472361809,108.0,158.083333333333,61.5954543777379,38.6944444444444,47.2440472440708,3218,39.1918358845308,20.1640332100033,60,23,98.0898509451858,1.37962962962962,3706.3,93.1166666666666,381.316161616161,1930.8,21,9,5,16.9411764705882,25.0816326530612,5.6,1
E. Allen Emerson,119,25430,40,635.75,3.56162464985994,53,119,16,22,24269,169.0,73,89,39.4557907087923,8450,94,170.81,136.773535451855,42,53,30.2228754506676,1.41421356237309,84.3885174990169,11.0460086511993,-9.18600078647267,-1.09287564766839,94,0.445378151260504,283.149159663865,1.325,22.4448398576512,159.467865101405,127.385046218149,1.20454545454545,31.6999999999999,41,120,119,23.0245901639344,31.6999999999999,40.9315537303216,40.937082186394,119.0,457.905660377358,155.785108402568,213.697478991596,94.6414285606467,21460,79.4166229450736,34.932839545169,119,42,768.296455002068,2.36134453781512,14716.1,62.6833333333333,4467.0319704109,12779.5505617977,40,24,13,23.0245901639344,54.018691588785,18.3333333333333,1
E. Grady Booch,459,40662,104,390.980769230769,0.385166240409207,102,190,18,27,30301,190.0,141,155,86.6293620750475,10947,250,161.46,145.883515175635,16,102,40.156965937594,11.0905365064094,48.9326644041119,25.5865427180168,-64.0696473365796,-2.00603762287311,363,0.222222222222222,86.8846153846153,0.98076923076923,34.1239067055393,201.648208521672,101.835014794005,0.910714285714285,59.3166666666667,60,123,459,26.2727272727272,59.3166666666667,59.8592625535699,59.9143918154542,459.0,297.06862745098,174.07182425654,88.5882352941176,139.212068442358,19897,139.212068442358,51.7669603301003,92,95,1950.96496107927,2.98910675381263,13978.1666666666,215.05,259.078478684206,13093.5096774193,59,44,18,26.2727272727272,103.019512195121,21.2,1
E. Kahn Robert,45,1679,44,38.1590909090909,1.62222222222222,12,40,8,8,1543,99.0,18,24,12.8508456348193,726,30,12.49,35.3411940941445,9,13,11.1315707497886,1.41421356237309,83.3234067897558,8.57653365098272,-15.485407980941,-1.15151515151515,15,0.266666666666666,10.1757575757575,0.272727272727272,6.83544303797468,40.9756024970957,36.4028387171476,0.166666666666666,9.91666666666666,13,36,45,6.85714285714285,9.91666666666666,12.9066753078418,12.9142346634901,45.0,128.583333333333,39.2810386828047,37.3111111111111,34.4673758792281,1399,21.9089023002066,9.07114735222145,33,11,37.7376805938592,1.75555555555555,1160.04999999999,33.3666666666666,423.316503267973,699.5,12,7,3,6.85714285714285,13.28,2.5,1
E. Knuth Donald,279,35531,68,522.514705882352,0.909651817716333,76,187,19,26,31228,186.0,106,124,61.117776994316,7812,174,205.65,152.154526715441,28,76,36.1846973460901,1.73205080756887,71.6332216937322,16.256226956742,-31.3050575553741,-1.30567798807363,216,0.272401433691756,142.333755007379,1.11764705882352,51.5912408759124,188.496684320971,131.479022407885,0.783505154639175,65.8333333333333,69,163,279,52.9908256880733,65.8333333333333,68.8487455431618,68.8698601221468,279.0,410.894736842105,176.714458944365,127.351254480286,118.894911581614,25452,119.214093126609,63.4610333377386,158,76,805.061267489975,1.47311827956989,25888.4166666666,228.883333333333,924.221467559933,15599.6129032258,68,25,14,52.9908256880734,77.0261437908496,15.8,1
E. Kurtz Thomas,53,363,35,10.3714285714285,0.253668763102725,9,18,4,3,280,19.0,13,14,10.4096620355864,142,22,2.58,14.3874945699381,2,9,6.8694384712327,1.41421356237309,54.8209366391184,22.3140495867768,-85.9504132231405,-1.51219512195121,9,0.169811320754716,1.76118598382749,0.257142857142857,5.3,19.0525588832576,16.7332005306815,0.13235294117647,7.91666666666666,9,16,53,4.76470588235294,7.91666666666666,8.76296296296296,8.82369146005509,53.0,31.1111111111111,16.7332005306815,6.84905660377358,13.076696830622,199,12.7279220613578,6.54846187598099,14,8,7.22284113676059,1.69811320754716,254.083333333333,38.3333333333333,23.105251193453,127.928571428571,8,2,1,4.76470588235294,10.1052631578947,3.66666666666666,1
EVA TARDOS,39,21933,32,685.40625,28.1192307692307,39,39,17,25,21933,304.0,39,39,23.7203242974438,7512,39,104.2,125.95237195067,39,39,28.9102926948166,3.46410161513775,93.0652441526467,6.9347558473533,0.0,0.0,39,1.0,685.40625,1.21875,13.5803571428571,148.097940566369,125.816003221635,1.0,16.3,38,40,39,13.5803571428571,16.3,37.9369240692959,37.937582638034,39.0,562.384615384615,148.097940566369,562.384615384615,108.885260710529,20412,39.0,23.0137769297312,39,39,1004.04299297016,2.87179487179487,9463.35,16.3,0.0256410256410256,20412.0,37,34,16,13.5803571428571,38.5569620253164,-1.01769911504424,1
EVA TARDOS (1),39,21933,32,685.40625,28.1192307692307,39,39,17,25,21933,304.0,39,39,23.7203242974438,7512,39,104.2,125.95237195067,39,39,28.9102926948166,3.46410161513775,93.0652441526467,6.9347558473533,0.0,0.0,39,1.0,685.40625,1.21875,13.5803571428571,148.097940566369,125.816003221635,1.0,16.3,38,40,39,13.5803571428571,16.3,37.9369240692959,37.937582638034,39.0,562.384615384615,148.097940566369,562.384615384615,108.885260710529,20412,39.0,23.0137769297312,39,39,1004.04299297016,2.87179487179487,9463.35,16.3,0.0256410256410256,20412.0,37,34,16,13.5803571428571,38.5569620253164,-1.01769911504424,1
Edmond Chow,101,6966,56,124.392857142857,1.35235876528829,31,83,13,15,6614,158.0,43,53,23.9287157377986,2770,52,43.31,71.0140831103239,23,32,20.456765364296,3.16227766016837,81.1513063451047,13.7955785242606,-26.0981912144702,-1.09089464484347,43,0.306930693069306,38.1799858557284,0.553571428571428,9.63384615384615,83.4625664594613,58.1399174406018,0.516666666666666,15.1,26,54,101,8.81651376146789,15.1,25.9007936507936,25.9102784955498,101.0,213.354838709677,81.3265024453898,68.9702970297029,69.9857128276907,5653,50.7247474118895,16.5321482755721,47,29,344.652158229837,3.21782178217821,2329.11666666666,44.7666666666666,1295.93620612061,3306.4716981132,25,19,10,8.81651376146789,32.079365079365,6.16666666666666,1
Edmund M. Clarke,195,52116,42,1240.85714285714,2.72715855572998,58,195,18,24,50394,212.0,83,102,44.3645077086819,18364,108,415.25,202.101459668157,35,59,35.1619635737177,2.0,90.2410008442704,6.45483152966459,-11.9425896077979,-1.06548327518982,113,0.297435897435897,369.075457875457,1.38095238095238,19.040404040404,228.289290156152,144.262550002879,1.26086956521739,28.9333333333333,42,171,195,17.340206185567,28.9333333333333,41.9655730318669,41.9677450303169,195.0,868.862068965517,224.486079746607,267.261538461538,110.887330205032,47030,106.348483769163,31.7132773261119,168,45,1690.96089122679,3.04615384615384,28240.05,81.05,7821.35770570892,26742.5490196078,41,28,14,17.340206185567,59.034188034188,12.6,1
Edouard Bugnion,69,5825,147,39.625850340136,2.41200828157349,22,69,11,12,5489,134.5,33,42,20.0986459574992,3150,47,44.58,66.7682559304943,14,22,17.3247134314989,2.64575131106459,85.9227467811158,8.30901287553648,-11.9656652360515,-1.1124855044453,37,0.318840579710144,12.6343290939564,0.149659863945578,10.3265306122448,76.3216876123687,60.1179396408981,0.14569536423841,14.9833333333333,18,48,69,7.22388059701492,14.9833333333333,17.9458598726114,17.9503862660944,69.0,249.5,74.0877857679658,84.4202898550724,54.3966910758365,5005,38.9615194775563,12.606560717909,45,18,240.652772407826,2.13043478260869,2124.25,46.0999999999999,1379.11598516218,2621.66666666666,17,15,8,7.22388059701492,23.1555555555555,3.625,1
Eduardo Francisco D'Azevedo,170,1526,143,10.6713286713286,0.104987960096319,18,37,8,7,1226,61.0,26,29,17.465048843845,600,40,11.29,31.8590646441479,1,19,11.882854337207,3.16227766016837,60.2883355176933,21.2319790301441,-160.812581913499,-1.38367346938775,29,0.105882352941176,1.12990538872891,0.125874125874125,7.57425742574257,39.0640499692492,23.5513623102075,0.122448979591836,11.05,14,23,170,5.14285714285714,11.05,13.8503100088573,13.8892529488859,170.0,68.1111111111111,35.0142828000231,8.97647058823529,33.1360830515617,902,25.8069758011278,9.62140470884727,22,10,81.6289488180391,2.37647058823529,607.316666666666,102.0,39.5983312473925,559.862068965517,13,10,5,5.14285714285714,19.0,19.0,1
Edward Feigenbaum,189,18537,102,181.735294117647,1.03241436925647,46,136,15,19,17323,161.0,65,78,36.2356979746904,5115,90,130.85,115.749730021283,21,46,27.331610723256,1.73205080756887,82.2840804876733,11.4150078221934,-29.1794788800776,-1.12938569494029,85,0.243386243386243,44.2318705259881,0.450980392156862,21.3088235294117,136.150651853011,85.8160824088352,0.348484848484848,31.6666666666666,37,98,189,20.3461538461538,31.6666666666666,36.9227329636916,36.9300857743971,189.0,376.586956521739,131.616868219844,98.079365079365,86.0581198958006,15207,79.0948797331407,30.5928599010141,97,38,408.353934499631,2.15873015873015,9714.14999999999,115.416666666666,1458.51069525983,8968.23076923077,36,18,10,20.3461538461538,47.010752688172,23.5,1
Edward Sutherland Ivan,9,74,26,2.84615384615384,1.64444444444444,6,8,3,1,67,14.0,6,7,5.80333000333,45,7,0.47,7.6157731058639,6,6,4.53963966083511,2.23606797749979,50.0,48.6486486486486,-16.2162162162162,0.0,4,0.666666666666666,1.89743589743589,0.23076923076923,4.5,8.60232526704262,7.0,0.0983606557377049,4.83333333333333,6,10,9,4.0,4.83333333333333,5.62686567164179,5.66216216216216,9.0,11.1666666666666,8.18535277187245,8.22222222222222,9.16515138991168,31,6.9282032302755,4.89897948556635,7,6,1.59290175086428,1.33333333333333,57.6666666666666,7.83333333333333,600.222222222222,26.5714285714285,5,1,0,4.0,7.38461538461538,1.16666666666666,1
Edwin Catmull,29,4818,305,15.7967213114754,11.0758620689655,13,29,9,9,4782,198.0,16,24,11.0210573591488,2088,20,39.3,62.6897120746299,13,13,14.6029221274411,1.41421356237309,95.7451224574512,3.50767953507679,-3.5491905354919,-1.00651534258091,14,0.448275862068965,7.08128886376483,0.0426229508196721,7.85416666666666,69.4118145563131,57.1270513854863,0.0414012738853503,11.1666666666666,13,30,29,8.89473684210526,11.1666666666666,12.9697415423408,12.9701120797011,29.0,367.846153846153,69.1520064784818,166.137931034482,50.7346035758632,4613,19.4164878389476,10.7532124942906,29,12,131.795151733468,1.6551724137931,3769.43333333333,23.2333333333333,22068.6551724137,2498.70833333333,12,8,6,8.89473684210526,14.4074074074074,2.0,1
Elizabeth (Betty) Snyder-Holberton Frances,12,18,34,0.529411764705882,0.23076923076923,3,3,2,0,10,5.0,3,3,4.19884559884559,10,6,0.13,3.16227766016837,0,3,2.48627040974067,2.23606797749979,22.2222222222222,50.0,-116.666666666666,-0.6,0,0.25,0.13235294117647,0.088235294117647,1.44,4.24264068711928,3.60555127546398,0.0441176470588235,1.25,3,3,12,1.125,1.25,2.6,2.77777777777777,12.0,3.33333333333333,3.16227766016837,1.5,3.87298334620741,1,3.0,1.83711730708738,2,1,0.393379418286161,2.08333333333333,9.7,7.78333333333333,3.9,1.0,2,0,0,1.125,4.14285714285714,2.0,1
Elizabeth (Betty) Snyder-Holberton Frances (1),12,18,34,0.529411764705882,0.23076923076923,3,3,2,0,10,5.0,3,3,4.19884559884559,10,6,0.13,3.16227766016837,0,3,2.48627040974067,2.23606797749979,22.2222222222222,50.0,-116.666666666666,-0.6,0,0.25,0.13235294117647,0.088235294117647,1.44,4.24264068711928,3.60555127546398,0.0441176470588235,1.25,3,3,12,1.125,1.25,2.6,2.77777777777777,12.0,3.33333333333333,3.16227766016837,1.5,3.87298334620741,1,3.0,1.83711730708738,2,1,0.393379418286161,2.08333333333333,9.7,7.78333333333333,3.9,1.0,2,0,0,1.125,4.14285714285714,2.0,1
Ellen Wang,42,1787,36,49.6388888888888,1.97895902547065,15,42,7,7,1710,54.0,21,25,13.0307629564309,740,25,12.97,34.8855270850248,14,16,12.0287005008825,2.23606797749979,83.100167879127,12.5909345271404,-18.3547845551203,-1.05885922330097,16,0.357142857142857,17.7281746031746,0.416666666666666,4.70149253731343,42.2729227756965,31.6175056996384,0.375,6.21666666666666,12,23,42,3.75,6.21666666666666,11.9233206590621,11.9322887520984,42.0,114.0,41.3521462562706,42.547619047619,28.4604989415154,1485,25.0998007960222,7.5,23,12,93.2750871914538,3.19047619047619,567.349999999999,19.5166666666666,944.888682745825,891.0,11,9,5,3.75,16.2903225806451,2.5,1
Ellen Wang (1),42,1787,36,49.6388888888888,1.97895902547065,15,42,7,7,1710,54.0,21,25,13.0307629564309,740,25,12.97,34.8855270850248,14,16,12.0287005008825,2.23606797749979,83.100167879127,12.5909345271404,-18.3547845551203,-1.05885922330097,16,0.357142857142857,17.7281746031746,0.416666666666666,4.70149253731343,42.2729227756965,31.6175056996384,0.375,6.21666666666666,12,23,42,3.75,6.21666666666666,11.9233206590621,11.9322887520984,42.0,114.0,41.3521462562706,42.547619047619,28.4604989415154,1485,25.0998007960222,7.5,23,12,93.2750871914538,3.19047619047619,567.349999999999,19.5166666666666,944.888682745825,891.0,11,9,5,3.75,16.2903225806451,2.5,1
Ephraim Suhir,233,4399,38,115.763157894736,0.161366054069916,32,57,9,8,2660,52.0,43,48,33.7013610963158,1316,103,19.44,43.4741302385683,1,32,16.4919631291518,9.69535971483265,37.1902705160263,23.2780177313025,-106.660604682882,-4.37605042016806,108,0.137339055793991,15.8988028009938,0.842105263157894,14.648330058939,66.3249575951617,42.1279796176681,0.761904761904761,27.9999999999999,29,56,233,20.48,27.9999999999999,28.6877737953006,28.8217776767447,233.0,83.125,51.5751878329105,18.8798283261802,40.7921561087422,1636,42.7083130081252,25.6,47,30,285.320195098307,2.18454935622317,3119.86666666666,150.842857142857,28.8788633396431,1090.66666666666,28,16,7,20.48,33.0615384615384,7.2,1
Ephraim Suhir (1),233,4399,38,115.763157894736,0.161366054069916,32,57,9,8,2660,52.0,43,48,33.7013610963158,1316,103,19.44,43.4741302385683,1,32,16.4919631291518,9.69535971483265,37.1902705160263,23.2780177313025,-106.660604682882,-4.37605042016806,108,0.137339055793991,15.8988028009938,0.842105263157894,14.648330058939,66.3249575951617,42.1279796176681,0.761904761904761,27.9999999999999,29,56,233,20.48,27.9999999999999,28.6877737953006,28.8217776767447,233.0,83.125,51.5751878329105,18.8798283261802,40.7921561087422,1636,42.7083130081252,25.6,47,30,285.320195098307,2.18454935622317,3119.86666666666,150.842857142857,28.8788633396431,1090.66666666666,28,16,7,20.48,33.0615384615384,7.2,1
Eric A. Brewer,132,12787,244,52.405737704918,1.45670995670995,43,113,16,20,11967,201.5,59,72,32.561053117258,5248,76,70.0,96.932966528421,31,43,25.5464748690604,4.0,79.4635176350981,14.4599984359114,-23.8445296003753,-1.12239467849223,72,0.325757575757575,17.0715660705414,0.176229508196721,13.7766990291262,113.079617968933,67.6417207125334,0.173387096774193,20.8333333333333,31,77,132,12.0849673202614,20.8333333333333,30.9193403835812,30.9296160162665,132.0,278.302325581395,109.393784101291,96.8712121212121,93.083296031028,10118,69.7065276713737,22.7959117995144,63,41,553.066982996681,3.12121212121212,4175.63333333333,58.0333333333333,1497.32722982722,6042.69444444444,30,24,14,12.0849673202614,44.0114942528735,22.0,1
Eric A. Brewer (1),132,12787,244,52.405737704918,1.45670995670995,43,113,16,20,11967,201.5,59,72,32.561053117258,5248,76,70.0,96.932966528421,31,43,25.5464748690604,4.0,79.4635176350981,14.4599984359114,-23.8445296003753,-1.12239467849223,72,0.325757575757575,17.0715660705414,0.176229508196721,13.7766990291262,113.079617968933,67.6417207125334,0.173387096774193,20.8333333333333,31,77,132,12.0849673202614,20.8333333333333,30.9193403835812,30.9296160162665,132.0,278.302325581395,109.393784101291,96.8712121212121,93.083296031028,10118,69.7065276713737,22.7959117995144,63,41,553.066982996681,3.12121212121212,4175.63333333333,58.0333333333333,1497.32722982722,6042.69444444444,30,24,14,12.0849673202614,44.0114942528735,22.0,1
Eric Bina,4,89,6,14.8333333333333,8.9,3,4,2,1,84,42.0,4,4,3.88571428571428,66,4,0.84,8.12403840463596,4,3,3.75482754588331,1.0,87.6404494382022,10.1123595505617,0.0,0.0,2,0.75,11.125,0.5,1.33333333333333,9.4339811320566,8.74642784226795,0.0833333333333333,1.75,3,5,4,1.28571428571428,1.75,2.95238095238095,2.95505617977528,4.0,28.0,9.16515138991168,22.25,11.2249721603218,75,3.46410161513775,1.96396101212393,4,2,2.85,2.25,37.0,2.25,967.875,56.25,2,1,1,1.28571428571428,4.14285714285714,2.0,1
Eric Bina (1),4,89,6,14.8333333333333,8.9,3,4,2,1,84,42.0,4,4,3.88571428571428,66,4,0.84,8.12403840463596,4,3,3.75482754588331,1.0,87.6404494382022,10.1123595505617,0.0,0.0,2,0.75,11.125,0.5,1.33333333333333,9.4339811320566,8.74642784226795,0.0833333333333333,1.75,3,5,4,1.28571428571428,1.75,2.95238095238095,2.95505617977528,4.0,28.0,9.16515138991168,22.25,11.2249721603218,75,3.46410161513775,1.96396101212393,4,2,2.85,2.25,37.0,2.25,967.875,56.25,2,1,1,1.28571428571428,4.14285714285714,2.0,1
Erich Gamma,260,54896,43,1276.65116279069,1.61791924550545,38,234,11,12,53595,67.0,51,59,32.6099540400976,48715,80,524.64,220.714748034652,6,38,24.5343940234912,1.0,95.0688574759545,2.63042844651705,-13.061060915185,-1.04257227363801,75,0.146153846153846,186.58747763864,0.883720930232558,13.6842105263157,234.298954329719,95.4196869973207,0.808510638297872,25.45,29,123,260,14.8865979381443,25.45,28.985259833045,28.9857184494316,260.0,1410.3947368421,231.505939448645,211.138461538461,50.4579032461714,52151,94.2974018730102,23.7842536492,112,37,1950.75112970507,2.77692307692307,12733.2833333333,122.133333333333,8965.94545343809,33588.7796610169,28,14,8,14.8865979381443,39.038961038961,9.75,1
Erich Gamma (1),260,54896,43,1276.65116279069,1.61791924550545,38,234,11,12,53595,67.0,51,59,32.6099540400976,48715,80,524.64,220.714748034652,6,38,24.5343940234912,1.0,95.0688574759545,2.63042844651705,-13.061060915185,-1.04257227363801,75,0.146153846153846,186.58747763864,0.883720930232558,13.6842105263157,234.298954329719,95.4196869973207,0.808510638297872,25.45,29,123,260,14.8865979381443,25.45,28.985259833045,28.9857184494316,260.0,1410.3947368421,231.505939448645,211.138461538461,50.4579032461714,52151,94.2974018730102,23.7842536492,112,37,1950.75112970507,2.77692307692307,12733.2833333333,122.133333333333,8965.94545343809,33588.7796610169,28,14,8,14.8865979381443,39.038961038961,9.75,1
Erich Strohmaier,89,1670,30,55.6666666666666,0.416978776529338,21,40,7,6,1396,46.0,28,32,18.5115302465367,549,40,10.42,32.2800247831379,5,21,12.675409850773,3.0,58.443113772455,26.4071856287425,-70.2395209580838,-1.33643279797125,30,0.235955056179775,13.1348314606741,0.7,7.18846153846153,40.8656334834051,26.8390263112008,0.617647058823529,10.2333333333333,12,24,89,5.95945945945946,10.2333333333333,11.8932980599647,11.9275449101796,89.0,66.4761904761904,37.3630833845388,18.7640449438202,31.0805405358401,955,28.9827534923788,11.186985681972,21,12,85.3260203195918,2.92134831460674,578.085714285714,40.7595238095238,105.093484922502,626.71875,11,10,5,5.95945945945946,22.0465116279069,7.33333333333333,1
Erich Strohmaier (1),89,1670,30,55.6666666666666,0.416978776529338,21,40,7,6,1396,46.0,28,32,18.5115302465367,549,40,10.42,32.2800247831379,5,21,12.675409850773,3.0,58.443113772455,26.4071856287425,-70.2395209580838,-1.33643279797125,30,0.235955056179775,13.1348314606741,0.7,7.18846153846153,40.8656334834051,26.8390263112008,0.617647058823529,10.2333333333333,12,24,89,5.95945945945946,10.2333333333333,11.8932980599647,11.9275449101796,89.0,66.4761904761904,37.3630833845388,18.7640449438202,31.0805405358401,955,28.9827534923788,11.186985681972,21,12,85.3260203195918,2.92134831460674,578.085714285714,40.7595238095238,105.093484922502,626.71875,11,10,5,5.95945945945946,22.0465116279069,7.33333333333333,1
Erik W. Draeger,13,324,9,36.0,3.56043956043956,5,13,4,4,324,70.0,13,8,5.18095238095238,220,5,2.62,16.1864140562386,4,5,6.15261731596215,2.0,92.2839506172839,7.71604938271604,-10.8024691358024,0.0,4,0.384615384615384,13.8461538461538,0.555555555555555,1.54761904761904,18.0,17.1172427686236,0.185185185185185,1.28333333333333,5,14,13,1.25,1.28333333333333,4.94952681388012,4.95061728395061,13.0,64.8,18.0,24.9230769230769,18.7082869338697,299,8.06225774829855,2.5,8,4,16.9114452798663,3.23076923076923,78.0333333333333,4.28333333333333,0.0769230769230769,186.875,4,4,3,1.25,6.63636363636363,1.0,1
Erik W. Draeger (1),13,324,9,36.0,3.56043956043956,5,13,4,4,324,70.0,13,8,5.18095238095238,220,5,2.62,16.1864140562386,4,5,6.15261731596215,2.0,92.2839506172839,7.71604938271604,-10.8024691358024,0.0,4,0.384615384615384,13.8461538461538,0.555555555555555,1.54761904761904,18.0,17.1172427686236,0.185185185185185,1.28333333333333,5,14,13,1.25,1.28333333333333,4.94952681388012,4.95061728395061,13.0,64.8,18.0,24.9230769230769,18.7082869338697,299,8.06225774829855,2.5,8,4,16.9114452798663,3.23076923076923,78.0333333333333,4.28333333333333,0.0769230769230769,186.875,4,4,3,1.25,6.63636363636363,1.0,1
Estrin Gerald,81,1853,45,41.1777777777777,0.557964468533574,25,42,7,6,1499,48.5,33,36,21.2004753518643,703,47,9.14,32.8633534503099,5,26,13.6469998053438,4.35889894354067,48.5159201295197,33.7290879654614,-57.7981651376146,-1.45245901639344,39,0.308641975308641,12.7091906721536,0.555555555555555,10.8870967741935,43.0464865000617,28.5312693957582,0.333333333333333,17.0333333333333,19,35,81,10.2459016393442,17.0333333333333,18.753986332574,18.825148407987,81.0,59.96,38.7169213652118,22.8765432098765,34.8209706929603,874,32.4037034920393,16.0046099916119,26,25,35.6102645489298,2.29629629629629,873.833333333333,45.8666666666666,105.969154564899,606.944444444444,18,5,2,10.2459016393442,26.0,26.0,1
Estrin Gerald (1),81,1853,45,41.1777777777777,0.557964468533574,25,42,7,6,1499,48.5,33,36,21.2004753518643,703,47,9.14,32.8633534503099,5,26,13.6469998053438,4.35889894354067,48.5159201295197,33.7290879654614,-57.7981651376146,-1.45245901639344,39,0.308641975308641,12.7091906721536,0.555555555555555,10.8870967741935,43.0464865000617,28.5312693957582,0.333333333333333,17.0333333333333,19,35,81,10.2459016393442,17.0333333333333,18.753986332574,18.825148407987,81.0,59.96,38.7169213652118,22.8765432098765,34.8209706929603,874,32.4037034920393,16.0046099916119,26,25,35.6102645489298,2.29629629629629,873.833333333333,45.8666666666666,105.969154564899,606.944444444444,18,5,2,10.2459016393442,26.0,26.0,1
Evans David,379,91153,146,624.335616438356,1.26583807804471,160,292,23,40,70451,271.0,215,236,129.205790005973,26080,379,309.03,221.650625986032,139,160,55.1759589287845,12.6491106406735,49.2040854387677,28.084648887036,-15.7285004333373,-1.81882664101947,379,0.422163588390501,263.571764195612,1.0958904109589,58.9310009718173,301.915551106597,109.625252469588,0.914285714285714,109.349999999999,107,192,379,56.5121412803532,109.349999999999,106.813930381214,106.876734720744,379.0,440.31875,265.426072570122,240.509234828496,208.230641357125,44851,216.1480973777,95.0891297933497,189,158,2533.5161313362,2.71503957783641,44019.1666666666,181.416666666666,818.477253545665,30407.4576271186,106,42,17,56.5121412803532,161.01246105919,32.8,1
F. Clippinger Richard,10,42,30,1.4,0.763636363636363,4,6,2,1,30,12.0,5,5,5.16552336552336,24,7,0.3,4.89897948556635,2,5,3.37308360006962,1.41421356237309,42.8571428571428,38.095238095238,-38.095238095238,-1.06666666666666,2,0.4,0.56,0.133333333333333,3.33333333333333,6.48074069840786,5.09901951359278,0.0579710144927536,3.5,5,7,10,3.2,3.5,4.52941176470588,4.61904761904761,10.0,7.5,5.47722557505166,4.2,6.9282032302755,14,4.89897948556635,3.57770876399966,6,4,0.727330402895572,1.2,39.0,9.0,17.85,11.2,4,0,0,3.2,5.0,5.0,1
F. Felzenszwalb Pedro,62,32369,22,1471.31818181818,16.573988735279,23,62,13,13,32188,226.0,31,43,18.3202912785673,16796,36,297.56,167.478356810663,18,23,24.1136826566789,1.41421356237309,97.8065432975995,1.63427971207019,-2.20890358058636,-1.00867963408161,30,0.370967741935483,545.811583577712,1.04545454545454,9.97202797202797,179.913868281464,148.769396494485,0.884615384615384,14.5833333333333,21,63,62,10.58,14.5833333333333,20.9875424335856,20.9876424974512,62.0,1399.47826086956,179.410144640708,522.08064516129,72.0971566707037,31659,37.7624151769984,15.5993589611881,62,23,1873.22334572163,2.30645161290322,14794.1666666666,33.45,92843.8221350918,16933.8837209302,20,16,12,10.58,24.0851063829787,5.4,1
FRANK THOMSON,117,8474,141,60.0992907801418,1.22758221063305,37,92,13,16,7934,131.0,51,61,28.26748018475,3357,61,51.03,77.5564310679649,25,38,22.1894798799979,3.0,77.4722681142317,16.1552985603021,-28.5579419400519,-1.12461310725339,55,0.316239316239316,19.0057586227799,0.26241134751773,15.2429577464788,92.0543317829204,81.0678727980449,0.26056338028169,25.4666666666666,32,69,117,15.043956043956,25.4666666666666,31.8739010628526,31.8865942884116,117.0,214.432432432432,89.0730037665734,72.4273504273504,69.6203993093978,6565,58.3438085832592,23.5929305857999,67,36,563.599480800003,2.42735042735042,4524.09999999999,67.05,1064.14555238999,3982.04918032786,31,15,10,15.043956043956,38.12,4.7,1
Fagin Ronald,255,39810,125,318.48,1.21966911764705,81,199,22,31,37225,251.0,111,130,57.7244784841303,10925,134,216.29,167.463428843434,44,81,38.8412137780718,4.79583152331271,77.0258728962572,16.4807837226827,-28.9073097211755,-1.13925691244239,143,0.317647058823529,101.164235294117,0.648,27.5033288948069,199.524434593861,124.772125626412,0.627906976744186,46.45,59,133,255,26.3493975903614,46.45,58.9031803137142,58.9154986184375,255.0,459.567901234567,192.937813815747,156.117647058823,142.586815659793,30664,126.960623816992,46.1984978632344,137,71,1444.5379414593,2.94509803921568,19082.2166666666,123.75,2248.15451132096,19106.0307692307,58,37,19,26.3493975903614,82.0122699386503,27.6666666666666,1
"Fang (Nancy) Li,",113,11011,31,355.193548387096,1.70951715572116,41,104,12,14,10329,102.0,58,66,31.4516460058894,3354,68,73.48,84.7407812095215,24,41,23.1273704406642,1.0,78.5396421760058,15.2665516301879,-20.5975842339478,-1.12512905224034,65,0.362831858407079,128.875535255495,1.32258064516129,6.55304101838755,104.933312155864,66.1448806643056,1.20588235294117,10.947619047619,20,45,113,6.724,10.947619047619,19.9581449275362,19.9672146035782,113.0,251.926829268292,101.631687971813,97.4424778761062,64.6683848568989,8648,65.299310869258,16.6037345196796,41,19,1437.74148037378,6.25663716814159,1854.79325396825,18.8281746031745,1475.78204396231,5372.24242424242,19,29,16,6.724,42.1325301204819,4.25,1
Feigenbaum Edward,333,19681,128,153.7578125,0.353904803006599,49,139,15,19,17859,153.0,72,85,40.728298947956,5115,100,143.01,115.741090369842,13,49,28.048077978367,1.73205080756887,78.542756973731,12.1995833545043,-61.4450485239571,-1.20285980727385,102,0.147147147147147,22.6250234609609,0.3828125,23.2767475035663,140.288987450904,92.1979753935338,0.371212121212121,35.8666666666666,41,100,333,22.8666666666666,35.8666666666666,40.9074127654649,40.9187033179208,333.0,364.469387755102,133.637569567842,59.1021021021021,86.5852181379708,15458,82.5287828578611,33.4733725021346,100,48,479.697778366992,2.1051051051051,10554.9999999999,208.6,579.310889923952,8911.08235294117,40,20,11,22.8666666666666,50.020202020202,17.0,1
Felleisen Matthias,9,4783,23,207.95652173913,106.288888888888,9,9,9,9,4783,506.0,9,9,7.62093592681828,3429,9,20.25,60.0583050043871,9,9,14.3563679577702,3.0,98.3065021952749,1.69349780472506,0.0,0.0,9,1.0,207.95652173913,0.391304347826087,3.24,69.1592365487069,64.9653753933585,0.236842105263157,3.61666666666666,9,10,9,3.24,3.61666666666666,9.98306502195274,9.98306502195274,9.0,531.444444444444,69.1592365487069,531.444444444444,67.4833312752119,4702,9.0,5.39999999999999,9,9,188.791678427611,2.77777777777777,1893.0,3.61666666666666,0.111111111111111,4702.0,9,9,9,3.24,-10.0526315789473,-1.00526315789473,1
Feng Tse-yun,49,2653,24,110.541666666666,2.16571428571428,13,49,7,7,2531,78.0,19,25,13.1477248071528,1187,30,24.03,46.5295604965273,8,14,12.0531760555718,1.0,89.0312853373539,6.37014700339238,-13.0418394270637,-1.07514450867052,16,0.265306122448979,29.3273809523809,0.541666666666666,6.56701030927835,51.5072810387036,39.89987468652,0.228070175438596,9.33333333333333,12,50,49,6.25925925925925,9.33333333333333,11.9516580103875,11.9543912551828,49.0,194.692307692307,50.309044912421,54.1428571428571,31.8433666561813,2362,25.2388589282479,9.02055266435324,38,13,61.234003579022,1.97959183673469,1447.16666666666,30.7499999999999,1123.24238875878,1228.24,11,7,4,6.25925925925925,14.037037037037,7.5,1
Fernando J. Corbato,439,9866,161,61.27950310559,0.102153655001035,47,91,12,14,6854,98.0,66,74,44.9123934306885,2547,131,50.45,70.2993598832877,3,49,22.9787981758201,3.0,47.5572673829312,22.3900263531319,-156.689641191972,-2.36680893798644,153,0.107061503416856,6.56067573112239,0.291925465838509,19.973862536302,99.3277403347121,67.2805073306278,0.284848484848484,35.9499999999999,39,61,439,18.7203389830508,35.9499999999999,38.7756718968463,38.8536387593756,439.0,145.829787234042,82.7888881432768,22.4738041002277,67.8675180038286,4645,65.3987767469698,29.6623655867732,60,47,204.342490525717,2.35307517084282,5286.97619047619,265.92619047619,52.3074948046111,2950.2027027027,38,12,7,18.7203389830508,48.0,48.0,1
Fernando PeÃŒÂrez,109,18410,19,968.947368421052,3.07089241034195,72,109,16,21,16568,145.0,98,108,51.00683593207,5664,109,72.87,108.981649831519,109,74,31.5485485164062,6.9282032302755,62.2270505160238,28.1586094513851,-4.85605649103748,-1.22480256993709,109,0.660550458715596,640.038628681796,3.78947368421052,19.7185929648241,135.683455144685,66.8607413222343,2.76923076923076,30.6333333333333,40,85,109,19.271375464684,30.6333333333333,39.8862123139073,39.917381857686,109.0,230.111111111111,128.716743277632,168.899082568807,102.176318195558,11384,88.5889383614004,37.2496850115172,68,72,1397.34201717133,3.65137614678899,5406.71666666666,33.1666666666666,1587.84222256777,7589.33333333333,39,38,17,19.271375464684,73.0,73.0,1
Ferrari Elena,189,11312,23,491.826086956521,0.630019493177387,55,102,13,16,8679,98.0,77,85,47.646549798878,3312,130,45.66,78.835271294009,16,56,25.4635377626836,6.9282032302755,49.9823196605374,26.7415134370579,-41.8758840169731,-1.82314374692673,141,0.291005291005291,143.123993558776,2.39130434782608,15.2867647058823,106.357886402466,47.8724495777208,1.44736842105263,27.6499999999999,28,55,189,14.0697674418604,27.6499999999999,27.888190184049,27.9355551626591,189.0,157.8,93.1611507013519,59.8518518518518,73.4166193719106,5654,74.899933244296,27.817929637238,50,40,555.524239723293,3.59788359788359,3411.83333333333,58.6666666666667,197.286069966662,3658.47058823529,27,22,11,14.0697674418604,56.009009009009,28.5,1
France Boillod-Cerneaux,7,13,8,1.625,0.464285714285714,2,3,1,1,10,10.0,2,2,2.86666666666666,10,3,0.12,3.16227766016837,1,2,2.13927352681733,1.0,61.5384615384615,30.7692307692307,-61.5384615384615,0.0,1,0.285714285714285,0.464285714285714,0.25,0.559999999999999,3.60555127546398,3.46410161513775,0.2,1.0,2,4,7,0.5,1.0,1.9,1.92307692307692,7.0,5.0,3.16227766016837,1.85714285714285,4.47213595499958,6,2.44948974278317,1.0,1,1,2.83333333333333,3.57142857142857,3.5,2.66666666666666,22.2857142857142,6.0,1,1,1,0.5,3.2,1.5,1
Frances E. Allen,28,1169,49,23.8571428571428,2.87931034482758,10,28,6,5,1132,53.5,14,17,9.66282283324392,653,18,9.98,29.2916370317536,9,10,9.38032590669181,1.0,88.2805816937553,8.55431993156544,-12.0615911035072,-1.03445149592021,10,0.357142857142857,8.5204081632653,0.204081632653061,4.44444444444444,34.1906419945575,32.6266762021509,0.188679245283018,8.2,10,29,28,6.25,8.2,9.92748433303491,9.93071000855432,28.0,113.2,33.6452076825214,41.75,23.1300670124407,1032,16.7332005306815,7.90569415042094,27,9,27.1572200006748,2.25,761.7,18.9833333333333,1277.32432432432,607.058823529411,9,5,2,6.25,11.3333333333333,2.0,1
Francois Gygi,97,7177,22,326.227272727272,1.50999368819692,40,84,13,15,6902,122.5,51,59,27.2956244640117,3080,53,32.27,70.3917608815122,39,40,22.3711131685588,5.91607978309961,73.8748780827643,22.2934373693743,-27.9225303051414,-1.06210621062106,51,0.412371134020618,134.526710402999,1.81818181818181,12.6384364820846,84.7171765346319,55.3064191572732,1.0,18.4999999999999,30,52,97,12.5984251968503,18.4999999999999,29.8602525756065,29.8828201198272,97.0,172.55,83.0782763422544,73.9896907216494,70.0,5302,57.9655069847577,22.4485413306525,51,32,306.968743189156,3.16494845360824,2684.31666666666,36.9499999999999,1857.00671040299,3594.57627118644,29,20,9,12.5984251968503,41.1358024691358,4.25,1
Frank Codd Edgar,4,133,12,11.0833333333333,13.3,4,4,3,1,133,15.0,4,4,4.51428571428571,96,4,1.14,9.79795897113271,4,4,4.48892554899881,1.0,87.96992481203,12.0300751879699,0.0,0.0,3,1.0,11.0833333333333,0.333333333333333,4.0,11.5325625946707,8.71779788708134,0.0625,4.0,4,5,4,4.0,4.0,4.8796992481203,4.8796992481203,4.0,33.25,11.5325625946707,33.25,7.74596669241483,117,4.0,4.0,4,4,2.11925521512385,1.0,133.0,4.0,0.25,117.0,4,1,1,4.0,4.22222222222222,-1.33333333333333,1
Frans Kaashoek,59,12360,32,386.25,6.98305084745762,58,59,15,20,12334,135.5,59,59,33.7401962887011,4559,59,43.96,95.6451776097467,59,58,28.1429978071399,6.85565460040104,72.5728155339805,27.2168284789644,0.0,0.0,59,0.983050847457627,379.703389830508,1.8125,12.721189591078,111.175536877498,69.2651908729534,1.26086956521739,16.1595238095238,33,56,59,12.7424242424242,16.1595238095238,32.8957866883777,32.9171521035598,59.0,212.655172413793,111.058543120284,209.491525423728,88.6510011223787,8970,58.4978632088386,27.1856691302716,56,49,542.147663210302,4.5593220338983,3170.51666666666,16.1595238095238,99379.5567144719,8817.96610169491,32,26,13,12.7424242424242,59.3589743589743,1.60465116279069,1
Franz Franchetti,39,970,22,44.090909090909,1.24358974358974,14,31,7,6,885,59.5,19,23,12.7469796276101,448,27,5.86,26.5518360947035,12,15,10.3456055481224,2.64575131106459,71.0309278350515,20.2061855670103,-27.3195876288659,-1.14373464373464,17,0.358974358974359,15.8275058275058,0.636363636363636,4.04444444444444,31.1448230047948,17.9805450417944,0.538461538461538,6.85,11,23,39,3.76923076923076,6.85,10.8722860791826,10.8969072164948,39.0,63.2142857142857,29.748949561287,24.8717948717948,28.8617393793236,689,20.8326666559996,7.26424330327879,17,9,51.1955851991893,3.46153846153846,316.616666666666,13.7833333333333,258.959276018099,419.391304347826,10,8,4,3.76923076923076,15.1379310344827,3.8,1
Franz Michael,829,266758,95,2807.97894736842,0.775380411876698,291,458,31,65,168947,434.0,386,411,254.547061762439,98928,827,447.95,350.262758511378,193,293,82.0113303291186,26.2106848441623,31.588930791204,31.744502507891,-22.022582265574,-3.72308790793397,829,0.351025331724969,985.671741476731,3.06315789473684,64.7100321888412,516.48620504327,145.363657719278,2.71962616822429,165.903571428571,136,204,829,62.2654411764705,165.903571428571,135.838211403765,135.931679649719,829.0,580.573883161512,411.031628953296,321.782870928829,355.378671278961,84266,365.072595520397,134.607738939308,177,290,14349.8901374622,4.49698431845597,71628.8,235.767857142856,555.809169672256,59662.7883211678,135,107,44,62.2654411764705,292.003430531732,98.0,1
Frederick H Streitz,20,666,6,111.0,3.17142857142857,10,20,6,5,656,55.0,20,14,8.14725171629196,329,10,4.63,22.759613353482,8,10,8.68850350623072,2.64575131106459,84.9849849849849,15.015015015015,-13.5135135135135,0.0,10,0.5,55.5,1.66666666666666,2.85714285714285,25.8069758011278,20.7464856461682,0.434782608695652,2.51666666666666,8,16,20,2.4390243902439,2.51666666666666,7.92032520325203,7.92642642642642,20.0,65.6,25.6124969497313,33.3,23.4520787991171,556,14.1421356237309,4.93864798324794,13,7,35.3256715764455,3.5,169.566666666666,7.71666666666666,0.0499999999999999,397.142857142857,7,7,3,2.4390243902439,11.4761904761904,1.0,1
Frederick P. Brooks,39,10291,63,163.349206349206,13.1935897435897,25,39,14,18,10090,282.0,35,39,19.3446528846947,4334,39,57.46,90.0777441991083,39,25,21.1849021638192,3.3166247903554,92.2164998542415,6.07326790399378,-1.68108055582547,-1.0290073271103,34,0.641025641025641,104.711029711029,0.396825396825396,8.78378378378378,101.444566143288,77.9935894801617,0.284090909090909,15.2833333333333,23,40,39,9.19117647058823,15.2833333333333,22.9517255136644,22.9529686133514,39.0,403.6,100.448992030781,263.871794871794,83.9642781187333,9465,31.2249899919919,15.1584765647708,39,25,331.392977161581,2.84615384615384,5757.69999999999,19.7833333333333,15165.1318473193,6067.30769230769,22,17,10,9.19117647058823,26.0196078431372,13.0,1
Freeman Herbert,165,12396,100,123.96,0.905147864184008,35,111,12,13,11798,81.5,46,56,27.2954853936217,5134,60,103.38,97.8774744259372,10,35,21.95083259065,1.41421356237309,85.5759922555663,9.88222007099064,-32.1393998063891,-1.08219784109007,52,0.212121212121212,26.2945454545454,0.35,18.9344262295081,111.337325277734,80.7041923735481,0.277777777777777,26.0833333333333,30,98,165,20.4166666666666,26.0833333333333,29.9275124978452,29.9321555340432,165.0,337.085714285714,108.618598775716,75.1272727272727,53.4088007729063,10573,62.3297681689896,26.731691553909,83,35,282.245829630131,1.84848484848484,7065.0,116.316666666666,1579.00713709026,6608.125,29,13,7,20.4166666666666,36.0422535211267,9.0,1
Fristacky Norbert,10,36,8,4.5,0.654545454545454,3,5,2,1,21,10.5,4,4,4.83090243090243,16,8,0.24,4.0,1,5,2.82278564277712,1.0,41.6666666666666,25.0,-25.0,-1.73333333333333,1,0.3,1.35,0.375,1.07142857142857,6.0,4.89897948556635,0.0789473684210526,2.83333333333333,3,3,10,1.8,2.83333333333333,2.8095238095238,2.88888888888888,10.0,7.0,4.58257569495584,3.6,5.61248608016091,12,3.87298334620741,2.32379000772445,3,3,1.0960642868962,2.8,17.8333333333333,4.41666666666666,7.2,9.0,2,1,0,1.79999999999999,4.0,4.0,1
G. Bourbakis Nikolaos,82,610,16,38.125,0.179253599764913,14,22,5,3,435,22.5,18,19,14.1796048340343,210,32,3.52,17.7200451466693,1,14,8.64320641256213,3.74165738677394,39.1803278688524,32.1311475409836,-127.049180327868,-1.94117647058823,18,0.170731707317073,6.50914634146341,0.875,7.22012578616352,24.6981780704569,14.361406616345,0.333333333333333,11.5,13,19,82,8.52173913043478,11.5,12.6444444444444,12.7639344262295,82.0,31.0714285714285,20.8566536146142,7.4390243902439,17.7482393492988,239,17.5499287747842,10.9226529664769,19,14,20.2759717593368,1.9390243902439,427.416666666666,53.3666666666666,18.4912891986062,176.105263157894,12,4,2,8.52173913043478,15.103448275862,4.0,1
Gara Alan,119,4327,33,131.121212121212,0.606022408963585,31,64,9,8,3406,63.0,43,49,29.2240937643635,1100,77,23.64,48.6209831245728,8,33,17.0866758168681,2.0,56.5056621215622,22.2093829443032,-41.7610353593713,-1.6724960254372,73,0.260504201680672,34.1576266870384,0.939393939393939,7.57494866529774,65.7799361507747,29.9954163164974,0.837837837837837,14.9666666666666,16,30,119,7.33587786259542,14.9666666666666,15.9170965364775,15.948000924428,119.0,109.870967741935,58.3609458456594,36.3613445378151,44.1927595879687,2445,44.5421149026401,15.0801927620457,28,16,250.82266380134,4.09243697478991,1067.31666666666,34.3166666666666,134.469858301626,1546.83673469387,15,14,6,7.33587786259542,32.015873015873,16.5,1
Garcia-Luna-Aceves Jose,124,11715,40,292.875,1.5116129032258,44,108,15,19,10717,163.0,61,73,34.7033667509196,4053,84,65.61,91.9456361117807,27,45,24.6406893734475,4.58257569495584,74.955185659411,16.5258215962441,-21.5279556124626,-1.18723752944791,82,0.354838709677419,103.923387096774,1.1,19.2112676056338,108.235853579116,62.9489021803739,1.0,27.5833333333333,34,80,124,20.8172043010752,27.5833333333333,33.8920713577799,33.9070422535211,124.0,243.568181818181,103.522944316706,94.4758064516129,84.6876614389605,8781,68.9347517584563,30.2647813348669,73,33,594.161549290836,2.29032258064516,5495.75,61.5333333333333,1014.5262702825,5292.65753424657,33,24,11,20.8172043010752,45.0449438202247,9.8,1
Gehrke Johannes,99,46610,16,2913.125,9.41616161616161,71,99,22,34,45281,288.0,98,99,48.31168401694,13546,99,246.73,186.729751244947,99,71,38.6407556039536,3.60555127546398,86.3334048487449,10.8152756919116,-1.40956876206822,-1.05656391267804,99,0.717171717171717,2089.21085858585,4.4375,19.2575342465753,215.893492259493,101.204850977963,2.44827586206896,27.6166666666666,47,100,99,19.3884615384615,27.6166666666666,46.9502258185924,46.9546020167346,99.0,637.760563380281,212.793326963041,470.80808080808,142.996503453755,40240,83.8391316748927,37.1023014007321,99,51,2289.36728935837,3.68686868686868,14732.1166666666,29.9499999999999,16041.1292002036,28858.9898989899,46,41,22,19.3884615384615,72.06993006993,7.27272727272727,1
Geoffrey Hinton,299,699521,52,13452.3269230769,15.596900780379,156,299,41,71,691189,611.0,217,273,104.895430203175,232551,255,5577.71,764.925486567155,179,157,81.7044280222768,3.3166247903554,95.3299472067314,3.47895202574333,-1.99793858940617,-1.02373161272186,284,0.521739130434782,7018.60535117056,3.0,61.8620689655172,836.373720294941,419.226350651778,2.68965517241379,89.5833333333332,119,300,299,61.4545454545454,89.5833333333332,118.979615260738,118.980094950687,299.0,4430.69871794871,831.377772134906,2339.53511705685,308.732894262985,666853,215.972220435869,97.9127626558922,299,147,48621.7363122804,2.52173913043478,352908.399999999,141.433333333333,194078.365101225,381058.857142857,118,96,60,61.4545454545454,157.009584664536,40.0,1
George Biros,49,4656,11,423.272727272727,3.80081632653061,33,49,11,12,4336,104.0,45,49,24.7016140442887,1990,49,18.86,57.6888204074238,49,33,18.9282159315836,3.16227766016837,69.737972508591,23.3891752577319,-4.42439862542955,-1.13837410427477,47,0.673469387755102,285.061224489795,3.0,9.51176470588235,68.2348884369279,34.8081476504732,1.32,15.0499999999999,21,40,49,9.15126050420168,15.0499999999999,20.8890737659456,20.914089347079,49.0,131.393939393939,65.8483105326173,95.0204081632653,58.5832740635072,3247,40.2119385257662,17.3779054157471,38,22,278.316556274822,3.46938775510204,1514.19999999999,15.7499999999999,1287.52653061224,2186.75510204081,20,19,9,9.15126050420168,34.0447761194029,8.75,1
George Karniadakis,259,40052,36,1112.55555555555,1.18954558954558,83,199,19,28,36032,205.0,116,135,63.6568013650026,9036,165,232.48,160.527256252637,36,84,38.2653379727441,2.44948974278317,72.7629082193149,17.2001398182362,-26.4356336762209,-1.23985044399439,183,0.32046332046332,356.533247533247,2.30555555555555,29.1682496607869,200.12995777744,96.1016000515472,2.075,46.85,57,130,259,31.3136363636363,46.85,56.9046460715154,56.921701787676,259.0,434.12048192771,189.820968283274,154.640926640926,130.441557795052,29143,128.518481161271,50.9807004481285,127,64,1935.52186462142,2.84555984555984,16798.4833333333,103.499999999999,1386.07509172285,17917.5481481481,56,41,18,31.3136363636363,84.0179640718562,21.75,1
Georgiev Iliev Lubomir,4,0,24,0.0,0.0,0,0,0,0,0,0.0,4,1,0.0,0,0,0.0,0.0,0,4,0.0,1.0,0.0,0.0,0.0,0.0,0,0.0,0.0,0.0,0.0,0.0,0.0,0.0,0.0,1,1,4,0.0,3.2,0.0,0.0,3.2,0.0,0.0,0.0,0.0,0,0.0,0.0,0,0,0.0,2.0,0.0,3.2,0.0,0.0,0,0,0,0.0,1.0,1.0,1
Gerald C. Combs,9,11486,13,883.538461538461,255.244444444444,9,9,9,9,11486,1005.0,9,9,7.62093592681828,5025,9,76.97,93.5414346693485,9,9,17.0224005242713,2.23606797749979,99.2947936618492,0.705206338150792,0.0,0.0,9,1.0,883.538461538461,0.692307692307692,2.025,107.17275773255,103.520529364952,0.321428571428571,2.66666666666666,9,10,9,2.025,2.66666666666666,9.99294793661849,9.99294793661849,9.0,1276.22222222222,107.17275773255,1276.22222222222,95.1052049048841,11405,9.0,4.26907484122731,9,9,491.424807332479,4.44444444444444,3434.1,2.66666666666666,0.111111111111111,11405.0,9,9,9,2.025,-3.10526315789473,-1.00806451612903,1
Gerard J. Holzmann,39,9154,21,435.904761904761,11.7358974358974,37,39,13,15,9099,136.0,39,39,23.4062117433312,3294,39,51.66,80.7774721070175,39,37,22.1767909555428,1.0,84.44395892506,14.9552108367926,-0.152938606073847,-1.00429704715733,39,0.948717948717948,413.550671550671,1.76190476190476,20.3239436619718,95.6765383989199,74.5089480084998,0.84090909090909,25.9166666666666,33,40,39,20.1323529411764,25.9166666666666,32.8841497907003,32.8881363338431,39.0,245.918918918918,95.3886785735078,234.717948717948,70.9365914038728,7730,37.9868398264451,27.2928023263191,39,34,310.718599345115,1.82051282051282,5444.41666666666,26.4166666666666,38830.8839160839,7333.58974358974,32,18,9,20.1323529411764,38.1466666666666,3.66666666666666,1
Gerard P Huet,6,1321,17,77.7058823529411,62.9047619047619,4,6,4,4,1316,142.5,5,6,5.04963924963925,965,6,11.58,31.0644491340181,6,5,7.91660246410853,1.0,98.4102952308857,1.2112036336109,-0.227100681302043,-1.0,4,0.666666666666666,51.8039215686274,0.235294117647058,2.18181818181818,36.3455636907724,34.2563862659212,0.0769230769230769,4.0,5,7,6,4.0,4.0,4.98784194528875,4.98788796366389,6.0,329.0,36.2767142944341,220.166666666666,23.8746727726266,1300,4.89897948556635,4.0,6,4,34.7862099013091,1.83333333333333,1317.66666666666,5.16666666666666,57947.8666666666,866.666666666666,4,4,2,4.0,11.8888888888888,1.06349206349206,1
Gerhard Klimeck,39,8257,17,485.705882352941,10.5858974358974,39,39,14,19,8257,189.0,39,39,23.7203242974438,4500,39,23.5,80.2807573457052,39,39,23.543629628795,5.47722557505166,81.5792660772677,18.4207339227322,0.0,0.0,39,1.0,485.705882352941,2.29411764705882,9.75,90.8680361843481,54.4678804434319,1.3,10.9666666666666,34,40,39,9.75,10.9666666666666,33.8570866141732,33.8681119050502,39.0,211.717948717948,90.8680361843481,211.717948717948,85.8545281275251,6736,39.0,19.5,39,37,455.278162653825,4.0,2265.58333333333,10.9666666666666,0.0256410256410256,6736.0,33,28,13,9.75,39.0632911392405,-1.02739726027397,1
Gernot Heiser,369,121003,82,1475.64634146341,1.77254815791401,173,347,32,60,118451,449.0,198,231,98.5173601051642,39699,200,414.69,296.077692506544,170,173,64.7878570299847,9.9498743710662,73.1568638794079,24.7340975017148,-25.9092749766534,-1.03934796281458,218,0.468834688346883,691.834192610218,2.10975609756097,45.8928828181164,347.854854788602,183.997064762647,2.0595238095238,80.3845238095238,117,185,369,53.0656028368794,80.3845238095238,116.870068171723,116.88879614555,369.0,684.687861271676,344.167110572756,327.921409214092,278.705938221631,88522,245.012244591979,95.8141393051158,226,168,11205.6170064324,3.76964769647696,51596.9452380952,132.620238095238,15220.461929004,66295.6969696969,116,93,47,53.0656028368794,174.017291066282,25.0,1
Gerwin Klein,188,7610,28,271.785714285714,0.428346279410109,33,86,10,11,6491,68.0,47,54,30.8186490826503,2779,83,53.86,68.3008052661167,7,34,19.2544617215542,1.0,70.9855453350854,14.3101182654402,-52.5098554533508,-1.37317298797409,82,0.175531914893617,47.7070668693009,1.17857142857142,9.84761904761904,87.2353139502575,51.8009008930668,1.1,17.5499999999999,19,46,188,8.25,17.5499999999999,18.9437206878582,18.9574244415243,188.0,196.696969696969,80.5667425182376,40.4787234042553,47.370877129308,5402,53.2728824074688,16.5,42,27,681.241315545965,3.35106382978723,2125.31666666666,73.8261904761905,234.805534957123,3301.22222222222,18,23,13,8.25,34.0149253731343,17.5,1
Ghafoor Arif,147,4669,35,133.4,0.429214929214929,34,67,11,12,3930,73.0,46,52,28.1350616962494,1608,69,26.3,54.2862781925598,11,35,18.5201413498199,3.46410161513775,60.1413578924823,24.7590490469051,-67.1878346541015,-1.37321591254175,63,0.231292517006802,30.8544217687074,0.971428571428571,11.4109589041095,68.330081223426,33.0032826650117,0.871794871794871,18.3333333333333,22,46,147,11.2233009708737,18.3333333333333,21.8696808510638,21.9055472263868,147.0,115.588235294117,62.6897120746299,31.7619047619047,49.8196748283246,2774,47.7283982551269,19.5343859132993,41,30,154.307946262538,2.97959183673469,1914.85,60.4333333333333,178.587504221546,1813.76923076923,21,13,6,11.2233009708737,35.0,35.0,1
Ghosh Sumit,207,2884,108,26.7037037037037,0.133965068747677,25,48,8,8,1842,61.0,36,41,26.811383346596,896,80,14.23,37.72267222772,1,26,14.4080864742568,4.0,43.0651872399445,21.6712898751733,-122.50346740638,-3.05942857142857,69,0.120772946859903,3.22508498837001,0.231481481481481,12.1764705882352,53.7028863283901,30.5709557150791,0.223214285714285,18.7833333333333,22,30,207,10.4166666666666,18.7833333333333,21.7484312606959,21.8470873786407,207.0,73.68,42.9185274677498,13.9323671497584,39.0512483795332,1217,34.6410161513775,16.1374306091975,29,24,113.811190045894,2.05314009661835,1393.25,125.466666666666,25.5769217980324,742.073170731707,21,10,4,10.4166666666666,26.0,26.0,1
Gonzalo Alvarez,359,11708,55,212.872727272727,0.18118229650263,59,102,12,14,8662,107.0,79,86,49.9715280495686,3840,140,49.67,78.9493508523027,4,60,25.9056747151396,6.32455532033675,44.7557225828493,29.7318073112401,-125.666211137683,-1.95908855515277,157,0.164345403899721,34.9846543428716,1.07272727272727,19.0305480682839,108.203511957791,41.4431289420566,1.0,28.7666666666666,30,61,359,15.069264069264,28.7666666666666,29.865072998556,29.9281687734882,359.0,146.813559322033,93.0698662296234,32.6128133704735,79.454389431925,5181,77.5757694128778,29.8175548978547,49,48,605.651729632044,3.10027855153203,3599.98333333333,155.383333333333,95.2180600615667,3554.40697674418,29,22,9,15.069264069264,60.0,60.0,1
Gordon Bell C.,85,2201,80,27.5125,0.60218878248974,17,46,8,7,1878,61.0,26,31,17.7053277756724,732,44,15.81,37.1483512420134,6,18,12.607623592817,2.0,72.1944570649704,13.130395274875,-37.8464334393457,-1.34605597964376,30,0.2,5.50249999999999,0.2125,7.56544502617801,46.9148164229596,32.9226365894349,0.154545454545454,11.4666666666666,14,41,85,6.28260869565217,11.4666666666666,13.9046813310772,13.9232167196728,85.0,110.470588235294,43.3358973600409,25.8941176470588,32.2024843762092,1589,27.9642629082191,10.3346189008635,33,14,46.2187230683672,2.24705882352941,1175.86666666666,50.6166666666666,150.554653068657,871.387096774193,13,6,3,6.28260869565217,18.1142857142857,4.4,1
Gourab Panigrahi,3,1,2,0.5,0.166666666666666,1,1,1,0,0,0.0,3,1,1.0,1,1,0.01,1.0,0,1,1.0,1.0,0.0,100.0,-100.0,0.0,0,0.333333333333333,0.166666666666666,0.5,0.25,1.0,1.0,0.25,0.25,1,1,3,0.25,0.25,-5.0,-5.0,3.0,0.0,0.0,0.333333333333333,0.0,-1,1.0,0.5,0,0,0.5,4.0,0.25,0.75,0.333333333333333,-1.0,0,1,0,0.25,2.33333333333333,1.0,1
Govindaraju Venu,99,10080,24,420.0,2.03636363636363,58,99,13,15,8378,113.0,79,87,44.6060464276095,3465,99,30.95,78.4920378127616,99,58,25.8342146870415,6.70820393249936,50.3174603174603,33.3730158730158,-7.27182539682539,-1.45729303547963,99,0.585858585858585,246.060606060606,2.41666666666666,20.88,100.399203184089,49.4528394870641,1.52631578947368,33.3499999999999,35,59,99,21.025,33.3499999999999,34.8268164794007,34.8853174603174,99.0,144.448275862068,91.5314153719912,101.818181818181,80.9567785920363,5014,75.7759856418905,34.9206242784976,58,40,528.616239092939,2.77777777777777,4002.64999999999,38.6833333333333,522.468480424684,3342.66666666666,34,24,10,21.025,59.008547008547,29.5,1
Grandison Tyrone,76,1996,20,99.8,0.68215994531784,22,44,8,8,1739,64.5,30,34,19.0141720965192,825,42,11.32,36.8646171823335,11,22,13.5074789667205,3.3166247903554,62.875751503006,24.2484969939879,-46.5430861723446,-1.27829560585885,31,0.289473684210526,28.8894736842105,1.1,6.96666666666666,44.6766158073773,25.8453735382821,0.916666666666666,11.1666666666666,16,39,76,6.91428571428571,11.1666666666666,15.8531331592689,15.8872745490981,76.0,79.0454545454545,41.701318923986,26.2631578947368,37.6696164036747,1255,31.112698372208,12.3334620327905,24,16,118.925998725889,3.1578947368421,699.933333333333,31.0999999999999,177.710628711857,812.058823529411,15,12,5,6.91428571428571,23.0888888888888,5.0,1
Greg Adams,161,2631,47,55.9787234042553,0.201748332183114,20,50,8,8,2305,61.5,28,34,18.7494545531172,778,47,19.78,40.5339363990224,4,20,13.8127453081656,1.0,72.4059293044469,15.2033447358418,-94.7168377042949,-1.23685528292438,30,0.124223602484472,6.95387868375842,0.425531914893617,7.03056768558952,51.2932744129286,34.4359308474931,0.392156862745098,9.76666666666666,15,40,161,5.6338028169014,9.76666666666666,14.9058145122537,14.9255036107943,161.0,115.25,48.0104155366312,16.3416149068322,35.0713558335003,1905,31.6227766016837,10.6148978486855,36,17,118.941249317771,2.8447204968944,1418.71904761904,87.1095238095238,115.54424036886,1120.58823529411,14,11,5,5.6338028169014,21.2682926829268,2.5,1
Gregory Brown,729,110001,83,1325.31325301204,0.413405490726647,155,312,23,41,82101,263.5,208,231,133.252841513711,24505,414,490.76,238.86816447572,28,156,55.0229035856205,13.0,52.9367914837137,21.8407105389951,-55.6585849219552,-1.99890242563933,716,0.212620027434842,281.788140215181,1.86746987951807,45.895613322502,331.663986588836,111.208966600258,1.58163265306122,85.2,80,171,729,42.5221238938053,85.2,79.9073293142874,79.943264152144,729.0,529.683870967741,286.532720644606,150.893004115226,202.095274561282,58076,219.909072118455,81.1845379585289,203,138,4965.50617169537,3.37722908093278,49319.7333333332,266.333333333333,447.354656568825,38968.7445887445,79,56,25,42.5221238938053,156.0,156.0,1
Gruska Jozef,59,790,30,26.3333333333333,0.446327683615819,14,27,6,5,700,39.5,19,22,12.8044891255594,372,26,4.78,22.7376340018041,5,15,9.80643013375993,3.46410161513775,63.7974683544303,24.8101265822784,-68.3544303797468,-1.17147435897435,16,0.23728813559322,6.24858757062146,0.466666666666666,7.375,28.1069386451103,22.0075744536587,0.23728813559322,11.6666666666666,13,25,59,8.9090909090909,11.6666666666666,12.7788018433179,12.8177215189873,59.0,50.0,26.4575131106459,13.3898305084745,23.5159520326096,504,19.4422220952235,11.1681364930445,25,14,17.1804538196891,1.89830508474576,672.333333333333,41.5833333333333,104.143126177024,320.727272727272,12,4,1,8.90909090909091,15.3103448275862,2.4,1
Guangwen Yang,273,4390,31,141.612903225806,0.117376540734204,35,61,9,9,3213,50.0,45,50,31.2721168579726,1295,81,23.85,47.486840282335,2,35,17.584471595942,5.91607978309961,45.2847380410022,27.9043280182232,-162.892938496583,-1.98985016916384,78,0.128205128205128,18.1555004135649,1.12903225806451,7.52362204724409,66.2570750939097,30.5443666382744,1.0,12.8999999999999,14,28,273,6.31443298969072,12.8999999999999,13.9228310502283,13.9615034168564,273.0,91.8,56.6833308830735,16.080586080586,41.8330013267037,1988,46.2060602085916,14.8662421155843,21,14,443.447792914859,4.65201465201465,843.008333333333,65.9,43.8971309064767,1391.6,13,18,9,6.31443298969072,36.056338028169,7.6,1
Gyan Bhanot,106,4600,42,109.523809523809,0.811144418973726,34,67,10,10,4032,84.0,48,53,27.4462873491194,1872,60,23.39,53.2071423776921,14,35,18.5888566449815,5.09901951359278,62.5217391304347,25.1304347826086,-40.8695652173913,-1.28473413379073,57,0.320754716981132,35.1302785265049,0.809523809523809,11.7777777777777,67.8232998312526,46.6360018297738,0.739130434782608,20.9999999999999,24,46,106,12.1684210526315,20.9999999999999,23.8480758184951,23.885,106.0,118.588235294117,63.4980314655501,43.3962264150943,53.4415568635495,2876,47.7283982551269,20.340263414948,46,26,134.890966739712,2.88679245283018,2255.61666666666,50.9666666666666,308.052086101514,1844.98113207547,23,11,6,12.1684210526315,35.0144927536231,18.0,1
H. Bridge William,11,322,76,4.23684210526315,4.87878787878787,7,11,5,4,315,43.0,9,11,6.86964593713819,172,10,1.98,15.52417469626,8,7,6.74177673052015,2.0,82.6086956521739,15.2173913043478,-5.59006211180124,-0.996794871794871,7,0.636363636363636,2.69617224880382,0.0921052631578947,2.48387096774193,17.9443584449263,12.8582010146572,0.0707070707070707,2.56666666666666,7,12,11,1.88461538461538,2.56666666666666,6.87837837837837,6.88819875776397,11.0,45.0,17.7482393492988,29.2727272727272,17.3493515728974,266,8.77496438739212,3.63212165163939,10,5,13.0504984628897,2.81818181818181,109.483333333333,5.56666666666666,1317.27272727272,169.272727272727,6,5,2,1.88461538461538,9.0,1.25,1
H. Liskov Barbara,31,1765,104,16.9711538461538,3.55846774193548,12,31,7,6,1693,84.0,17,22,11.2162692745601,655,21,13.86,35.8747822293041,10,12,11.1320283444058,1.0,88.441926345609,8.15864022662889,-9.46175637393767,-1.04710144927536,14,0.387096774193548,6.56947890818858,0.115384615384615,5.63636363636363,42.0119030752,38.0591644679701,0.096,7.5,12,32,31,5.76,7.5,11.9285292380389,11.9314447592068,31.0,141.083333333333,41.1460812228819,56.9354838709677,31.749015732775,1549,19.2873015219859,8.31384387633061,31,12,46.3485062706488,2.12903225806451,1030.75,18.0,1617.91666666666,844.90909090909,11,6,4,5.76,13.04,6.5,1
H. Sequin Carlo,166,7632,47,162.382978723404,0.550609624125243,40,86,11,12,6599,84.0,55,63,33.2118431768622,2296,80,46.83,68.4324484437025,11,40,21.3271433804726,2.64575131106459,65.5005241090146,20.964360587002,-52.4895178197065,-1.33202497769848,77,0.240963855421686,39.1284286080492,0.851063829787234,20.060422960725,87.3613186713662,58.8309725683107,0.784313725490196,26.3333333333333,29,62,166,17.9775280898876,26.3333333333333,28.8694638694638,28.8972746331236,166.0,164.975,81.2342292386651,45.9759036144578,57.9655069847577,4999,58.6515131944607,26.8160609261596,59,40,242.400027160688,1.99397590361445,3822.91666666666,101.083333333333,293.702795693908,3173.96825396825,28,14,8,17.9775280898876,41.0617283950617,7.5,1
H. Spafford Eugene,69,10862,16,678.875,4.49772256728778,45,69,15,19,10380,164.5,59,69,30.9649617049736,3969,67,50.17,91.2523972287851,69,45,24.982226456828,4.58257569495584,77.3338243417418,18.6429755109556,-5.85527527158902,-1.07650109714741,61,0.652173913043478,442.744565217391,2.8125,18.9329268292682,104.220919205311,61.4634037456436,1.28571428571428,25.5666666666666,35,70,69,19.1037735849056,25.5666666666666,34.8823529411764,34.8935739274535,69.0,230.666666666666,101.8822850156,157.420289855072,86.0377823981999,8355,55.7225268630201,29.3201263865071,69,35,395.944037408926,2.37681159420289,5768.3,35.2333333333333,3755.39249825887,5448.91304347826,34,21,10,19.1037735849056,46.076923076923,5.75,1
H. Ware Willis,111,841,52,16.1730769230769,0.13529601029601,13,27,6,4,622,42.0,19,22,14.380873349122,310,35,5.83,22.0227155455452,1,15,9.29886408334847,3.16227766016837,55.4102259215219,20.0951248513674,-126.991676575505,-1.65158371040723,18,0.117117117117117,1.89414414414414,0.25,6.58904109589041,28.9999999999999,22.3941956765586,0.158536585365853,12.8333333333333,14,29,111,10.5625,12.8333333333333,13.7338582677165,13.7990487514863,111.0,47.8461538461538,24.9399278266798,7.57657657657657,23.3666428910958,453,18.7349939951951,11.7180416452579,26,13,17.0139006402397,1.97297297297297,780.983333333333,81.6833333333333,23.354981194787,267.681818181818,13,4,1,10.5625,14.0,14.0,1
Hagi Lachover,3,24,0,24.0,4.0,2,3,2,1,22,11.0,3,3,3.4,17,3,0.17,4.12310562561766,3,3,2.52174019342148,1.0,75.0,16.6666666666666,0.0,0.0,1,0.666666666666666,16.0,2.0,0.461538461538461,4.89897948556635,3.3166247903554,0.0588235294117647,0.866666666666666,2,4,3,0.363636363636363,0.866666666666666,1.94117647058823,1.95833333333333,3.0,11.0,4.69041575982343,8.0,4.69041575982343,18,2.44948974278317,0.852802865422441,1,1,0.705882352941176,4.33333333333333,4.83333333333333,0.866666666666666,88.0,12.0,1,1,0,0.363636363636363,3.6,1.5,1
Han Jiawei,504,83221,112,743.044642857142,0.653944680182303,111,287,27,41,77552,312.0,150,179,78.2793266478847,22050,200,490.34,240.786212229853,35,111,50.0665054090677,5.47722557505166,78.3828600954086,14.8051573521106,-45.6038740221819,-1.14897488609845,251,0.220238095238095,163.646736819727,0.991071428571428,39.7894736842105,288.480501940771,97.2469916293166,0.956896551724137,51.9261904761905,76,172,504,33.390243902439,51.9261904761905,75.921462679065,75.9324088871799,504.0,698.666666666666,278.481597237591,165.121031746031,186.096749031249,65231,178.485293511818,60.8795291799364,170,104,3644.96406028788,2.78968253968253,30208.1452380952,232.519047619047,2258.85804444668,40450.5083798882,75,53,30,33.390243902439,112.013452914798,28.25,1
"Han Wang,",439,85300,25,3412.0,0.883205632636156,158,263,22,36,55134,247.0,212,228,142.964882347068,32725,439,201.5,198.164073434111,124,159,52.7260205230292,19.6214168703485,35.369284876905,29.2661195779601,-16.6846424384525,-3.37741781421635,439,0.359908883826879,1228.00911161731,6.32,27.9685483870967,292.061637330204,83.5422685293835,5.44827586206896,76.8396825396826,58,97,439,27.3728070175438,76.8396825396826,57.9041394978314,57.9619109026963,439.0,348.949367088607,234.806303152193,194.305239179954,197.549993672487,30170,203.847982575251,65.7639985765154,89,75,12301.5587902902,5.64920273348519,16218.9849206349,84.073015873016,355.129120763362,20907.2807017543,57,100,49,27.3728070175438,159.003154574132,80.0,1
Hans-J. Boehm,112,3411,40,85.275,0.539032869785082,29,57,10,10,3017,71.0,39,44,23.4119746219172,1166,50,19.95,45.8366665454633,11,30,16.568970139894,3.3166247903554,63.7936089123424,24.6555262386396,-59.0149516270888,-1.24396681749622,44,0.258928571428571,22.0801339285714,0.725,13.0441767068273,58.4037670017954,44.3617703283656,0.659090909090909,21.65,24,47,112,13.5645161290322,21.65,23.8118776671408,23.8449135150982,112.0,104.03448275862,54.9272245794378,30.4553571428571,45.3762052181537,2176,40.6571027005122,19.8335818182681,43,28,248.754062169404,2.22321428571428,1977.48333333333,70.8,233.207645939086,1434.18181818181,23,15,9,13.5645161290322,30.0338983050847,10.6666666666666,1
Haohuan Fu,79,6536,17,384.470588235294,2.06835443037974,39,79,11,11,5578,65.0,53,61,32.7598536921459,1732,78,33.85,63.3798075099633,60,39,20.2675323352301,2.0,62.0716034271725,23.2711138310893,-9.17992656058751,-1.38651492377066,77,0.493670886075949,189.801935964259,2.29411764705882,6.98639455782312,80.8455317256309,35.5648301395795,1.95,13.8753968253968,17,35,79,6.79017857142857,13.8753968253968,16.9407270201435,16.9608323133414,79.0,143.025641025641,74.6860093993513,82.7341772151898,50.3487835006964,4057,55.5067563455116,16.2731977277274,30,15,1238.14052752802,5.58227848101265,1195.98253968253,15.2920634920634,481.723633096377,2593.81967213114,16,29,16,6.79017857142857,40.0379746835443,10.25,1
"Haohuan Fu,",130,3503,16,218.9375,0.411391661773341,31,57,9,8,2883,50.0,40,44,25.9168961367976,961,63,20.44,44.4859528390704,6,31,16.4755617306341,5.56776436283002,55.7522123893805,27.433628318584,-70.7393662574935,-1.43288020390824,57,0.238461538461538,52.208173076923,1.9375,6.53160453808752,59.1861470278307,24.8572591677629,1.55,10.9440476190476,14,28,130,5.82424242424242,10.9440476190476,13.9221915285451,13.9517556380245,130.0,93.0,53.6935750346351,26.9461538461538,39.370039370059,1922,42.0356991139674,13.4369459011903,22,13,404.606999931612,4.74615384615384,693.710714285714,33.4583333333333,133.312550607287,1354.13636363636,13,18,9,5.82424242424242,32.031746031746,10.6666666666666,1
Hari Balakrishnan,509,130960,218,600.733944954128,1.00897569243807,126,361,26,46,123725,345.0,173,203,89.0658493330206,38706,221,897.75,305.131119356908,44,126,55.0776889702274,1.73205080756887,82.4488393402565,12.1227855833842,-31.4202810018326,-1.11623469413949,265,0.2475442043222,148.708206413006,0.577981651376146,35.9697139652271,361.883959301874,146.47594385573,0.567567567567567,52.3833333333333,75,204,509,34.3636363636363,52.3833333333333,74.9519606983068,74.9581857055589,509.0,981.944444444444,351.745646739231,257.288801571709,208.494604246728,107849,213.274471046114,65.8013539512537,188,87,7296.47765548625,3.50294695481335,36430.9666666666,172.783333333333,4482.41318940185,66940.7586206896,74,75,38,34.3636363636363,127.003952569169,63.5,1
Harvey Tuch,55,1004,20,50.2,0.651948051948051,16,31,6,4,868,32.0,21,23,14.2670363329617,396,30,6.67,24.3926218353009,4,16,10.350725431846,1.41421356237309,62.5498007968127,25.4980079681274,-50.0,-1.219794344473,21,0.29090909090909,14.6036363636363,0.8,4.97175141242937,31.6859590355097,27.046256672597,0.727272727272727,9.25,11,30,55,5.68888888888888,9.25,10.8675496688741,10.9003984063745,55.0,54.25,29.4618397253124,18.2545454545454,22.6274169979695,612,22.27105745132,9.5405567039991,18,11,90.4938378142325,3.21818181818181,386.266666666666,22.0166666666666,134.475151515151,425.739130434782,10,7,4,5.68888888888888,17.060606060606,5.66666666666666,1
Heliang Huang,28,44,22,2.0,0.108374384236453,3,5,2,1,27,5.0,4,4,5.22116726605083,18,10,0.32,4.12310562561766,0,4,2.93176424369648,3.0,40.9090909090909,20.4545454545454,-131.818181818181,-1.23076923076923,1,0.107142857142857,0.214285714285714,0.136363636363636,1.09090909090909,6.6332495807108,5.19615242270663,0.12,1.89285714285714,3,4,28,0.692307692307692,1.89285714285714,2.81818181818181,2.9090909090909,28.0,9.0,5.19615242270663,1.57142857142857,3.87298334620741,18,3.87298334620741,1.44115338424578,1,1,9.56356421356421,2.75,14.345238095238,11.6761904761904,2.49579831932773,13.5,2,2,1,0.692307692307692,4.28571428571428,2.0,1
Henri Vincenti,49,852,10,85.2,0.695510204081632,14,29,6,4,728,45.5,21,24,13.6546592983222,390,29,4.84,23.895606290697,9,14,9.91613250580768,3.60555127546398,62.4413145539906,23.0046948356807,-42.7230046948356,-1.30357142857142,20,0.285714285714285,24.3428571428571,1.4,3.23584905660377,29.1890390386528,17.4379853576419,1.16666666666666,6.88571428571428,9,17,49,3.37931034482758,6.88571428571428,8.87901701323251,8.92488262910798,49.0,52.0,26.981475126464,17.3877551020408,25.2388589282479,532,20.1494416796098,6.87825158216724,15,13,230.857575757575,4.32653061224489,257.095238095238,14.6690476190476,102.082949308755,310.333333333333,8,15,8,3.37931034482758,15.4137931034482,1.92307692307692,1
Hoare C.A.R.,375,43822,29,1511.10344827586,0.621588652482269,49,208,16,20,41723,148.0,70,87,41.0308902683034,17886,102,384.88,181.782837473728,13,49,31.1997538948775,1.41421356237309,89.7311852494181,5.4789831591438,-31.6598968554607,-1.09515527324057,112,0.130666666666666,197.450850574712,1.68965517241379,27.7567975830815,209.337048799298,142.023681794538,0.777777777777777,39.65,43,216,375,26.6777777777777,39.65,42.9572757217593,42.9597462461777,375.0,851.489795918367,204.262086545692,116.858666666666,85.158675424175,39322,100.955435712991,36.1553745812584,193,48,997.884667794675,1.76533333333333,37843.8666666666,277.95,2322.86524503731,22146.8735632183,42,19,9,26.6777777777777,50.060606060606,7.85714285714285,1
Hoare Tony,99,2579,52,49.5961538461538,0.521010101010101,23,50,9,9,2246,68.0,31,37,20.1248160587872,981,47,15.21,41.2916456441251,10,23,14.6219506449642,3.0,66.5761923226056,20.5118262892594,-54.8274525009693,-1.28165374677002,31,0.232323232323232,11.5223387723387,0.442307692307692,10.8947368421052,50.7838557023785,38.3262312261458,0.410714285714285,15.9666666666666,21,40,99,8.67213114754098,15.9666666666666,20.8155832180728,20.8449011244668,99.0,97.6521739130434,47.3919824442911,26.050505050505,39.5474398665703,1717,33.9116499156263,14.1229960133621,31,23,129.393283966682,2.11111111111111,1151.18333333333,67.0666666666666,175.70400703734,1067.32432432432,20,13,6,8.67213114754098,24.063829787234,6.5,1
Hongtao You,6,152,32,4.75,7.23809523809523,1,6,1,1,150,150.0,1,3,2.53333333333333,150,3,1.51,12.2474487139158,1,3,3.49963551158058,1.0,98.0263157894736,0.657894736842105,-1.97368421052631,-0.97986577181208,1,0.166666666666666,0.791666666666666,0.03125,0.222222222222222,12.3288280059379,12.2474487139158,0.025,0.616666666666666,2,7,6,0.166666666666666,0.616666666666666,1.99333333333333,1.99342105263157,6.0,150.0,12.2474487139158,25.3333333333333,12.2474487139158,149,2.44948974278317,0.408248290463863,5,1,18.8809523809523,4.5,25.45,1.4,1899.99999999999,49.6666666666666,1,1,1,0.166666666666666,51.6666666666666,1.00666666666666,1
Hongzhang Shan,41,1228,23,53.391304347826,1.42624854819976,18,35,7,6,1123,54.0,24,27,15.0318361265239,531,28,6.76,29.3087017795056,15,18,11.5837034074263,3.0,65.0651465798045,26.3843648208469,-25.0814332247557,-1.14685990338164,23,0.439024390243902,23.4400848356309,0.782608695652174,5.34782608695652,35.0428309358704,22.9328730573966,0.666666666666666,8.43333333333333,12,21,41,4.9090909090909,8.43333333333333,11.8716861081654,11.9014657980456,41.0,62.3888888888888,33.511192160232,29.9512195121951,31.1769145362397,799,25.0998007960222,9.40019342160768,19,14,64.8321501855806,3.36585365853658,394.969047619047,14.6095238095238,320.335423925667,532.666666666666,11,8,4,4.9090909090909,19.054054054054,6.66666666666666,1
Hopcroft John,306,49047,116,422.818965517241,1.04419748355368,66,221,18,24,46347,194.0,94,113,51.5022585514045,15702,130,384.23,189.942096439941,20,66,35.9175167119527,1.0,85.7483638143005,8.88127714233286,-26.9211164801109,-1.1117168077002,145,0.215686274509803,91.196247464503,0.568965517241379,24.9950495049504,221.465572945322,118.678106056436,0.55,39.9333333333333,52,175,306,26.0838323353293,39.9333333333333,51.9422308102345,51.9469692335922,306.0,702.227272727272,215.283533973223,160.28431372549,113.154761278525,41991,120.772513429173,41.4913597527453,152,65,1132.27799446008,2.64052287581699,23223.9166666666,142.3,2824.32644378936,24525.7168141592,51,25,14,26.0838323353293,67.0150375939849,22.3333333333333,1
Horejs Jiri,18,67,25,2.68,0.391812865497076,3,8,2,2,58,25.0,4,5,4.69216796275619,50,9,0.6,7.34846922834953,2,3,3.51925628608297,1.41421356237309,73.1343283582089,13.4328358208955,-52.2388059701492,-0.96078431372549,2,0.166666666666666,0.446666666666666,0.12,2.25,8.18535277187245,7.6157731058639,0.0483870967741935,3.0,4,7,18,3.0,3.0,3.84482758620689,3.86567164179104,18.0,19.3333333333333,7.6157731058639,3.72222222222222,8.66025403784438,49,4.89897948556635,3.0,8,3,1.20410675614755,1.33333333333333,66.0,15.6666666666666,23.9876543209876,29.4,3,1,0,3.0,4.28571428571428,1.66666666666666,1
Horst D Simon,179,13990,38,368.157894736842,0.868404717566728,40,118,14,17,13311,155.5,55,67,30.5144531009276,4872,70,102.98,101.479061879778,20,40,24.8594747626118,2.0,83.7097927090779,11.4367405289492,-34.8606147248034,-1.09022734449005,65,0.223463687150837,82.2699206115848,1.05263157894736,14.4646464646464,118.279330400539,80.3865660418455,0.952380952380952,20.1333333333333,30,82,179,13.3333333333333,20.1333333333333,29.9336489151873,29.9398856325947,179.0,332.775,115.373307138176,78.1564245810055,78.8669766125214,11711,68.7022561492706,23.094010767585,77,37,528.111435240662,2.76536312849162,6005.28333333333,86.1833333333333,1532.16519528389,6991.64179104477,29,21,10,13.3333333333333,41.0864197530864,5.5,1
Hosaka Mamoru,56,636,69,9.21739130434782,0.398496240601503,12,24,6,4,527,46.0,16,19,12.0366277332733,328,28,4.23,21.540659228538,4,12,8.78744855937664,2.82842712474619,62.1069182389937,22.6415094339622,-67.6100628930817,-1.280353200883,14,0.214285714285714,1.9751552795031,0.17391304347826,5.33333333333333,25.2190404258369,19.9374020373768,0.164383561643835,6.95,10,18,56,4.8,6.95,9.83503054989816,9.87264150943396,56.0,43.9166666666666,22.9564805664979,11.3571428571428,23.4946802489414,383,16.9705627484771,7.58946638440411,16,10,19.152820012566,2.25,309.316666666666,30.3666666666666,63.1082474226804,241.894736842105,9,5,1,4.8,13.04,6.5,1
Huarong Chen,9,999,9,111.0,22.2,9,9,7,7,999,98.0,9,9,7.62093592681828,581,9,5.2,28.7054001888146,9,9,9.59960350004452,2.64575131106459,91.8918918918919,8.1081081081081,0.0,0.0,9,1.0,111.0,1.0,1.22727272727272,31.6069612585582,21.8574929943943,0.75,1.23809523809523,8,10,9,1.22727272727272,1.23809523809523,7.94597574421168,7.95095095095095,9.0,111.0,31.6069612585582,111.0,29.6984848098349,918,9.0,3.32347025644198,9,7,268.25,7.33333333333333,139.934523809523,1.23809523809523,0.111111111111111,918.0,7,9,7,1.22727272727272,7.68421052631578,-1.04651162790697,1
Hugo Herbelin,86,2442,32,76.3125,0.652766639935846,25,49,8,7,2120,52.5,34,38,20.8587712058832,791,47,14.81,37.7624151769984,7,26,14.6157805821298,2.64575131106459,62.2440622440622,25.5937755937755,-50.2866502866502,-1.25787506673785,35,0.290697674418604,22.1838662790697,0.78125,8.3011583011583,49.4165964024233,40.6714478063747,0.694444444444444,16.5666666666666,19,39,86,9.32835820895522,16.5666666666666,18.8316008316008,18.8673218673218,86.0,84.8,46.0434577328853,28.3953488372093,36.2284418654736,1495,35.0,15.2711805445381,34,24,129.041232622928,3.01162790697674,1217.45,43.3333333333333,205.077519379844,983.552631578947,18,13,5,9.32835820895522,26.0,26.0,1
Hui-I Hsiao,49,3234,31,104.322580645161,2.64,27,49,10,11,3063,98.0,35,40,20.2106972656377,1472,38,15.16,49.4974746830583,31,27,16.5052320659697,4.0,72.1706864564007,22.5417439703153,-13.0488559059987,-1.09150102810143,34,0.551020408163265,57.4838709677419,0.870967741935483,9.0,56.8682688324517,45.3265926361115,0.771428571428571,12.3166666666666,22,37,49,8.89024390243902,12.3166666666666,21.8448275862068,21.8636363636363,49.0,113.444444444444,55.3443764080868,66.0,51.4392845984467,2334,36.3730669589464,15.4931141274391,34,22,142.078872799881,3.0,1199.55,19.6833333333333,1182.21052631578,1575.45,21,14,7,8.89024390243902,28.0363636363636,9.66666666666666,1
Ichikawa Tadao,111,2519,62,40.6290322580645,0.40524453024453,24,49,8,8,2070,46.0,33,38,21.7482616430844,703,50,15.69,39.6106046406767,4,24,14.2636745160054,4.35889894354067,60.2620087336244,22.8662167526796,-65.9785629217943,-1.42316784869976,39,0.216216216216216,8.7846556233653,0.387096774193548,7.85840707964601,50.1896403653184,35.4189214968496,0.363636363636363,12.9166666666666,16,31,111,7.2,12.9166666666666,15.8754842280022,15.9106788408098,111.0,86.25,45.4972526643093,22.6936936936936,33.2264954516723,1494,34.2928563989644,13.1453413801239,26,17,82.319511668983,3.05405405405405,816.05,45.1833333333333,111.813163751987,943.578947368421,15,8,4,7.19999999999999,25.0204081632653,12.5,1
Ilya Lashuk,12,632,16,39.5,8.1025641025641,7,12,5,5,632,88.0,12,11,6.43270063270063,352,7,4.31,22.781571499789,7,7,7.91487688003634,2.0,92.2468354430379,7.75316455696202,-4.43037974683544,0.0,7,0.583333333333333,23.0416666666666,0.4375,2.04878048780487,25.139610179953,16.8918126124265,0.35,2.33333333333333,7,13,12,2.13043478260869,2.33333333333333,6.94127243066884,6.94303797468354,12.0,90.2857142857142,25.139610179953,52.6666666666666,24.8193472919817,583,9.16515138991168,3.86174099057159,12,6,41.672268907563,3.41666666666666,195.833333333333,4.45,0.0833333333333333,371.0,6,6,4,2.13043478260869,9.26666666666666,1.0,1
Ivan Sutherland,105,17905,74,241.959459459459,3.21743036837376,32,105,12,15,17347,100.0,44,57,25.9605659017062,8952,60,154.89,119.69962405956,18,33,23.3561657412838,1.73205080756887,91.3432002234012,5.71907288466908,-10.1089081262217,-1.0541901095647,52,0.304761904761904,73.7400257400257,0.432432432432432,20.6134969325153,133.809566175217,102.469507659595,0.307692307692307,25.7333333333333,27,106,105,16.2539682539682,25.7333333333333,26.960583090379,26.9622451829098,105.0,542.09375,131.708010386612,170.523809523809,56.5685424949238,16323,57.9655069847577,22.8062926431935,105,28,372.337053297378,1.55238095238095,16468.2333333333,83.6499999999999,5634.09369907658,9163.78947368421,26,13,7,16.2539682539682,33.0,33.0,1
J Strother Moore,166,5621,50,112.42,0.405526296803982,40,73,11,12,4795,87.0,54,60,31.6584965004732,1900,74,28.65,58.6600375042498,11,41,20.3291628333925,3.16227766016837,56.8404198541184,28.4646859989325,-74.9688667496886,-1.36068845098528,69,0.240963855421686,27.089156626506,0.8,19.7619047619047,74.9733285909062,50.8127280642688,0.74074074074074,29.2,32,70,166,18.6046511627907,29.2,31.7798396334478,31.8290339797189,166.0,119.875,69.2459385090562,33.8614457831325,58.9915248150105,3195,54.0370243444251,27.2797735788189,53,40,192.85291113556,2.02409638554216,3094.84999999999,104.433333333333,196.568562385133,2130.0,31,15,7,18.6046511627907,41.0246913580246,14.3333333333333,1
J. Culler Glen,29,215,34,6.3235294117647,0.494252873563218,8,14,4,3,185,23.0,11,12,8.53804290284032,114,14,1.47,12.1243556529821,3,10,6.12056596126543,2.44948974278317,56.2790697674418,29.7674418604651,-64.1860465116279,-1.14110429447852,7,0.275862068965517,1.74442190669371,0.235294117647058,3.46268656716417,14.6628782986151,12.0623380818148,0.119402985074626,6.25,8,15,29,4.0,6.25,7.7215909090909,7.77209302325581,29.0,23.125,13.6014705087354,7.41379310344827,13.5646599662505,121,10.5830052442583,5.65685424949238,10,8,3.94402817260895,2.3103448275862,123.583333333333,16.4333333333333,45.7183908045976,80.6666666666666,7,2,0,4.0,9.05882352941176,5.0,1
J. Dally William,149,23459,19,1234.68421052631,2.09923937360179,70,149,18,23,21012,151.0,97,111,52.7221325637584,6552,127,115.08,124.116880399081,56,72,32.8019514484378,4.58257569495584,68.9799224178353,20.8875058612899,-13.4404706082953,-1.24154460719041,132,0.46979865771812,580.05298481102,3.68421052631578,21.7745302713987,153.1633115338,75.18104339336,1.79487179487179,37.8499999999999,42,115,149,20.675105485232,37.8499999999999,41.9089974014725,41.9283430666268,149.0,300.171428571428,144.955165482296,157.442953020134,102.810505299799,16112,102.127371453494,38.0428361714297,101,58,890.802579016598,3.21476510067114,10643.4166666666,61.4,1396.38718366448,10160.7207207207,41,30,15,20.675105485232,71.0,71.0,1
J. McCluskey Edward,376,18571,83,223.746987951807,0.262020994412777,65,130,14,18,14018,125.5,90,101,58.1826943635269,4620,165,92.96,99.6393496566492,7,66,29.2915534065726,10.2469507659595,53.0827634483872,22.7505250121156,-84.6858004415486,-1.8835403726708,194,0.172872340425531,38.6796654703922,0.783132530120481,27.0953436807095,136.275456337522,77.0330634023005,0.747126436781609,45.9666666666666,45,96,376,27.6143790849673,45.9666666666666,44.8445978487718,44.8957514404178,376.0,215.661538461538,118.397635111517,49.3909574468085,90.3188795324654,9793,91.9238815542511,42.3666689807314,92,58,629.2088568803,2.39893617021276,9892.22619047618,180.509523809523,154.985038708423,6302.42574257425,44,22,10,27.6143790849673,66.0,66.0,1
J. Smith Burton,34,1173,58,20.2241379310344,1.97142857142857,12,34,6,6,1112,48.0,16,20,11.1322185535532,512,20,9.27,30.4466746952766,7,12,10.0379425731685,2.0,82.5234441602728,12.2762148337595,-16.8797953964194,-1.07655954631379,12,0.352941176470588,7.13793103448275,0.206896551724137,6.68852459016393,34.2490875790874,26.3628526529281,0.15,6.91666666666666,10,35,34,4.96551724137931,6.91666666666666,9.92387218045112,9.9309462915601,34.0,92.6666666666666,33.3466640010661,34.5,24.0,968,20.1990098767241,7.71921025083212,22,11,36.1801182794319,1.79411764705882,536.083333333333,23.25,628.918032786885,580.8,9,6,4,4.96551724137931,13.24,2.0,1
J.P. Grossman,117,3696,67,55.1641791044776,0.53541938287701,27,59,8,7,3154,51.5,35,40,23.5025065868624,1464,60,25.05,45.4752680036082,4,28,15.7406252122026,2.0,66.3419913419913,19.7240259740259,-51.8127705627705,-1.32900111399925,44,0.23076923076923,12.7301951779563,0.402985074626865,8.37931034482758,60.7947366142826,34.7934380786569,0.380281690140845,12.8333333333333,15,36,117,7.43877551020408,12.8333333333333,14.9282839370654,14.9469696969696,117.0,116.814814814814,56.1604843283958,31.5897435897435,37.2894086839681,2425,39.9124040869502,14.1720477975312,33,13,185.274798692914,3.22222222222222,1313.08333333333,51.1833333333333,195.120338561115,1636.875,14,10,5,7.43877551020408,28.0,28.0,1
J.P. Tsai Jeffrey,48,353,36,9.80555555555555,0.30017006802721,9,16,4,2,226,16.0,12,13,11.4614628245376,114,29,1.9,12.0415945787922,1,10,6.42676218918487,4.35889894354067,41.0764872521246,22.9461756373937,-63.456090651558,-2.82407407407407,9,0.1875,1.83854166666666,0.25,3.4015748031496,18.7882942280559,13.9463256809813,0.225,5.99999999999999,6,12,48,3.375,5.99999999999999,5.85875706214689,5.92917847025495,48.0,25.1111111111111,15.0332963783729,7.35416666666666,12.0,145,12.0,5.51135192126215,9,6,12.0067651137712,2.64583333333333,134.066666666666,21.1166666666666,13.0869422572178,100.384615384615,5,2,1,3.375,10.1052631578947,4.0,1
JEFFREY ADGATE DEAN,49,800,24,33.3333333333333,0.653061224489795,12,28,5,4,666,23.0,17,20,13.0428217390239,292,30,5.78,22.0907220343745,4,14,8.89575500327631,1.41421356237309,65.25,18.0,-38.75,-1.38051470588235,16,0.244897959183673,8.16326530612245,0.5,3.37931034482758,28.2842712474618,21.435951110226,0.428571428571428,7.44999999999999,9,17,49,3.89189189189189,7.44999999999999,8.89333333333333,8.92,49.0,55.5,25.8069758011278,16.3265306122449,16.6132477258361,522,18.3303027798233,6.83393756941799,14,7,129.442063492063,3.55102040816326,242.933333333333,15.8333333333333,81.1452939384709,313.2,8,9,5,3.89189189189189,13.08,5.0,1
Jack Dongarra,269,80125,44,1821.02272727272,2.2063885446785,128,269,24,40,70121,254.0,176,200,97.3658838917771,16761,260,387.79,227.978069120694,144,128,50.3579832811972,6.08276253029821,67.2262090483619,20.4480499219968,-10.1978159126365,-1.31993388429752,269,0.475836431226765,866.508955728286,2.9090909090909,34.1587301587301,283.063597094363,152.92137335432,2.72340425531914,63.7666666666667,71,146,269,34.1333333333333,63.7666666666667,70.9192458551699,70.9388455538221,269.0,547.8203125,264.803700880482,297.862453531598,180.310842713354,53737,185.558616075891,66.0989157752732,143,128,4586.03840883831,3.74721189591078,23032.3166666666,83.4166666666667,2118.72615412528,34391.68,70,67,31,34.1333333333333,129.003891050583,64.5,1
Jacques-Henri Jourdan,58,1722,9,191.333333333333,1.00642898889538,16,41,7,7,1557,60.5,24,28,15.1031318285687,561,30,11.7,33.1511689085015,11,17,12.0253325966397,3.3166247903554,75.5516840882694,14.8664343786295,-29.4425087108013,-1.18181818181818,22,0.275862068965517,52.7816091954023,1.77777777777777,4.98924731182795,41.4969878424928,27.3252020425589,1.33333333333333,7.94999999999999,13,22,58,4.0,7.94999999999999,12.8999305072967,12.9163763066202,58.0,97.3125,39.4588393138977,29.6896551724137,31.112698372208,1301,25.6124969497313,8.0,20,12,279.116522366522,3.20689655172413,453.2,23.4833333333333,280.162382445141,743.428571428571,12,14,9,4.0,17.2727272727272,2.6,1
Jain Anil,299,156440,31,5046.45161290322,3.48807134894091,144,299,31,57,146459,432.0,202,241,103.014413220399,35920,278,821.96,332.824277960607,170,144,61.5567672449715,6.32455532033675,80.4570442342112,13.2549220148299,-7.97622091536691,-1.14050619042401,299,0.481605351170568,2430.39810119754,4.64516129032258,54.4323640960809,395.524967606344,161.518213144406,2.76923076923076,79.6833333333333,107,286,299,53.8597402597402,79.6833333333333,106.919222999446,106.928176936844,299.0,1017.07638888888,382.699621112955,523.210702341137,249.415316289918,125723,207.499397589487,88.0670346804217,257,138,5717.53662822553,2.64548494983277,66583.6,125.799999999999,7797.52552559903,75120.7966804979,106,67,34,53.8597402597402,145.017301038062,24.1666666666666,1
James C. Sexton,30,935,43,21.7441860465116,2.01075268817204,15,30,7,6,874,37.0,20,23,12.7178721231803,402,22,5.22,25.377155080899,15,15,10.4386505222922,2.44948974278317,69.4117647058823,24.0641711229946,-17.2192513368983,-1.09696969696969,17,0.5,10.8720930232558,0.348837209302325,4.24528301886792,30.5777697028413,24.3618554301596,0.319148936170212,6.56666666666666,10,15,30,3.57142857142857,6.56666666666666,9.88687150837988,9.91336898395722,30.0,58.2666666666666,29.5634909981889,31.1666666666666,23.5584379787794,649,21.2132034355964,7.31925054711399,14,11,39.4743126536285,3.53333333333333,247.533333333333,12.2166666666666,446.551912568306,423.260869565217,9,7,3,3.57142857142857,16.3225806451612,2.09090909090909,1
James Gosling,149,20657,78,264.833333333333,1.84850111856823,45,143,14,17,19231,128.0,66,78,38.0010329692751,9592,95,156.59,121.700451930138,24,47,26.1103272736843,1.0,83.2937987123009,9.80297235803843,-15.752529408917,-1.14890756302521,95,0.302013422818791,79.98322147651,0.576923076923076,16.720698254364,143.725432683293,58.2980641678116,0.548780487804878,33.5666666666666,39,126,149,17.6086956521739,33.5666666666666,38.9235128979289,38.9300963353826,149.0,427.355555555555,138.675881104105,138.637583892617,75.8946638440411,17206,80.2184517427256,28.149445897705,121,43,824.377022246917,2.69127516778523,14732.2666666666,79.3666666666666,1869.66295640878,9926.53846153846,38,21,11,17.6086956521739,46.010989010989,23.5,1
James N Glosli,49,1843,24,76.7916666666666,1.50448979591836,25,42,8,7,1784,55.0,29,32,17.4993461799414,846,29,8.93,36.6742416417845,26,26,14.2503840251065,4.24264068711928,62.8865979381443,33.9120998372219,-29.3543136190992,-1.02514285714285,28,0.510204081632653,39.1794217687074,1.04166666666666,8.94160583941605,42.9301758673313,32.6343377441614,0.609756097560975,10.6,19,30,49,8.92857142857142,10.6,18.79042690815,18.8241996744438,49.0,71.36,42.2374241638857,37.6122448979591,37.0809924354783,1159,32.4037034920393,14.9403576166799,26,19,74.7336453547618,2.79591836734693,708.5,20.3,1137.29228640608,905.46875,18,10,4,8.92857142857142,26.0196078431372,13.5,1
Jason Grout,31,3333,16,208.3125,6.71975806451612,14,31,6,5,3293,30.5,17,21,11.683107605752,2023,20,30.59,52.4976189936267,14,15,12.1259417635978,1.0,92.9192919291929,5.88058805880588,-5.94059405940594,-1.01071319253137,15,0.451612903225806,94.0766129032258,0.875,3.80701754385964,57.7321400954442,41.2997175131582,0.7,5.9,9,32,31,3.69811320754717,5.9,8.97974042418486,8.98079807980798,31.0,235.214285714285,57.3846669416142,107.516129032258,20.6639783197718,3097,20.8326666559996,7.19538636250065,31,14,246.560720428522,3.6774193548387,1337.68333333333,12.4999999999999,8851.26532258064,2064.66666666666,8,8,4,3.69811320754717,15.1379310344827,3.8,1
Jayant Haritsa,142,5611,30,187.033333333333,0.552644538560031,36,74,11,12,4854,88.0,49,56,29.5517495638382,1912,74,31.51,60.9097693313642,11,37,19.6432079311604,2.82842712474619,63.4111566565674,23.097487078952,-54.5179112457672,-1.32325187515122,68,0.253521126760563,47.4169014084507,1.2,13.8536585365853,74.90660852021,49.3842080021538,1.05882352941176,18.8833333333333,25,48,142,12.0,18.8833333333333,24.8665430954587,24.8973445018713,142.0,134.833333333333,69.6706537934014,39.5140845070422,56.2849891178811,3558,51.6139516022557,20.7846096908265,44,29,250.735441122654,2.59859154929577,2179.5,65.4333333333333,253.370364857573,2287.28571428571,24,17,8,12.0,37.0136986301369,19.0,1
Jean Jennings Bartik Betty,19,268,59,4.54237288135593,1.41052631578947,5,16,4,2,260,24.0,6,8,5.7996826702709,149,9,2.54,14.4568322948009,4,5,5.64655357111343,1.0,87.6865671641791,9.32835820895522,-22.3880597014925,-0.976470588235294,4,0.263157894736842,1.19536128456735,0.0847457627118644,2.43589743589743,16.3707055437449,16.1245154965971,0.0666666666666666,2.05,5,11,19,1.04166666666666,2.05,4.93700787401574,4.94029850746268,19.0,52.0,16.1245154965971,14.1052631578947,10.9544511501033,235,8.94427190999916,2.28217732293819,7,4,13.585579347423,2.05263157894736,60.2,14.55,458.421052631578,146.875,4,2,2,1.04166666666666,6.27272727272727,1.75,1
Jean-Baptiste Tristan,52,925,15,61.6666666666666,0.671262699564586,13,29,6,5,776,36.0,18,22,13.565381834681,402,30,6.53,24.0416305603426,5,14,9.61161183374227,1.73205080756887,65.6216216216216,18.2702702702702,-38.7027027027027,-1.3640625,17,0.25,15.4166666666666,0.866666666666666,4.09696969696969,30.4138126514911,25.3377189186398,0.722222222222222,6.58333333333333,8,19,52,3.93023255813953,6.58333333333333,7.92496171516079,7.94702702702702,52.0,59.6923076923076,27.8567765543682,17.7884615384615,21.6333076527839,607,19.4164878389476,7.14793839199904,18,7,127.290637140637,3.17307692307692,373.466666666666,20.0499999999999,92.6432627774909,358.681818181818,7,11,5,3.93023255813953,14.037037037037,7.5,1
Jean-Christophe FilliaÃŒÂ‚tre,98,3939,25,157.56,0.81199752628324,29,62,10,10,3468,76.0,41,47,24.4100198842466,1344,55,21.69,51.9807656734681,14,29,17.1279218256847,3.74165738677394,66.6920538207666,21.3505965981213,-38.8169586189388,-1.2697520661157,49,0.295918367346938,46.6248979591836,1.16,9.53691275167785,62.7614531380528,39.2383740743675,1.0,18.3666666666666,24,45,98,9.55681818181818,18.3666666666666,23.8364760432766,23.8657019548108,98.0,119.586206896551,58.8897274573418,40.1938775510204,46.946778377222,2627,42.4028300942283,16.6477544213244,41,29,252.859692615125,3.04081632653061,1823.71666666666,49.05,295.949824515793,1620.91489361702,23,17,8,9.55681818181818,30.0338983050847,10.3333333333333,1
Jeff Rulifson,2,3,9,0.333333333333333,1.0,1,1,1,0,3,3.0,2,1,2.0,3,1,0.03,1.73205080756887,1,1,1.31607401295249,1.0,66.6666666666666,33.3333333333333,0.0,0.0,0,0.5,0.166666666666666,0.111111111111111,0.5,1.73205080756887,1.73205080756887,0.0166666666666666,0.5,2,3,2,0.5,0.5,1.66666666666666,1.66666666666666,2.0,3.0,1.73205080756887,1.5,1.73205080756887,2,1.0,0.707106781186547,1,1,0.05,2.0,1.5,1.0,0.5,2.0,1,0,0,0.5,3.0,1.0,1
Jeffrey A Dean,94,5930,34,174.411764705882,1.32810750279955,35,76,10,11,5276,86.0,49,56,28.6233869123312,1630,67,33.92,61.4735715572147,19,36,19.5941398023971,3.16227766016837,68.3136593591905,20.6576728499156,-23.7942664418212,-1.25316727506978,62,0.372340425531914,64.9405506883604,1.02941176470588,10.5111821086261,77.0064932327138,44.333208019873,0.921052631578947,17.0833333333333,20,44,94,9.87903225806451,17.0833333333333,19.9179918218991,19.9391231028667,94.0,150.742857142857,72.6360791893395,63.0851063829787,54.8634668973808,4051,51.5751878329105,18.5947876845168,40,33,378.61078875338,3.32978723404255,1817.26666666666,34.4333333333333,508.92510898562,2531.875,19,20,8,9.87903225806451,36.0281690140845,12.6666666666666,1
Jeffrey F Naughton,159,17294,34,508.647058823529,1.35959119496855,68,131,17,23,15207,153.0,92,104,50.061923752879,5628,123,66.02,105.664563596316,47,68,30.9113359805156,5.29150262212918,61.587833930843,26.7375968544003,-24.10084422343,-1.28612174435187,129,0.427672955974842,217.534591194968,2.0,22.4315352697095,131.506653824055,65.9836559849699,1.78947368421052,32.4166666666666,40,72,159,20.4601769911504,32.4166666666666,39.8783491961929,39.9120504221117,159.0,223.632352941176,123.316665540388,108.767295597484,102.0,10583,94.3822017119753,37.3000272841486,69,47,703.113454268696,3.0314465408805,5659.11666666666,60.5166666666667,822.892739104295,6919.65384615384,39,29,14,20.4601769911504,69.0072992700729,34.5,1
Jeffrey Kuskin,35,2839,15,189.266666666666,4.5063492063492,14,35,6,5,2721,31.5,20,25,13.5553891172678,1358,28,24.85,48.2597140480546,10,14,12.2609866942241,1.41421356237309,88.9397675237759,6.9038393800634,-6.16414230362803,-1.07186544342507,19,0.4,75.7066666666666,0.933333333333333,4.57943925233644,53.2822672190288,42.6555975224823,0.466666666666666,8.78333333333333,12,29,35,4.17021276595744,8.78333333333333,11.9545795795795,11.9573793589292,35.0,194.357142857142,52.1632054229799,81.1142857142857,21.0,2525,22.1359436211786,7.64087552073741,26,14,135.991822805677,3.05714285714285,687.633333333333,16.0499999999999,1870.44043583535,1414.0,11,7,5,4.17021276595744,15.1724137931034,3.16666666666666,1
Jeffrey M. Larkin,2,2,2,1.0,0.666666666666666,1,1,1,0,2,2.0,2,1,2.0,2,1,0.02,1.41421356237309,1,1,1.18920711500272,1.0,50.0,50.0,0.0,0.0,0,0.5,0.5,0.5,0.25,1.41421356237309,1.41421356237309,0.0588235294117647,0.333333333333333,1,2,2,0.333333333333333,0.333333333333333,1.0,1.0,2.0,2.0,1.41421356237309,1.0,1.41421356237309,1,1.0,0.577350269189625,0,0,0.117647058823529,4.0,0.666666666666666,0.533333333333333,0.5,1.0,0,0,0,0.333333333333333,2.66666666666666,1.0,1
Jeffrey S Vetter,95,4019,23,174.739130434782,0.881359649122807,30,63,9,9,3552,55.0,40,45,24.3511557365805,1092,55,24.92,51.8169856321264,12,30,17.0387131323867,3.46410161513775,66.7330181637223,22.3936302562826,-37.596417019159,-1.23668452568547,49,0.31578947368421,55.1807780320366,1.30434782608695,8.90625,63.3955834423818,41.4944058191669,1.11111111111111,14.8333333333333,20,37,95,9.375,14.8333333333333,19.8863350125944,19.9101766608609,95.0,118.4,59.5986577030053,42.3052631578947,40.6201920231798,2652,43.4741302385683,16.7705098312484,35,30,221.206424502682,3.36842105263157,1377.78333333333,33.5333333333333,346.767626159219,1768.0,19,13,7,9.375,31.0327868852459,10.3333333333333,1
Jeffrey Ullman,199,73042,53,1378.15094339622,3.67045226130653,103,199,24,37,68563,268.0,142,168,73.4391034966437,19030,186,410.12,226.483995019515,146,104,47.0145823396328,3.3166247903554,79.3433914733988,14.524520139098,-7.40532844117083,-1.13485596771932,199,0.517587939698492,713.314307385986,1.94339622641509,34.9778156996587,270.262835032862,158.091481954805,1.80701754385964,54.85,69,200,199,33.7866242038216,54.85,68.9272898812799,68.9366939569015,199.0,665.660194174757,261.845374219213,367.045226130653,166.144515407521,57954,143.167733795014,58.9917137655249,174,85,3465.56171519319,2.94472361809045,30672.4666666666,84.8666666666666,5618.60277722616,35531.3214285714,68,46,24,33.7866242038216,104.004830917874,52.5,1
Jeremy Meredith,25,433,32,13.53125,1.33230769230769,9,20,5,4,402,44.0,11,14,8.53113377920833,208,14,3.47,17.6351920885483,6,9,7.51212521803608,2.0,76.2124711316397,18.7066974595842,-27.7136258660508,-1.03030303030303,8,0.36,4.87125,0.28125,2.41935483870967,20.8086520466848,15.9687194226713,0.25,4.18333333333333,8,16,25,2.38235294117647,4.18333333333333,7.875,7.88683602771362,25.0,44.6666666666666,20.0499376557634,17.32,19.8997487421324,321,13.4164078649987,4.63046179884773,14,6,24.292688808066,3.72,210.9,10.2833333333333,323.56909090909,206.357142857142,7,6,3,2.38235294117647,10.1052631578947,3.33333333333333,1
Jeremy Sugerman,15,4012,21,191.047619047619,33.4333333333333,9,15,8,8,3988,397.0,12,15,8.70144188937584,1985,15,25.88,58.8982172905088,15,9,13.0956685946719,2.23606797749979,97.382851445663,2.01894317048853,-0.69790628115653,-1.00654746915134,9,0.6,114.628571428571,0.428571428571428,2.54716981132075,63.3403504884524,60.470378423379,0.25,3.93333333333333,9,16,15,2.31428571428571,3.93333333333333,8.98386283408976,8.9840478564307,15.0,443.111111111111,63.1506136153877,267.466666666666,59.7745765355138,3907,11.6189500386222,4.56383297553398,15,8,218.207474330832,3.53333333333333,1266.76666666666,5.85,44444.0444444444,2344.2,8,8,7,2.31428571428571,10.7894736842105,1.4375,1
Jessica Hamrick,38,4840,211,22.9383886255924,6.53171390013495,17,38,8,7,4784,69.5,20,27,13.0147588510288,2199,24,42.39,62.9126378401033,14,17,14.7937642786917,1.73205080756887,93.2231404958677,5.97107438016528,-6.40495867768595,-1.00649758960385,17,0.447368421052631,10.2619107009229,0.0805687203791469,4.89393939393939,69.5701085237043,38.4291555983214,0.0779816513761468,6.71666666666666,14,39,38,5.16071428571428,6.71666666666666,13.9640654901126,13.9650826446281,38.0,281.411764705882,69.1664658631623,127.368421052631,34.3729544845944,4495,25.4165300542776,9.36654380532877,38,14,514.535547785547,3.47368421052631,1466.05,14.7499999999999,15679.3792172739,2830.18518518518,13,14,8,5.16071428571428,18.2285714285714,2.0,1
"Jiawei Song,",90,640,11,58.1818181818181,0.156288156288156,14,23,5,3,475,24.0,18,20,14.2349228794308,210,31,3.9,18.6547581061776,1,14,8.81280518721349,3.74165738677394,43.59375,30.625,-140.3125,-1.70278637770897,18,0.155555555555555,9.05050505050505,1.27272727272727,3.52941176470588,25.298221281347,12.9903810567665,1.0,5.7797619047619,6,11,90,2.8,5.7797619047619,5.91467576791808,5.9609375,90.0,33.9285714285714,21.7944947177033,7.11111111111111,18.3303027798233,279,17.9443584449263,6.26099033699941,8,5,162.200616050616,3.96666666666666,138.413095238095,27.0309523809523,20.4713804713804,195.299999999999,5,12,7,2.8,15.0689655172413,5.33333333333333,1
Jim Gray,89,31817,29,1097.13793103448,7.94431960049937,48,89,18,20,31419,186.0,60,76,31.9200792836661,11856,67,225.04,159.662143290136,50,48,31.2184567806042,2.82842712474619,91.5076845711412,7.24141182386774,-4.93132602068076,-1.02124372344534,64,0.539325842696629,591.714839209608,1.6551724137931,17.4367346938775,178.373204265663,120.303089458805,0.872727272727272,23.5999999999999,38,90,89,14.6751592356687,23.5999999999999,37.9554187833789,37.9569726875569,89.0,654.5625,177.254054960669,357.494382022471,94.4880944881417,29115,65.3605385534727,26.5406790288436,89,42,948.35403617018,2.75280898876404,13238.619047619,45.6928571428571,28221.3969566935,18388.4210526315,37,22,14,14.6751592356687,49.0824742268041,6.22222222222222,1
Jitendra Malik,149,173424,32,5419.5,15.5189261744966,143,149,32,58,172627,508.0,149,149,79.4260329758609,37296,149,950.49,357.603131977336,149,143,62.8503345782597,8.60232526704262,87.7491004705231,11.7913322262201,-0.03402066611311,-1.00758267382291,149,0.959731543624161,5201.26510067114,4.46875,42.2757936507936,416.442072802448,216.710571446317,3.86486486486486,48.9166666666667,102,150,149,42.6020833333333,48.9166666666667,101.937336445727,101.941178844911,149.0,1207.18181818181,415.484055049047,1163.91946308724,269.525508996829,152178,145.969174828112,78.0518924605077,149,108,12247.9298619358,3.38255033557047,60761.5,48.9166666666667,252100.282502336,146050.026845637,101,100,56,42.6020833333333,144.013937282229,29.2,1
John (Jack) Good Irving,147,11546,57,202.561403508771,1.06140834712263,42,107,13,16,10732,99.5,58,68,32.5821938934596,3845,76,78.52,89.7385090136893,19,42,23.9142993363817,2.23606797749979,77.6719210116057,15.2780183613372,-31.1363242681448,-1.14459283060548,70,0.285714285714285,57.8746867167919,0.736842105263157,29.1226415094339,107.452315005308,84.5921588170755,0.506024096385542,41.0,42,101,147,38.3478260869565,41.0,41.842706091513,41.8544084531439,147.0,255.523809523809,103.595366691758,78.5442176870748,64.6451854355759,8968,67.0373030483774,40.1323896080481,106,40,204.401091993385,1.44217687074829,11254.1333333333,130.0,1035.54858012,5539.05882352941,41,14,5,38.3478260869565,43.0470588235294,9.2,1
John A. Gunnels,28,1115,110,10.1363636363636,2.74630541871921,16,28,7,6,1046,55.0,21,24,12.9554800861758,484,21,6.22,28.2134719593317,17,16,11.0806101007925,3.3166247903554,72.286995515695,22.9596412556053,-12.286995515695,-1.06256109481915,18,0.571428571428571,5.79220779220779,0.145454545454545,4.39215686274509,33.391615714128,16.7235932570895,0.140350877192982,6.21666666666666,12,19,28,3.93846153846153,6.21666666666666,11.8704496788008,11.8914798206278,28.0,65.375,32.3419232575924,39.8214285714285,29.6647939483826,790,21.1660104885167,7.93822301370934,16,12,56.8723588583853,3.64285714285714,297.633333333333,8.83333333333333,797.931266846361,526.666666666666,11,9,3,3.93846153846153,17.060606060606,5.66666666666666,1
John Duimovich,14,94,24,3.91666666666666,0.895238095238095,5,9,3,2,88,11.0,6,7,5.65609292668116,46,9,0.71,7.74596669241483,3,5,4.46781080363805,1.41421356237309,67.0212765957446,26.595744680851,-39.3617021276595,-0.941176470588235,4,0.357142857142857,1.39880952380952,0.208333333333333,1.75,9.69535971483265,8.0,0.135135135135135,1.7,4,6,14,1.31578947368421,1.7,3.87323943661971,3.90425531914893,14.0,17.6,9.38083151964686,6.71428571428571,7.41619848709566,63,6.70820393249936,2.56494588021288,4,2,5.61635103635103,2.85714285714285,25.0333333333333,6.19999999999999,98.4761904761904,45.0,3,3,1,1.31578947368421,6.27272727272727,1.75,1
John Gunnels,60,1985,110,18.0454545454545,1.08469945355191,24,44,8,8,1761,59.5,32,36,19.5542763936305,799,40,9.24,36.5650105975644,18,24,14.0379579244539,4.12310562561766,59.6977329974811,29.0176322418136,-32.1914357682619,-1.23397435897435,34,0.4,7.21818181818181,0.218181818181818,6.31578947368421,44.5533388198909,23.6995077304712,0.210526315789473,9.88333333333333,15,23,60,6.06315789473684,9.88333333333333,14.8591954022988,14.9012594458438,60.0,73.375,41.9642705167145,33.0833333333333,37.7888872553823,1185,32.4961536185438,12.0629925588008,21,19,100.030501642678,3.8,544.916666666666,18.2999999999999,260.088169642857,790.0,14,11,5,6.06315789473684,25.0408163265306,8.66666666666666,1
John H. Howard,216,7023,160,43.89375,0.299667178699436,37,82,12,12,6040,107.0,52,60,31.0991231027921,2080,79,43.46,65.924198895398,6,39,20.7259017742141,4.47213595499958,66.5100384451089,19.4930941193222,-80.3075608714224,-1.33627797408716,68,0.171296296296296,7.51883680555555,0.23125,18.2050113895216,83.8033412221732,61.8910332762347,0.22560975609756,23.8261904761904,29,62,216,13.8282828282828,23.8261904761904,28.8602993585174,28.888366794817,216.0,163.243243243243,77.7174369109018,32.5138888888888,62.9205848669574,4671,55.0817574156816,22.6196035475086,57,36,225.780610607788,2.0324074074074,3632.55476190476,140.67619047619,199.780151463773,2880.45,28,14,8,13.8282828282828,38.0133333333333,19.5,1
John K Ousterhout,90,16039,20,801.95,3.91672771672771,34,90,16,19,15493,248.5,50,64,27.195710670811,5747,61,107.43,109.197069557749,33,35,24.9247353096307,2.64575131106459,89.3883658582205,7.20743188478084,-8.46686202381694,-1.06461517922702,58,0.377777777777777,302.958888888888,1.7,16.5405405405405,126.645173615104,75.1880974622978,0.723404255319149,23.95,31,91,90,14.45,23.95,30.9409022260161,30.9438867759835,90.0,455.676470588235,124.470880128646,178.211111111111,91.9184421103839,14337,55.3172667437573,22.165288177689,86,32,454.308667538917,2.05555555555555,7456.78333333333,58.4333333333333,5056.82187627187,7616.53125,30,19,11,14.45,35.1884057971014,3.42857142857142,1
John L. Hennessy,819,326048,64,5094.5,0.970987819768307,286,542,35,75,239645,471.0,389,429,242.797328510089,87548,807,1006.65,406.499692496808,182,288,85.9961033153731,22.5610283453569,48.5005275296888,25.0871037393267,-20.3408700559426,-2.11050616482803,819,0.349206349206349,1779.03174603174,4.46875,67.7564362163725,571.006129564298,176.947176347416,4.0281690140845,156.361904761904,144,271,819,68.6784214945424,156.361904761904,143.891178943559,143.937282240651,819.0,837.91958041958,489.535494116616,398.105006105006,367.02316003217,157849,393.715633420873,140.150021574879,260,230,20186.6252638984,4.22100122100122,94159.7571428571,234.342857142856,1109.16232822532,105232.666666666,143,121,56,68.6784214945424,287.0,287.0,1
John L. Klepeis,53,7133,22,324.227272727272,4.98462613556953,23,53,10,10,7065,100.0,28,35,16.6244840367655,2997,30,58.54,73.729234364667,23,23,17.7763115576133,1.0,91.630450021029,7.41623440347679,-8.63591756624141,-1.00940975192472,25,0.433962264150943,140.702401372212,1.04545454545454,6.06467661691542,84.4570896964843,69.0362223763728,0.884615384615384,8.41666666666666,19,43,53,6.45121951219512,8.41666666666666,18.9529069767441,18.954577316697,53.0,307.173913043478,84.0535543567314,134.584905660377,47.9583152331271,6536,34.9141805001921,12.1810528600974,40,19,405.366895759936,3.79245283018867,1643.44999999999,15.7333333333333,13982.9758601553,4295.08571428571,18,14,8,6.45121951219512,24.2978723404255,2.13333333333333,1
John M. Chambers,120,3957,59,67.0677966101695,0.545041322314049,26,61,10,10,3310,71.0,36,42,24.0498606468552,1290,60,26.04,50.0399840127872,7,26,16.0579072219361,1.73205080756887,67.2226434167298,17.083649229214,-46.0197119029567,-1.40087623220153,52,0.216666666666666,14.5313559322033,0.440677966101694,15.6,62.9046898092662,50.965674723288,0.305882352941176,23.25,25,56,120,18.2702702702702,23.25,24.8243902439024,24.8544351781652,120.0,127.307692307692,57.5325994545701,32.975,42.9651021178816,2634,39.8246155034797,21.7951147514076,54,26,98.2695339274996,1.66666666666666,3062.74999999999,87.9999999999999,177.141062801932,1630.57142857142,24,9,4,18.2702702702702,27.0377358490566,9.0,1
John M. Levesque,13,49,30,1.63333333333333,0.538461538461538,5,6,2,1,33,7.0,6,6,5.90903530593933,25,10,0.27,5.19615242270663,1,5,3.68361586804003,2.23606797749979,26.5306122448979,51.0204081632653,-57.1428571428571,-1.16129032258064,1,0.384615384615384,0.628205128205128,0.166666666666666,4.64285714285714,7.0,6.16441400296897,0.106382978723404,4.5,5,7,13,4.16666666666666,4.5,4.51515151515151,4.6734693877551,13.0,6.6,5.74456264653802,3.76923076923076,5.91607978309961,8,5.47722557505166,4.56435464587638,6,5,1.39177247517856,1.07692307692307,46.0,12.5,13.020979020979,6.66666666666666,4,1,0,4.16666666666666,6.09090909090909,3.0,1
John Salmon,169,23092,42,549.809523809523,1.60751827358162,73,150,16,23,19616,173.0,104,117,58.2442707859963,6975,160,98.72,119.260219687874,77,73,32.9670570488298,6.70820393249936,61.8699116577169,23.0772561926208,-15.2910098735492,-1.41395262768319,169,0.431952662721893,237.49168779938,1.73809523809523,24.9736842105263,151.960521188893,88.865253802222,1.28070175438596,45.0166666666666,51,90,169,24.4449541284403,45.0166666666666,50.8556581986143,50.8917373982331,169.0,268.712328767123,140.057131200092,136.639053254437,112.378823627941,14287,104.642247682281,42.2431254925123,91,73,878.64538651133,2.92307692307692,9416.31666666667,76.7666666666667,771.090813762673,8914.11111111111,50,29,12,24.4449541284403,74.0272108843537,15.4,1
John T Riedl,25,4346,173,25.1213872832369,13.3723076923076,11,25,8,8,4288,230.0,16,22,10.7871706762307,2394,20,36.57,58.3780780773056,10,12,13.1979073137667,1.0,95.881270133456,2.78416935112747,-2.20892774965485,-1.01886347559537,13,0.44,11.0534104046242,0.0635838150289017,3.4375,65.924198895398,45.7766315929863,0.0588235294117647,4.78333333333333,10,26,25,3.45714285714285,4.78333333333333,9.98098145104484,9.98136217211228,25.0,389.818181818181,65.4828221749796,173.84,50.2991053598371,4167,16.583123951777,6.16673101639526,25,9,187.251900551774,3.2,1268.06666666666,8.39999999999999,12852.1710344827,2083.5,9,8,7,3.45714285714285,12.0434782608695,6.5,1
John Weigand,93,1155,121,9.54545454545454,0.264241592312971,19,32,7,5,880,33.0,25,28,17.9285104414131,414,44,6.15,24.7991935352744,1,19,11.1374454164224,3.0,44.9350649350649,31.2554112554112,-97.8354978354978,-1.70465489566613,31,0.204301075268817,1.95014662756598,0.157024793388429,8.835,33.9852909359328,25.8134331953991,0.152,11.8333333333333,14,21,93,7.22,11.8333333333333,13.7703804347826,13.8536796536796,93.0,46.3157894736842,29.6647939483826,12.4193548387096,25.0399680510978,519,24.6576560118759,11.712386605641,20,15,44.009892400698,2.1505376344086,556.716666666666,60.4166666666666,39.7419354838709,352.178571428571,13,7,3,7.22,20.051282051282,7.0,1
Jon Kleinberg,69,78928,16,4933.0,32.6824016563147,69,69,24,37,78928,408.0,69,69,39.1482189614698,27297,69,453.42,250.984063239082,69,69,43.1946199630384,3.0,93.9679201297384,6.0320798702615,0.0,0.0,69,1.0,4933.0,4.3125,25.7351351351351,280.941275002446,136.177947309148,2.15625,35.0666666666666,57,70,69,25.7351351351351,35.0666666666666,56.9593761334784,56.9602675856476,69.0,1143.88405797101,280.941275002446,1143.88405797101,167.785577449314,74167,69.0,42.1393441373299,69,67,3618.58550539066,2.68115942028985,48663.2999999999,35.0666666666666,0.0144927536231884,74167.0,56,44,26,25.7351351351351,69.3309352517985,-1.02173913043478,1
Jonathan Frederic,13,3247,54,60.1296296296296,35.6813186813186,8,13,6,5,3242,108.5,13,13,7.31443437883066,2023,10,29.22,52.4976189936267,8,8,11.0775422241613,1.0,97.8749615029257,1.97105020018478,-0.923929781336618,-0.998148148148148,8,0.615384615384615,37.002849002849,0.148148148148148,2.0,56.9824534396335,54.644304369257,0.129032258064516,2.78333333333333,8,14,13,1.93939393939393,2.78333333333333,7.98478733312635,7.98490914690483,13.0,405.25,56.938563381947,249.76923076923,29.4618397253124,3178,10.1980390271855,3.93892771133864,13,7,317.861363636363,4.0,1359.08333333333,4.51666666666666,161950.369230769,1955.6923076923,7,8,5,1.93939393939393,10.0588235294117,1.1578947368421,1
Jonathan L Herlocker,19,12714,14,908.142857142857,66.9157894736842,15,19,10,10,12682,139.0,19,19,11.9758383751011,7852,19,113.63,104.264087777144,19,15,17.6669792821867,1.41421356237309,97.9786062608148,1.76970268994808,-0.21236432279377,-1.002447883765,16,0.789473684210526,716.954887218045,1.07142857142857,4.75,112.756374542639,101.178060863015,0.517241379310344,6.53333333333333,13,20,19,4.6875,6.53333333333333,12.9885750555379,12.9886739027843,19.0,845.466666666666,112.614386292338,669.157894736842,45.6618002273234,12457,16.8819430161341,8.38525491562421,19,14,521.558120758426,3.1578947368421,3434.38333333333,7.2,265195.638157894,9834.47368421052,12,11,8,4.6875,16.0645161290322,5.66666666666666,1
Joseph A Insley,25,280,45,6.22222222222222,0.861538461538461,8,16,4,3,263,22.5,10,12,7.85068549375264,112,13,2.2,14.247806848775,4,8,6.56644460133832,2.0,71.0714285714285,22.8571428571428,-41.4285714285714,-1.01593625498007,8,0.32,1.99111111111111,0.177777777777777,2.12765957446808,16.7332005306815,15.7797338380595,0.163265306122448,2.55,6,8,25,2.0,2.55,5.88636363636363,5.91071428571428,25.0,32.875,16.2172747402268,11.2,13.4164078649987,199,11.3137084989847,4.0,7,5,13.9446020210726,3.76,67.0666666666666,8.68333333333333,173.270588235294,132.666666666666,5,4,2,2.0,9.52941176470588,1.5,1
Joseph A Konstan,184,38106,34,1120.76470588235,2.23889541715628,56,184,19,24,37007,207.5,77,95,40.2637565432875,12305,90,276.98,172.072659071684,38,57,33.9527490556678,2.23606797749979,88.8862646302419,8.2296751167795,-15.9266257282317,-1.05444333222111,90,0.304347826086956,341.102301790281,1.64705882352941,18.7345454545454,195.207581819969,102.39864907963,1.47368421052631,24.8166666666666,39,108,184,15.68,24.8166666666666,38.9590795737927,38.9621057051383,184.0,660.839285714285,192.372035389762,207.097826086956,107.796103825694,33871,101.508620323596,29.6324146839234,103,49,1796.96263036909,2.9891304347826,10757.7999999999,79.3666666666666,6973.67538671519,19966.0631578947,38,34,19,15.68,57.0265486725663,15.0,1
Joseph A. Bank,7,1165,14,83.2142857142857,41.6071428571428,5,7,4,4,1163,62.0,7,7,5.36277056277056,722,6,10.4,32.2490309931942,6,5,7.92447629471382,1.41421356237309,97.6824034334764,2.14592274678111,-0.429184549356223,0.0,4,0.714285714285714,59.438775510204,0.357142857142857,1.34615384615384,34.132096331752,28.1513765205184,0.172413793103448,1.93333333333333,5,8,7,1.31578947368421,1.93333333333333,4.98617113223854,4.9862660944206,7.0,232.6,34.1027858099598,166.428571428571,17.606816861659,1138,5.91607978309961,2.56494588021288,7,4,65.1133506659368,3.71428571428571,326.733333333333,3.1,96778.2142857142,812.857142857142,4,4,3,1.31578947368421,6.36363636363636,1.4,1
Joseph Sifakis,182,18153,46,394.630434782608,1.09007386056566,54,134,16,20,17229,158.0,71,83,37.9329205027617,5337,84,118.65,113.630981690734,28,54,28.6202597195139,1.73205080756887,79.1439431498925,16.0634605850272,-33.2562110945849,-1.09166565423399,81,0.296703296703296,117.088150979455,1.17391304347826,19.1578947368421,134.733069437313,86.5024084443125,1.08,28.1166666666666,38,86,182,18.3396226415094,28.1166666666666,37.9147146772987,37.9245854679667,182.0,319.055555555555,131.259285385834,99.7417582417582,92.3688259100439,14313,85.0646812725469,31.4696619403753,85,51,663.719957495631,2.81868131868131,7451.41666666666,88.8761904761904,1981.42161803713,9312.07228915662,37,23,12,18.3396226415094,55.045871559633,9.16666666666666,1
Juan Meza,155,1944,94,20.6808510638297,0.160794044665012,24,43,9,8,1647,67.0,33,37,20.3521149363297,928,43,11.35,37.0944739819828,0,24,13.8918725402672,4.0,55.0925925925925,29.6296296296296,-146.296296296296,-1.30488694383661,36,0.154838709677419,3.20219629375428,0.25531914893617,9.6875,44.0908153700972,23.6541046473263,0.244897959183673,13.8,17,29,155,7.78378378378378,13.8,16.813953488372,16.8683127572016,155.0,68.625,40.583247775406,12.5419354838709,40.0998753115268,1071,32.124756808418,13.6678751388359,25,20,102.321858201931,2.47741935483871,741.4,87.1166666666666,69.5507331378299,694.702702702702,16,12,4,7.78378378378378,25.0816326530612,5.2,1
Judea Pearl,109,104373,45,2319.4,17.4100083402835,91,109,22,31,103154,224.0,109,109,56.5343915445725,52060,109,794.67,287.511738890779,109,91,45.0215839030025,1.41421356237309,90.8980291837927,7.93404424515918,-0.400486715913119,-1.02194560156824,109,0.8348623853211,1936.37981651376,2.02222222222222,55.413407821229,323.068104275244,182.008280816325,1.56896551724137,69.5833333333333,79,110,109,54.1241830065359,69.5833333333333,78.9402334079924,78.9417090626886,109.0,1133.56043956043,321.175964231447,957.550458715596,142.772546380598,94873,99.5941765365827,70.1804862735701,109,89,5892.37735161512,1.64220183486238,92192.4166666666,78.0833333333333,81029.6636737888,79205.8990825688,78,40,20,54.1241830065359,92.0163934426229,23.5,1
Juergen Lorenz,81,497,58,8.56896551724137,0.149653718759409,9,21,5,4,428,30.0,13,15,9.95662029020135,210,21,4.28,17.6918060129541,2,9,7.66125992004613,1.73205080756887,69.8189134808853,16.2977867203219,-116.297786720321,-1.13351498637602,9,0.111111111111111,0.952107279693486,0.155172413793103,4.16571428571428,22.2934968096079,15.2260741274083,0.14516129032258,3.78333333333333,7,12,81,2.13157894736842,3.78333333333333,6.90296495956873,6.92756539235412,81.0,47.5555555555555,20.6881608655772,6.1358024691358,16.4316767251549,347,13.7477270848675,4.37997837053058,11,6,26.0866101640018,2.16049382716049,146.983333333333,54.7666666666666,38.0597602433351,208.2,6,5,3,2.13157894736842,10.5263157894736,1.72727272727272,1
Julian Jones,460,16364,61,268.262295081967,0.154333679147411,63,119,15,20,11774,146.0,89,100,56.8283508151779,4681,163,71.59,94.1116358374457,4,63,28.5837649158437,5.56776436283002,48.0811537521388,24.2544610119775,-125.171107308726,-2.15735214324471,209,0.13695652173913,36.7402708481824,1.0327868852459,19.2047713717693,127.921851143579,60.3172860795311,0.969230769230769,33.8999999999999,36,64,460,17.64,33.8999999999999,35.8692217358812,35.9251405524321,460.0,186.888888888888,108.508064216444,35.5739130434782,95.9062041788746,7805,86.5852181379708,33.3364665194138,62,61,841.346913425817,3.28043478260869,5249.83333333333,182.5,93.017099336349,4917.15,35,29,15,17.64,64.007874015748,32.0,1
"June Andronick,",64,1429,19,75.2105263157894,0.68701923076923,19,37,6,5,1258,35.0,25,28,16.6169315855195,492,30,9.64,29.8328677803525,5,20,11.6259984221245,1.0,62.7711686494051,25.2624212736179,-47.8656403079076,-1.23417721518987,28,0.296875,22.328125,1.0,5.62962962962963,37.8021163428716,25.5244980362004,0.904761904761904,8.61666666666666,11,29,64,4.5125,8.61666666666666,10.9034749034749,10.9300209937018,64.0,66.2105263157894,35.4682957019364,22.328125,25.7875939164552,897,26.5141471671257,9.25945462756851,16,10,152.719439770755,3.375,363.116666666666,27.5166666666666,164.26187865497,608.678571428571,10,12,6,4.5125,20.025641025641,10.5,1
Junichi Iwata,25,1251,50,25.02,3.84923076923076,10,25,7,6,1203,86.0,14,18,9.65569599665867,650,18,10.06,30.3315017762062,8,10,9.90947623867703,1.41421356237309,88.9688249400479,7.99360511590727,-8.87290167865707,-1.03547297297297,10,0.4,10.008,0.2,2.80898876404494,35.3694783676547,28.3872036899257,0.158730158730158,3.88333333333333,9,26,25,2.56410256410256,3.88333333333333,8.94608256107834,8.94884092725819,25.0,120.3,34.6842903920492,50.04,29.3257565972303,1103,15.8113883008418,5.06369683541833,18,8,78.7711543616342,3.56,329.166666666666,9.61666666666666,1597.32947368421,612.777777777777,8,7,5,2.56410256410256,11.047619047619,5.5,1
Junichiro Makino,277,14627,35,417.914285714285,0.379892475910968,65,117,14,17,11659,126.0,90,99,52.8086607735007,4851,136,59.95,91.3400240858299,12,65,28.7406303799685,7.0,50.8238189649278,28.8849388117864,-73.9112599986326,-1.63906339234723,149,0.234657039711191,98.0665291387313,1.85714285714285,22.562656641604,120.942134924103,61.8207085045132,1.66666666666666,39.5333333333333,41,73,277,21.7783505154639,39.5333333333333,40.8304366256888,40.8906132494701,277.0,179.36923076923,107.976849370594,52.8050541516245,90.4986187739901,7434,87.2066511224917,37.6243642272551,68,60,660.541777264735,2.88086642599278,5810.89999999999,125.516666666666,207.430635563945,4880.90909090909,40,28,11,21.7783505154639,66.0152671755725,22.3333333333333,1
Juris Hartmanis,339,12169,43,283.0,0.211157383307305,57,106,13,15,9887,98.0,74,83,45.6244975340418,3249,120,66.24,84.5576726264388,4,57,25.98594278809,7.54983443527075,55.0168460843126,26.6989892349412,-113.772701125811,-1.52213072568193,129,0.168141592920354,47.5840707964601,1.32558139534883,26.9874301675977,110.313190507753,67.9874988508917,0.780821917808219,40.6999999999999,42,82,339,26.4146341463414,40.6999999999999,41.8116315553563,41.8618621086367,339.0,173.456140350877,99.4333947926952,35.8967551622418,74.7395477642191,6638,77.7303029712351,38.802501805186,77,55,271.499521763976,2.11209439528023,7006.61666666666,213.709523809523,160.430262172284,4558.62650602409,41,15,7,26.4146341463414,58.0347826086956,11.6,1
K. Das Sajal,549,21153,57,371.105263157894,0.140109289617486,77,133,14,18,14752,136.0,102,111,66.3870304148466,6004,190,87.11,103.26180319944,3,77,31.4500892887793,8.71779788708134,42.0744102491372,28.0291211648465,-141.908949085236,-2.4013986013986,273,0.140255009107468,52.0493720640398,1.35087719298245,24.8518518518518,145.440709569226,51.6355380322388,1.26229508196721,41.6333333333333,42,73,549,24.1016260162601,41.6333333333333,41.8516851949885,41.9205313667092,549.0,191.584415584415,121.457811605511,38.5300546448087,102.332790443728,8823,101.197826063606,43.0792897254821,71,45,1100.18247942215,3.0983606557377,7469.53333333332,199.1,90.3482258582967,6120.45945945945,41,29,12,24.1016260162601,78.0129032258064,26.0,1
Kai Engelhardt,90,1923,34,56.5588235294117,0.469597069597069,20,43,7,7,1628,52.5,28,32,18.8031592213544,591,45,12.44,33.6005952328228,3,21,12.6578552810069,1.0,63.8585543421736,20.8008320332813,-57.4622984919396,-1.35476718403547,32,0.222222222222222,12.5686274509803,0.588235294117647,7.28744939271255,43.8520238985614,29.6690073982935,0.555555555555555,9.91666666666666,14,35,90,5.19480519480519,9.91666666666666,13.8819007686932,13.9121164846593,90.0,81.4,40.348482003664,21.3666666666666,32.4037034920393,1228,29.3257565972303,10.1929438287525,24,16,170.967445014536,2.74444444444444,698.949999999999,46.4999999999999,117.915028248587,767.5,13,13,8,5.19480519480519,21.0243902439024,11.0,1
Kalmar Laszlo,113,767,68,11.2794117647058,0.11908088806086,13,25,6,4,568,34.0,18,20,13.9810403182735,252,30,5.23,20.4939015319191,1,14,8.99619284795272,2.0,52.0208604954367,22.0338983050847,-143.54628422425,-1.71204188481675,17,0.11504424778761,1.29763144195731,0.191176470588235,8.49132947976878,27.6947648482524,23.3666428910958,0.134020618556701,11.8666666666666,13,25,113,6.76,11.8666666666666,12.740072202166,12.8122555410691,113.0,43.6923076923076,23.8327505756259,6.78761061946902,21.0237960416286,399,18.0277563773199,9.37443331620637,20,13,12.7005987607045,1.53097345132743,525.0,94.75,19.3736825721528,259.349999999999,12,3,1,6.76,14.037037037037,7.5,1
Kalyan Kumaran,9,180,16,11.25,4.0,5,9,3,2,174,40.5,5,7,5.16075036075036,124,6,1.69,12.2474487139158,4,5,5.10743323913283,1.41421356237309,85.5555555555555,13.8888888888888,-8.33333333333333,0.0,3,0.555555555555555,6.25,0.3125,1.18421052631578,13.4164078649987,10.5237825899245,0.172413793103448,1.23333333333333,4,9,9,1.19047619047619,1.23333333333333,3.94674556213017,3.95,9.0,34.8,13.1909059582729,20.0,14.2302494707577,149,6.70820393249936,2.43975018237133,6,3,13.3626373626373,4.22222222222222,48.9833333333333,2.18333333333333,3580.0,106.428571428571,3,3,2,1.19047619047619,6.36363636363636,1.2,1
Kathryn S. McKinley,289,15685,123,127.520325203252,0.374299009664717,69,122,15,19,12683,138.0,95,104,54.5112965503058,5056,138,63.46,97.5294827218928,9,69,29.7978438642214,8.0,50.5068536818616,30.3538412496015,-77.6346828179789,-1.57923889629705,155,0.238754325259515,30.4460292007764,0.560975609756097,21.4881465517241,125.239770041309,80.0005208316379,0.556451612903225,32.5928571428571,39,68,289,18.8181818181818,32.5928571428571,38.8522006141248,38.9079375199234,289.0,183.811594202898,112.618826134887,54.273356401384,97.5807358037435,7922,91.7496593999127,36.0340747828294,61,47,1070.5892267282,3.21107266435986,5026.15952380952,112.292857142857,229.296795216107,5255.9423076923,38,39,16,18.8181818181818,70.0215827338129,18.0,1
Katsuyuki Sakuma,106,2084,22,94.7272727272727,0.367483688943748,22,43,7,5,1580,39.0,30,34,21.5984794677094,551,51,12.07,33.4065861769801,4,23,12.9661959938715,4.35889894354067,52.5911708253359,23.2245681381957,-64.4913627639155,-1.80145719489981,39,0.20754716981132,19.6603773584905,1.0,6.21866666666666,45.6508488420532,28.7909129182571,0.846153846153846,10.75,11,23,106,5.5,10.75,10.9171499585749,10.9520153550863,106.0,71.8181818181818,39.7492138287035,19.6603773584905,29.2916370317536,1096,30.7571129984593,11.0,18,20,167.98460480438,3.5377358490566,569.899999999999,36.3999999999999,61.6337226714585,709.176470588235,10,11,6,5.5,23.0666666666666,6.5,1
Kazuo Minami,191,1141,89,12.8202247191011,0.0622273123909249,15,29,5,4,690,27.5,20,23,17.6736314313676,312,50,6.73,22.0907220343745,0,15,9.71706511105434,2.0,42.0683610867659,19.7195442594215,-193.076248904469,-3.35689045936395,28,0.0785340314136125,1.00682393081946,0.168539325842696,4.8641765704584,33.778691508109,25.0099980007996,0.161290322580645,8.38333333333333,9,19,191,3.68852459016393,8.38333333333333,8.88869565217391,8.94390885188431,191.0,46.0,26.2678510731273,5.97382198952879,20.3100960115899,465,20.8566536146142,7.43827055520697,12,15,47.05656896496,3.08376963350785,341.166666666666,87.9833333333333,9.65950573994908,303.260869565217,8,5,2,3.68852459016393,16.0322580645161,8.0,1
Keigo Nitadori,27,1107,14,79.0714285714285,2.92857142857142,14,27,7,6,1060,64.5,18,22,11.8279874010872,560,20,6.34,28.9482296522602,14,14,10.7855535892548,3.16227766016837,78.0487804878048,17.7055103884372,-11.8337850045167,-1.05571847507331,15,0.518518518518518,41.0,1.0,3.6,33.2716095192282,22.120880030716,0.777777777777777,4.73333333333333,11,22,27,3.56363636363636,4.73333333333333,10.8949579831932,10.9096657633243,27.0,75.7142857142857,32.5576411921994,41.0,30.0499584026334,864,19.4422220952235,7.06334970753318,18,10,79.6207031530561,3.88888888888888,357.85,8.18333333333333,924.680851063829,549.818181818181,10,10,6,3.56363636363636,15.3103448275862,2.0,1
Keith Bostic,26,1479,31,47.7096774193548,4.21367521367521,6,26,5,4,1434,108.0,10,14,8.07758853715477,1058,17,14.27,34.132096331752,5,8,8.83925353716395,1.41421356237309,94.5233265720081,2.4340770791075,-5.0709939148073,-1.04157706093189,5,0.23076923076923,11.0099255583126,0.193548387096774,1.81395348837209,38.4577690460588,33.1285375469548,0.171428571428571,3.68333333333333,6,25,26,1.63636363636363,3.68333333333333,5.98248072880168,5.98309668695064,26.0,239.0,37.8681924575229,56.8846153846153,25.4558441227157,1398,12.4899959967967,3.13339780720256,21,5,67.6893945965483,3.3076923076923,441.783333333333,9.88333333333333,1812.72307692307,599.142857142857,5,5,4,1.63636363636363,7.07692307692307,4.0,1
Kenji Yasuoka,111,3886,26,149.461538461538,0.625160875160875,32,61,10,10,3280,80.0,45,51,27.0290416148028,1440,62,18.6,50.0599640431353,13,34,17.5371920086206,4.24264068711928,58.0545548121461,26.3510036026762,-49.4595985589294,-1.3950480413895,57,0.288288288288288,43.088011088011,1.23076923076923,8.7487684729064,62.3377895020348,35.5619178335477,1.06666666666666,14.8166666666666,20,33,111,8.53333333333333,14.8166666666666,19.8640813253012,19.9071024189397,111.0,102.5,57.2712842531054,35.009009009009,50.596442562694,2256,44.181444068749,16.5247289438183,31,18,193.570465556974,3.65765765765765,1171.68333333333,33.8666666666666,189.487705527309,1415.5294117647,19,15,7,8.53333333333333,33.0153846153846,17.0,1
Kenneth M. Mackenzie,23,449,89,5.04494382022471,1.62681159420289,10,21,6,4,430,45.5,12,15,8.97368273913792,336,15,2.15,19.7989898732233,10,10,8.02911495589435,2.82842712474619,73.4966592427617,22.271714922049,-23.8307349665924,-1.02158273381294,10,0.434782608695652,2.19345383488031,0.112359550561797,3.65079365079365,21.189620100417,15.7559512565887,0.0952380952380952,4.61666666666666,9,17,23,3.03030303030303,4.61666666666666,8.83673469387755,8.85746102449888,23.0,43.0,20.7364413533277,19.5217391304347,21.3307290077015,330,14.4913767461894,5.5048188256318,12,10,20.6657088904431,2.7391304347826,152.65,11.9333333333333,441.807780320366,220.0,8,7,2,3.03030303030303,11.3809523809523,1.66666666666666,1
Kevin Elphinstone,83,3000,30,100.0,0.860585197934595,26,54,9,8,2530,66.0,36,41,22.871617411379,946,53,17.64,44.0113621693307,11,26,15.3315767645054,3.3166247903554,62.6666666666666,22.5333333333333,-34.5666666666666,-1.3649976602714,47,0.313253012048192,31.3253012048192,0.866666666666666,7.26599326599326,54.7722557505166,44.5,0.764705882352941,12.75,16,36,83,6.89795918367346,12.75,15.8971193415637,15.925,83.0,97.3076923076923,50.2991053598371,36.144578313253,41.4246303544159,1854,37.4699879903903,13.3920475945805,29,16,228.425189593609,3.57831325301204,998.283333333333,28.8666666666666,208.075545424943,1175.70731707317,15,13,6,6.89795918367346,27.0188679245283,13.5,1
Kevin Gott,23,233,13,17.9230769230769,0.844202898550724,6,15,4,3,208,42.0,8,10,6.88543252722011,148,11,1.98,14.0712472794702,4,7,5.79047697820391,2.0,76.3948497854077,15.450643776824,-35.6223175965665,-1.04477611940298,5,0.260869565217391,4.67558528428093,0.461538461538461,1.33980582524271,15.2643375224737,10.7238052947636,0.4,2.79285714285714,5,10,23,1.33333333333333,2.79285714285714,4.91919191919192,4.931330472103,23.0,34.6666666666666,14.4222051018559,10.1304347826086,15.8745078663875,172,9.48683298050513,2.82842712474619,7,4,90.7857864357864,4.47826086956521,55.5166666666666,6.09285714285714,114.100686498855,103.199999999999,4,5,4,1.33333333333333,7.0,7.0,1
Kevin Haaland,379,798794,60,13313.2333333333,11.0928204416053,305,379,58,176,788056,1929.5,367,379,174.215795265109,329266,364,1871.75,766.36022861315,365,305,120.27159522792,14.247806848775,87.0482251994882,11.6456808639023,-1.51903995272873,-1.02593706230805,366,0.804749340369393,10713.8157431838,5.08333333333333,77.0633333333333,893.752762233494,295.138105232151,4.765625,122.978571428571,257,380,379,78.5021097046413,122.978571428571,256.912780894203,256.917956319151,379.0,2583.79016393442,887.725182700141,2107.63588390501,767.135907124676,695031,339.992646979313,154.735721344218,379,288,41224.0545564334,3.95778364116094,328089.359523809,131.495238095238,159261.759136513,559325.738786279,256,247,122,78.5021097046413,306.004909983633,76.5,1
Kevin J. Bowers,19,1048,23,45.5652173913043,5.51578947368421,16,19,7,6,1022,49.0,19,19,12.3015583975953,451,19,5.1,27.5499546279118,19,16,11.0399473356835,3.3166247903554,73.0916030534351,24.4274809160305,-1.5267175572519,-1.02286282306163,17,0.842105263157894,38.370709382151,0.695652173913043,6.60869565217391,32.3728281124772,25.9807621135331,0.4,9.03333333333333,13,20,19,6.4,9.03333333333333,12.8431372549019,12.8625954198473,19.0,63.875,31.9687347262915,55.1578947368421,28.0,766,17.4355957741626,10.1192885125388,19,16,47.4016809862685,2.42105263157894,627.2,10.5333333333333,2168.12955465587,645.052631578947,12,8,3,6.4,17.3030303030303,1.9090909090909,1
Kilinski Antoni,5,57,18,3.16666666666666,3.8,3,5,2,1,53,12.0,4,5,4.33968253968253,34,5,0.46,5.8309518948453,5,4,3.45554696409231,1.0,77.1929824561403,15.7894736842105,-3.50877192982456,-1.0,2,0.6,1.9,0.166666666666666,3.0,7.54983443527075,7.28010988928051,0.0566037735849056,3.0,4,6,5,3.0,3.0,3.83018867924528,3.84210526315789,5.0,17.6666666666666,7.28010988928051,11.4,6.0,44,3.87298334620741,3.0,5,3,1.28438155136268,1.0,57.0,5.0,151.05,26.4,3,1,0,3.0,4.57142857142857,1.6,1
Kim Kane,9,248,9,27.5555555555555,5.51111111111111,4,9,4,3,247,60.0,4,7,4.62539682539682,147,5,2.11,12.7279220613578,4,4,5.5646690635963,1.73205080756887,93.1451612903225,6.4516129032258,-6.4516129032258,0.0,4,0.444444444444444,12.2469135802469,0.444444444444444,1.33333333333333,15.7480157480236,15.7162336455017,0.114285714285714,1.58333333333333,5,10,9,1.45454545454545,1.58333333333333,4.93522267206477,4.93548387096774,9.0,61.75,15.7162336455017,27.5555555555555,15.4919333848296,231,6.0,2.4120907566221,9,4,8.64025307876114,3.0,105.5,4.25,6806.22222222222,132.0,4,4,2,1.45454545454545,8.88888888888889,1.02777777777777,1
Kiyoshi Oguri,70,624,30,20.8,0.251106639839034,14,24,5,4,472,21.0,18,20,13.7514758992179,210,30,3.86,18.5741756210067,1,15,8.79978792288064,3.87298334620741,46.4743589743589,31.4102564102564,-103.525641025641,-1.53038674033149,18,0.2,4.16,0.466666666666666,3.27759197324414,24.9799919935935,16.1864140562386,0.411764705882352,5.25,7,10,70,3.11111111111111,5.25,6.89565217391304,6.94230769230769,70.0,33.7142857142857,21.7255609824004,8.91428571428571,17.1464281994822,276,18.3303027798233,6.59966329107444,10,6,26.4953814173776,4.27142857142857,146.6,18.3499999999999,31.3937888198757,193.2,6,5,2,3.11111111111111,15.0,15.0,1
Kopetz Hermann,175,7928,60,132.133333333333,0.514805194805194,41,88,12,14,6825,106.0,57,65,34.0319399311042,2460,85,45.4,71.2741187248218,9,41,21.778559833668,4.47213595499958,64.8839556004036,21.2033299697275,-55.3733602421796,-1.34553974314474,82,0.234285714285714,30.9569523809523,0.683333333333333,17.759900990099,89.0393171582082,56.2781781273464,0.640625,29.7333333333333,33,69,175,17.1530612244897,29.7333333333333,32.8399749960931,32.8708375378405,175.0,166.463414634146,82.6135582092915,45.3028571428571,65.924198895398,5144,60.0666296707248,26.5193421902595,63,38,275.063665736377,2.30857142857142,4383.91666666666,112.8,280.319129646418,3244.67692307692,32,17,7,17.1530612244897,42.0240963855421,14.3333333333333,1
Kozma Laszlo,9,182,14,13.0,4.04444444444444,8,9,4,2,177,19.5,9,9,7.32681827975945,96,9,1.05,11.3578166916005,9,8,6.02620810662678,2.0,62.087912087912,35.1648351648351,0.0,0.0,8,0.888888888888888,11.5555555555555,0.571428571428571,2.18181818181818,13.490737563232,10.8320512061812,0.19047619047619,3.0,6,7,9,2.06451612903225,3.0,5.82638888888888,5.86263736263736,9.0,22.125,13.30413469565,20.2222222222222,12.4899959967967,113,8.48528137423857,4.06400406400609,6,4,5.60160314579552,3.66666666666666,51.4,3.0,715.866666666666,100.444444444444,5,3,1,2.06451612903225,9.29411764705882,1.83333333333333,1
Kresten Lindorff-Larsen,38,4387,20,219.35,5.92037786774628,25,38,10,10,4376,84.0,26,33,16.5914071039888,2037,26,28.98,56.8682688324517,25,25,16.9713050280094,1.73205080756887,85.502621381354,14.2466377934807,-6.67882379758377,-0.995422293430991,25,0.657894736842105,144.309210526315,1.25,6.50684931506849,66.2344321331435,35.2987251894455,1.04166666666666,7.25,17,38,38,6.72043010752688,7.25,16.935451336359,16.9416457715979,38.0,175.04,66.1513416341649,115.447368421052,45.8257569495584,3751,30.8220700148448,12.9618961841303,34,17,244.038702895345,3.84210526315789,1218.95,11.1166666666666,45927.0622009569,2841.66666666666,16,15,7,6.72043010752688,26.4705882352941,1.16,1
Kristen Nygaard,98,4354,49,88.8571428571428,0.897546897546897,24,65,9,9,3982,68.5,34,40,21.23545487947,1562,50,32.63,54.4701753255852,9,25,15.9050820030837,1.41421356237309,78.226917776757,13.2292145153881,-32.2462103812586,-1.17116125481563,39,0.244897959183673,21.7609329446064,0.489795918367346,9.84100418410041,65.9848467452944,54.571054598569,0.333333333333333,16.25,18,46,98,9.14285714285714,16.25,17.9231995748073,17.9336242535599,98.0,165.916666666666,63.103090257134,44.4285714285714,40.5462698654265,3406,39.4968353162629,14.8131215963608,46,18,104.084876432938,2.43877551020408,2175.24999999999,50.4166666666666,475.576804915514,2043.6,17,9,5,9.14285714285714,25.0204081632653,13.0,1
Kuan-Neng Chen,309,5775,27,213.888888888888,0.120576260569996,38,68,11,11,3833,84.0,54,59,36.8309538421595,1825,105,25.17,54.157178656204,0,39,19.2151975262232,5.0,41.3679653679653,25.004329004329,-144.69264069264,-2.83359253499222,108,0.122977346278317,26.3034879539733,1.4074074074074,9.76059850374064,75.9934207678533,40.0083324654585,1.2258064516129,18.8785714285714,21,33,309,9.62666666666666,18.8785714285714,20.8556998556998,20.9307359307359,309.0,100.868421052631,61.9112267686564,18.6893203883495,56.4977875673021,2389,50.8330601085553,19.1262472360192,32,26,507.940490190305,3.89320388349514,1633.35714285714,98.2309523809525,36.8878295821543,1538.67796610169,20,20,10,9.62666666666666,39.025974025974,13.6666666666666,1
Kuck David,79,8433,57,147.947368421052,2.66867088607594,36,79,13,15,7910,125.0,49,59,27.8511316585723,3096,62,48.29,77.4338427304237,31,36,21.6763801502403,3.0,78.4299774694652,15.368196371398,-12.1427724415984,-1.12557262193478,57,0.455696202531645,67.4190539640239,0.631578947368421,14.6597938144329,91.8313671900838,69.8295543925827,0.590163934426229,21.8833333333333,27,64,79,12.5825242718446,21.8833333333333,26.9091764073626,26.9198387288035,79.0,219.722222222222,88.9381807774366,106.746835443037,67.0820393249936,6614,53.3291665038935,21.2831124083487,62,34,208.460383568596,2.45569620253164,3894.5,43.6666666666666,1614.46934675799,4035.66101694915,26,14,8,12.5825242718446,37.0273972602739,12.6666666666666,1
Kyle J Caspersen,3,355,2,177.5,59.1666666666666,3,3,3,3,355,128.0,3,3,3.8,261,3,1.4,16.3707055437449,3,3,5.69853025948558,1.73205080756887,97.4647887323943,2.53521126760563,0.0,0.0,3,1.0,177.5,1.5,0.899999999999999,18.8414436814167,15.7321327225522,0.157894736842105,1.0,3,4,3,0.9,1.0,3.97464788732394,3.97464788732394,3.0,118.333333333333,18.8414436814167,118.333333333333,19.5959179422654,346,3.0,1.64316767251549,3,3,20.0154798761609,3.33333333333333,123.75,1.0,0.333333333333333,346.0,3,3,3,0.899999999999999,-8.42857142857142,-1.02325581395348,1
Kyle Kelley,37,4058,36,112.722222222222,5.77240398293029,14,37,8,7,4023,78.0,17,23,11.4575713937413,2023,20,36.62,58.0,13,14,13.5449987544946,1.0,94.3075406604238,4.82996550024642,-6.89995071463775,-1.00650813516896,14,0.378378378378378,42.6516516516516,0.388888888888888,3.78102189781021,63.7024332345319,42.9282346868973,0.35,4.86666666666666,12,36,37,3.43859649122807,4.86666666666666,11.9693515704154,11.9701823558403,37.0,287.357142857142,63.4271235355979,109.675675675675,33.0454232837166,3827,22.759613353482,6.93832478896692,28,14,475.688669577756,3.7027027027027,828.133333333333,14.7166666666666,12606.4355212355,2329.47826086956,11,11,6,3.43859649122807,15.4827586206896,1.46666666666666,1
L Peter Deutsch,47,1292,45,28.7111111111111,1.14539007092198,13,35,6,5,1162,44.0,19,23,13.298744073287,564,30,9.42,29.0516780926679,10,15,10.3307273283922,1.41421356237309,76.8575851393188,13.0804953560371,-24.1486068111455,-1.19138755980861,17,0.276595744680851,7.94137115839243,0.288888888888888,6.56989247311827,35.9444015112228,30.0665927567458,0.171052631578947,10.3666666666666,13,36,47,6.03571428571428,10.3666666666666,12.8744551002615,12.8885448916408,47.0,89.3846153846153,34.0881210981186,27.4893617021276,23.9165214862027,993,21.3307290077015,8.85800687030021,27,11,27.2670490450385,1.97872340425531,746.566666666666,33.2333333333333,245.712602291325,561.260869565217,12,4,2,6.03571428571428,14.074074074074,5.33333333333333,1
L. Hennessy John,163,7251,39,185.923076923076,0.54249588508155,44,84,12,14,6085,94.5,61,68,35.7737566365571,2407,88,33.69,66.2872536767062,11,44,22.08251731421,5.3851648071345,57.219693835333,26.6997655495793,-56.1026065370293,-1.42874420479742,85,0.269938650306748,50.1878244454931,1.12820512820512,16.2262443438914,85.1528038293513,46.3541320224589,0.698412698412698,24.9999999999999,31,53,163,15.2440944881889,24.9999999999999,30.8294162244124,30.8758791890773,163.0,138.295454545454,78.0064099930255,44.4846625766871,64.482555780614,4149,60.7947366142826,25.8986516537119,50,33,216.821708575474,2.71165644171779,2972.74999999999,71.0833333333333,232.151948352608,2684.64705882352,30,15,6,15.2440944881889,45.0449438202247,9.4,1
L. Schatz Vernon,5,224,19,11.7894736842105,14.9333333333333,3,5,2,2,223,108.0,3,5,3.94285714285714,216,4,2.17,14.7309198626562,3,3,4.82515296100621,1.41421356237309,95.5357142857142,4.01785714285714,-1.33928571428571,0.0,2,0.6,7.07368421052631,0.157894736842105,1.66666666666666,14.9666295470957,14.933184523068,0.0461538461538461,2.33333333333333,3,6,5,1.8,2.33333333333333,2.98156682027649,2.98214285714285,5.0,74.3333333333333,14.933184523068,44.8,18.0,214,3.87298334620741,2.32379000772445,5,2,4.77512986550914,1.8,219.5,3.33333333333333,9990.4,128.399999999999,2,2,2,1.79999999999999,4.71428571428571,1.16666666666666,1
L. Scott Steven,56,3250,46,70.6521739130434,2.03634085213032,28,56,10,11,3144,75.0,33,38,19.237091436344,1308,34,17.66,48.5283422342037,27,28,16.5846808319475,3.46410161513775,73.476923076923,24.1230769230769,-21.5692307692307,-1.02470324029515,31,0.5,35.3260869565217,0.608695652173913,11.8787878787878,57.0087712549569,41.9185718586245,0.56,15.8166666666666,21,52,56,11.0422535211267,15.8166666666666,20.8608695652173,20.876923076923,56.0,112.285714285714,56.0713830755047,58.0357142857142,45.8257569495584,2360,39.5979797464466,17.5836031174372,42,28,135.986087998987,2.35714285714285,1781.95,32.4166666666666,2360.11904761904,1738.94736842105,20,13,5,11.0422535211267,29.0877192982456,4.83333333333333,1
L. Seitz Charles,104,7614,103,73.9223300970873,1.39450549450549,28,87,10,11,7180,99.0,40,48,23.3269679235126,3180,51,60.12,74.4916102658547,15,28,19.0659648517374,2.0,84.3708957184134,10.2968216443393,-22.6030995534541,-1.099721774784,45,0.269230769230769,19.9021657953696,0.271844660194174,12.7719298245614,87.2582374334939,62.8132151700579,0.261682242990654,20.3666666666666,25,77,104,12.4444444444444,20.3666666666666,24.9185980780101,24.9243498817966,104.0,256.428571428571,84.7348806572594,73.2115384615384,52.6497863243527,6396,49.3558507170122,18.6666666666666,72,28,201.1047559337,2.19230769230769,5312.01666666666,67.2166666666667,1299.77529367184,3731.0,24,12,6,12.4444444444444,29.0175438596491,14.5,1
L. Thompson Ken,349,112563,54,2084.5,1.84302906262791,175,334,27,52,92304,324.0,244,270,135.235610905872,32256,349,340.47,257.105036901263,346,176,60.5631018562007,14.9666295470957,54.7950925259632,27.2069863098886,-9.05359665254124,-1.55378011631127,349,0.501432664756447,1045.23638968481,3.24074074074074,56.2384898710865,335.504098335624,112.497357320251,2.08333333333333,110.616666666666,106,194,349,54.9820466786355,110.616666666666,105.856639446582,105.902054849284,349.0,527.451428571428,303.815733628131,322.530085959885,238.117617995813,61679,241.764348074731,98.0910707901653,204,167,3171.45069104554,3.11174785100286,48352.6333333333,141.916666666666,1469.51068929568,39977.1296296296,105,53,22,54.9820466786355,176.002849002849,88.5,1
Lamport Leslie,909,74879,236,317.283898305084,0.181044258271981,106,267,25,38,63365,273.5,152,179,88.8078483521043,18564,250,457.58,217.31083728153,14,106,47.1843815099688,2.44948974278317,69.6176498083574,15.0055422748701,-98.2945819255064,-1.42373207583485,382,0.116611661166116,36.9990024426171,0.449152542372881,49.3869810353664,273.640274813485,160.809307359161,0.441666666666666,79.5,81,226,909,45.1244979919678,79.5,80.8931873560532,80.9145287730872,909.0,597.783018867924,251.724055266873,82.3751375137513,170.267436698859,52129,168.231982690569,69.1606592446066,225,106,2269.30957219416,2.14631463146314,53652.8333333333,601.628571428571,453.335121465941,30869.6871508379,80,43,20,45.1244979919678,107.014084507042,27.0,1
Lampson Butler,129,63698,42,1516.61904761904,7.59666070363744,128,129,23,40,63583,298.5,129,129,69.5591279419046,21660,129,252.54,213.300257852633,129,128,50.7633125330266,9.74679434480896,74.0980878520518,25.7213727275581,0.0,0.0,129,0.992248062015503,1504.86231081579,3.04761904761904,44.7479674796747,252.384627107119,110.681975423506,1.80281690140845,57.1833333333333,89,130,129,44.7650273224043,57.1833333333333,88.8614669051878,88.8784263242174,129.0,496.7421875,252.156697313396,493.782945736434,195.468667565929,47199,128.499027233672,75.6962581457482,129,125,1797.68177492984,2.86046511627907,30338.1666666666,57.1833333333333,273010.443815301,46833.1162790697,88,42,17,44.7650273224043,129.093385214007,5.6,1
Lanning Wang,36,694,11,63.090909090909,1.04204204204204,9,26,4,3,633,16.0,13,16,10.0194939054496,341,19,5.93,22.1585198061603,3,10,7.83896290715731,1.0,79.5389048991354,11.671469740634,-26.2247838616714,-1.13253012048192,9,0.25,15.7727272727272,0.818181818181818,2.11764705882352,26.3438797446389,21.0,0.473684210526315,4.575,6,14,36,1.92857142857142,4.575,5.95667244367417,5.96397694524495,36.0,70.3333333333333,25.1594912508182,19.2777777777777,12.0,552,15.2970585407783,4.16619044897648,10,4,65.4738686751844,4.25,124.541666666666,9.56666666666666,200.046448087431,310.5,5,6,3,1.92857142857142,10.1578947368421,3.25,1
Larry M Masinter,4,35,7,5.0,3.5,3,4,2,1,30,15.0,4,4,3.88571428571428,26,4,0.3,5.47722557505166,4,3,3.07582634565908,1.41421356237309,68.5714285714285,25.7142857142857,0.0,0.0,2,0.75,3.75,0.428571428571428,1.09090909090909,5.91607978309961,5.74456264653802,0.06,1.83333333333333,3,5,4,1.5,1.83333333333333,2.86666666666666,2.88571428571428,4.0,10.0,5.47722557505166,8.75,6.70820393249936,21,3.46410161513775,2.12132034355964,4,2,0.79414376321353,2.75,22.9,2.03333333333333,144.375,15.75,2,1,0,1.5,4.14285714285714,2.0,1
Larry Page,133,2068,83,24.9156626506024,0.23207271911121,25,43,8,7,1612,48.0,33,36,22.0751721272336,693,50,11.48,34.6121365997535,2,25,13.8236755332383,4.58257569495584,48.9361702127659,30.2224371373307,-109.671179883945,-1.57317073170731,41,0.18796992481203,4.68339523507564,0.301204819277108,10.390625,45.4752680036082,35.3624094201738,0.28735632183908,13.8666666666666,16,34,133,8.44594594594594,13.8666666666666,15.8304446119065,15.8911992263056,133.0,64.48,40.1497197997694,15.5488721804511,34.6410161513775,987,32.78719262151,14.5309548429774,25,20,89.4234136693026,2.40601503759398,857.466666666666,75.1333333333333,59.0568532700661,685.416666666666,15,8,3,8.44594594594594,26.0196078431372,13.0,1
Laura Haas,198,15216,125,121.728,0.772346581391807,54,123,15,20,13703,175.5,77,90,41.8330977631277,5208,100,79.84,101.390334845092,31,55,28.1676046524501,5.56776436283002,70.8924815983175,19.1640378548895,-41.1606203995793,-1.2265599477295,102,0.272727272727272,33.1985454545454,0.432,14.7475862068965,123.353151560874,80.5998345738583,0.41860465116279,22.4333333333333,35,61,198,12.7336244541484,22.4333333333333,34.903085177733,34.9240273396424,198.0,253.759259259259,117.059813770567,76.8484848484848,97.3498844375277,10787,81.4984662432367,26.2224278152122,60,36,1048.70101816415,3.66161616161616,3986.09999999999,76.7666666666666,696.004486370646,6472.2,34,34,18,12.7336244541484,55.0183486238532,19.0,1
Lee R Gordon,1,0,0,0.0,0.0,0,0,0,0,0,0.0,1,1,0.0,0,0,0.0,0.0,0,1,0.0,1.0,0.0,0.0,0.0,0.0,0,0.0,0.0,0.0,0.0,0.0,0.0,0.0,0.0,1,2,1,0.0,1.0,0.0,0.0,1.0,0.0,0.0,0.0,0.0,0,0.0,0.0,0,0,0.0,1.0,0.0,1.0,0.0,0.0,0,0,0,0.0,1.0,1.0,1
Leonard M. Adleman,69,7286,41,177.70731707317,3.01697722567287,33,69,13,15,7060,117.5,42,49,23.1439539558116,2410,45,44.54,74.3706931526122,27,34,20.5209287184697,3.16227766016837,82.4046115838594,14.9464726873455,-13.6563272028547,-1.04096350786095,41,0.478260869565217,84.9904559915164,0.804878048780487,14.6903225806451,85.3580693314932,59.6343022093828,0.733333333333333,19.5333333333333,27,70,69,14.52,19.5333333333333,26.9011551396403,26.9072193247323,69.0,213.939393939393,84.0238061504,105.59420289855,62.2695752354229,5971,47.7179211617606,21.8897236163456,63,30,225.205103684634,2.2463768115942,4043.48333333333,40.2666666666666,3880.7237365773,4021.28571428571,26,16,8,14.52,34.0,34.0,1
Leopold Grinberg,33,868,17,51.0588235294117,1.54723707664884,13,29,6,5,835,47.0,16,19,11.0006385104448,362,18,6.07,25.7681974534502,8,13,9.73823773294098,1.41421356237309,76.7281105990783,19.4700460829493,-26.036866359447,-1.02579852579852,15,0.393939393939393,20.1140819964349,0.764705882352941,3.97222222222222,29.4618397253124,18.9164831121784,0.619047619047619,5.26666666666666,11,17,33,3.93023255813953,5.26666666666666,10.8732572877059,10.8847926267281,33.0,64.2307692307692,28.8963665535997,26.3030303030303,24.7184141886165,666,19.4164878389476,7.14793839199904,16,10,58.9730907680211,3.27272727272727,281.166666666666,12.2333333333333,665.5463728191,455.684210526315,10,7,4,3.93023255813953,14.074074074074,5.0,1
Leslie Lamport,299,50312,54,931.703703703703,1.12178372352285,80,224,23,33,45969,224.0,115,138,63.0309388118675,14586,170,307.99,189.459758260164,37,80,40.1914855280946,4.69041575982343,78.8062490062013,12.7206233105422,-26.343615837176,-1.19468265532809,201,0.267558528428093,249.285271893967,1.48148148148148,44.7940074906367,224.303366002385,151.068803309397,1.37931034482758,66.65,70,205,299,45.3900709219858,66.65,69.8943994676721,69.9053704881539,299.0,574.6125,214.403824592753,168.267558528428,133.865604245452,39569,133.865604245452,60.2594861723767,199,75,1652.99010038984,1.78595317725752,40071.6833333333,224.799999999999,1817.62908812469,22938.5507246376,69,38,19,45.3900709219858,81.0186335403726,20.25,1
Leslie Valiant,109,31551,47,671.297872340425,5.26288573811509,58,109,20,27,30476,232.5,82,96,41.2970699358594,9108,90,186.87,153.463350673703,72,58,33.3754859218677,4.79583152331271,85.9307153497512,10.6621026274919,-5.96494564356121,-1.06735012560255,88,0.532110091743119,357.204372438024,1.23404255319148,35.7175141242937,177.62601160866,119.234293165459,1.13725490196078,50.4166666666666,56,110,109,35.4105263157894,50.4166666666666,55.9000990752972,55.9041234826154,109.0,525.448275862069,174.573766643215,289.45871559633,116.124932723338,27112,79.5110055275368,45.3189863778503,109,57,893.477225680802,1.62385321100917,25955.6666666666,84.9,8206.08727117559,16380.1666666666,55,28,16,35.4105263157894,59.034188034188,12.4,1
Lin Gan,459,33816,26,1300.61538461538,0.32031827223643,94,165,17,25,22089,171.0,130,142,86.4754248154013,9792,261,106.45,126.775391933923,10,94,36.9321009603346,12.0,39.4694819020582,26.129642772652,-67.0570144310385,-3.13417269566851,385,0.20479302832244,266.356963298139,3.61538461538461,18.4227156276686,183.891272223561,69.7167145658419,2.76470588235294,41.9690476190476,40,67,459,17.5666003976143,41.9690476190476,39.8971880492091,39.9550212916962,459.0,234.989361702127,148.623685864669,73.673202614379,126.783279654692,13253,124.539150470845,40.6357039729318,62,47,3009.71884391618,5.10239651416122,7160.7865079365,110.875396825396,140.487634625184,8773.11267605633,39,51,22,17.5666003976143,95.005291005291,47.5,1
Lin Lin,349,65238,24,2718.25,1.06816209578387,147,233,20,32,43803,212.5,192,206,126.394113019392,27600,349,154.29,176.14482677615,140,147,49.1185953325122,17.3205080756887,34.2453784604065,33.1233330267635,-12.8835954505043,-2.84501052262364,349,0.421203438395415,1144.93624641833,6.125,28.8543307086614,255.41730560007,84.3298399657375,5.25,75.354761904762,59,93,349,30.2647058823529,75.354761904762,58.8786829672905,58.9484349612189,349.0,297.979591836734,209.291662519078,186.928366762177,176.741336421336,22194,185.070256929632,66.7001631535177,87,125,7657.2745718261,5.0945558739255,14547.3206349206,77.7476190476192,385.92172675675,15837.4660194174,58,86,36,30.2647058823529,148.003389830508,74.0,1
Lin-Wang Wang,189,10884,29,375.310344827586,0.606182121971595,43,104,14,16,9735,117.0,63,74,35.5486893270842,3400,84,67.38,84.581321815162,15,45,24.0873713240945,3.16227766016837,72.454979786843,16.9882396177875,-47.1242190371187,-1.23942519411287,84,0.227513227513227,85.3880678708265,1.48275862068965,15.48,104.326410845959,59.9047855628691,1.3030303030303,26.8666666666666,32,66,189,15.0325203252032,26.8666666666666,31.8931272241992,31.9117052554208,189.0,226.395348837209,98.6661036019969,57.5873015873015,70.9295425052213,7886,66.8730139892019,25.4243657538145,63,36,493.366562992586,2.77777777777777,4270.5,88.9999999999999,487.91329934933,4582.4054054054,31,22,11,15.0325203252032,44.0114942528735,22.5,1
Linfeng Zhang,119,10726,15,715.066666666666,1.50224089635854,49,102,13,15,8706,80.5,67,76,42.5153159612961,2580,119,53.74,80.2246844805263,43,49,23.9422027881526,3.87298334620741,59.2392317732612,22.3848592205854,-13.5931381689352,-1.55254683840749,119,0.411764705882352,294.439215686274,3.26666666666666,9.95051194539249,103.566403818999,35.8559829756697,2.57894736842105,22.2575396825396,23,48,119,10.2606837606837,22.2575396825396,22.931619101441,22.9548760022375,119.0,177.673469387755,93.305948363435,90.1344537815126,62.8052545572422,6305,70.6965345685345,22.422611450799,44,31,1983.7572346642,4.92436974789916,2481.64087301587,28.2444444444444,400.368920779879,4065.06578947368,22,36,19,10.2606837606837,50.010101010101,25.0,1
Liu Ling,349,61423,45,1364.95555555555,1.00569791240278,132,232,22,35,43845,241.0,181,198,113.443555952559,18924,349,162.07,179.524371604526,106,132,47.6449766399923,15.7797338380595,43.2297347898995,28.3672240040375,-18.2293277762401,-2.29067586827694,349,0.378223495702005,516.258261700095,2.93333333333333,27.9708561020036,247.836639744812,79.6011537687657,2.31578947368421,68.7837301587302,60,117,349,28.2857142857142,68.7837301587302,59.8875028277801,59.9433274180681,349.0,332.15909090909,209.391976923663,175.997134670487,178.359188156932,26421,174.997142833818,61.1041265849883,111,116,3746.8088034134,4.71919770773639,17641.7126984126,89.7753968253969,443.644731824143,17614.0,59,59,26,28.2857142857142,133.003773584905,66.5,1
Logan Moon,1,0,0,0.0,0.0,0,0,0,0,0,0.0,1,1,0.0,0,0,0.0,0.0,0,1,0.0,1.0,0.0,0.0,0.0,0.0,0,0.0,0.0,0.0,0.0,0.0,0.0,0.0,0.0,1,2,1,0.0,0.2,0.0,0.0,0.2,0.0,0.0,0.0,0.0,0,0.0,0.0,0,0,0.0,5.0,0.0,0.2,0.0,0.0,0,0,0,0.0,1.0,1.0,1
Luca Cardelli,389,28207,40,705.175,0.371854195504581,80,166,18,26,24478,172.0,112,127,61.378989847902,8100,150,145.15,133.225372958757,16,82,35.704827539226,3.87298334620741,64.0904739958166,22.6894033395965,-74.4176977346048,-1.33554179269288,169,0.205655526992287,145.023136246786,2.0,34.9270482603815,167.949397140924,98.1158935719823,1.81818181818181,57.7,61,132,389,35.1648351648351,57.7,60.8392282958199,60.8723721062147,389.0,305.975,156.454466219408,72.5115681233933,117.303026388921,18078,115.238882327103,53.0394835305436,127,75,1308.48098467843,2.2904884318766,16923.3,233.483333333333,475.982345005208,11387.716535433,60,34,18,35.1648351648351,81.0062111801242,41.0,1
Luca Fedeli,99,1354,29,46.6896551724137,0.273535353535353,23,35,7,6,1070,42.0,29,32,19.8139734920496,552,45,6.31,28.248893783651,0,23,12.3647912967917,4.79583152331271,39.9556868537666,39.0694239290989,-108.050221565731,-1.55321782178217,37,0.232323232323232,10.8470916057122,0.793103448275862,5.96073298429319,36.7967389859481,20.6333064081676,0.741935483870967,8.20952380952381,11,15,99,4.8090909090909,8.20952380952381,10.8520710059171,10.9261447562776,99.0,46.5217391304347,32.7108544675922,13.6767676767676,31.0805405358401,541,28.3725219182222,10.5170856661477,13,9,283.796633921633,3.85858585858585,298.87619047619,35.2357142857142,51.5286669512021,388.84375,10,17,9,4.8090909090909,24.0425531914893,8.33333333333333,1
Luqi,99,769,11,69.9090909090909,0.155353535353535,15,24,5,4,497,31.0,20,22,16.0715504556147,264,39,3.75,19.364916731037,0,16,9.19028659362628,3.3166247903554,35.370611183355,29.2587776332899,-128.478543563068,-2.79166666666666,25,0.151515151515151,10.5922865013774,1.36363636363636,7.00471698113207,27.730849247724,17.4499283666151,0.394736842105263,10.7,12,18,99,7.03125,10.7,11.7139479905437,11.8426527958387,99.0,33.1333333333333,22.2934968096079,7.76767676767676,21.5638586528478,272,18.9736659610102,10.2697979532218,17,11,24.5213414987518,2.14141414141414,435.416666666666,59.3666666666666,14.1931446821152,185.454545454545,11,4,1,7.03125,16.0645161290322,6.0,1
M. Bolle Ruud,62,3085,19,162.368421052631,1.57962109575012,24,55,10,10,2875,85.0,31,37,18.7523120183195,1210,40,17.81,46.57252408878,18,24,15.6004546043219,3.16227766016837,75.2998379254457,18.6709886547811,-23.4359805510534,-1.10570592538405,30,0.387096774193548,62.8522920203735,1.26315789473684,8.96385542168674,55.5427763079952,37.2323783822629,0.55813953488372,10.9166666666666,19,36,62,9.0,10.9166666666666,18.8803986710963,18.8949756888168,62.0,119.791666666666,53.619026473818,49.758064516129,45.1663591625448,2299,36.3318042491699,14.696938456699,33,19,109.414066265724,2.6774193548387,1178.68333333333,25.8666666666666,775.53026361429,1491.24324324324,18,11,6,9.0,25.0612244897959,6.25,1
M. Denneau Monty,10,371,32,11.59375,6.74545454545454,7,10,5,3,365,31.0,10,10,6.80917122093592,249,9,2.7,16.4316767251549,9,7,6.90860116773709,1.73205080756887,85.1752021563342,13.2075471698113,-2.96495956873315,-0.997237569060773,7,0.7,8.115625,0.21875,2.1875,19.2613602842582,14.4856250584271,0.194444444444444,2.75,7,11,10,2.04166666666666,2.75,6.89684813753581,6.90296495956873,10.0,52.1428571428571,19.1049731745428,37.1,14.7309198626562,316,8.36660026534075,3.78043207407125,10,6,12.2957886602917,3.2,123.5,3.75,2256.91666666666,221.2,6,4,2,2.04166666666666,8.86666666666666,1.21428571428571,1
M. Glushkov Victor,1,8,0,8.0,8.0,1,1,1,0,8,8.0,1,1,2.0,8,1,0.08,2.82842712474619,1,1,1.68179283050742,1.0,87.5,12.5,0.0,0.0,0,1.0,8.0,1.0,0.333333333333333,2.82842712474619,2.82842712474619,0.0217391304347826,0.333333333333333,1,2,1,0.333333333333333,0.333333333333333,1.875,1.875,1.0,8.0,2.82842712474619,8.0,2.82842712474619,7,1.0,0.577350269189625,1,1,0.17391304347826,3.0,2.66666666666666,0.333333333333333,1.0,7.0,1,0,0,0.333333333333333,-0.666666666666666,-1.28571428571428,1
M. Ritchie Dennis,96,5115,55,93.0,1.0985824742268,28,71,11,12,4635,117.0,41,49,24.0040544677275,1740,56,30.35,58.7537232862735,17,29,18.2094324735635,3.87298334620741,75.288367546432,15.327468230694,-27.8396871945259,-1.19985656227587,45,0.291666666666666,27.1249999999999,0.509090909090909,15.1011235955056,71.5192281837549,47.9591840353162,0.47457627118644,23.5833333333333,28,64,96,16.0,23.5833333333333,27.8412456445993,27.8574780058651,96.0,165.535714285714,68.0808343074613,53.28125,57.2363520850167,3851,44.5869936192159,21.1660104885167,59,28,119.422713442121,1.85416666666666,3529.99999999999,61.6666666666666,514.4970703125,2200.57142857142,27,12,5,16.0,29.2631578947368,2.75,1
M. Spielberg Arnold,9,116,7,16.5714285714285,2.57777777777777,6,9,3,1,104,14.5,8,9,6.66316820434467,54,9,0.78,8.83176086632784,9,7,4.87805976739307,1.73205080756887,58.6206896551724,31.0344827586206,-5.17241379310344,-1.09183673469387,4,0.666666666666666,11.047619047619,0.857142857142857,3.17647058823529,10.770329614269,8.94427190999916,0.0857142857142857,4.0,5,8,9,3.27272727272727,4.0,4.82022471910112,4.86206896551724,9.0,17.3333333333333,10.1980390271855,12.8888888888888,9.32737905308881,68,7.34846922834953,4.43129367525597,8,4,1.77164680261695,1.88888888888888,78.5,5.0,111.703703703703,45.3333333333333,4,1,0,3.27272727272727,7.07692307692307,4.0,1
MICHAEL I. JORDAN,399,193683,37,5234.67567567567,2.42710526315789,169,399,31,57,178733,363.0,233,270,122.433589004969,51918,330,1098.57,365.583095889293,110,169,65.451319518424,1.0,77.5349411151211,14.7462606423898,-12.3490445728329,-1.17892040256175,380,0.423558897243107,2217.1934566145,4.56756756756756,48.165,440.094308074985,178.6331713894,4.44736842105263,80.6761904761905,99,265,399,48.490662139219,80.6761904761905,98.9406962814765,98.9504138205211,399.0,1057.59171597633,422.768258032695,485.421052631578,247.683265482349,150172,259.674796620696,90.5258079308216,277,164,18013.6394725998,3.50877192982456,78439.5642857142,133.119047619047,5803.39538461538,93996.5481481481,98,111,60,48.490662139219,170.008849557522,42.75,1
Mahadev Satyanarayanan,439,11511,49,234.918367346938,0.119186166908262,45,99,13,15,8255,89.0,64,74,44.7761463839704,3267,140,66.61,78.6701976608677,6,45,23.4274508227872,3.0,54.5130744505255,17.5918686473807,-126.114151681,-2.15744349181605,167,0.10250569476082,24.0804704569755,0.918367346938775,14.1918103448275,107.289328453485,66.2906479075291,0.849056603773584,25.0357142857142,26,48,439,10.8870967741935,25.0357142857142,25.9119842275735,25.945704109113,439.0,183.444444444444,90.8570305479988,26.2209567198177,63.2850693291869,6230,66.7457863838609,22.1341219577084,46,44,674.531009948759,3.17084282460136,3249.86904761904,176.785714285714,67.7776209201144,3788.51351351351,25,23,12,10.8870967741935,46.021978021978,15.3333333333333,1
Makoto Taiji,108,3672,33,111.272727272727,0.623853211009174,32,60,10,10,3301,67.0,43,48,24.6742363070683,1284,50,20.04,48.9387372129686,13,32,17.4829475326329,3.46410161513775,62.0098039215686,27.8867102396514,-56.1002178649237,-1.20364741641337,47,0.296296296296296,32.9696969696969,0.969696969696969,8.36803874092009,60.5970296301724,42.4405466505793,0.864864864864864,11.7999999999999,17,31,108,7.75757575757575,11.7999999999999,16.8991331757289,16.9302832244008,108.0,103.15625,57.4543296888929,34.0,46.3033476111609,2277,43.8178046004132,15.7557108453545,29,20,169.992713486673,3.82407407407407,990.416666666666,33.0333333333333,302.517520215633,1518.0,16,15,6,7.75757575757575,33.0461538461538,8.75,1
Manuel Blum,86,13603,70,194.328571428571,3.6361935311414,35,86,14,17,13167,165.0,48,60,26.5394967349377,5460,59,93.75,102.995145516669,25,36,23.9540379406898,2.44948974278317,87.7894582077483,9.00536646328016,-9.91693008895096,-1.05882813723954,55,0.406976744186046,79.0872093023255,0.5,15.5154639175257,116.631899581546,77.7988860245869,0.353535353535353,22.35,28,87,86,15.1234567901234,22.35,27.9430513241153,27.946408880394,86.0,376.2,114.747548993431,158.174418604651,75.9934207678533,11942,54.8634668973808,23.0069769342762,86,34,337.910774495889,2.25581395348837,7823.6,53.4833333333333,4776.79488478771,6966.16666666666,27,17,10,15.1234567901234,36.0140845070422,18.5,1
Marc Andreessen,47,384,73,5.26027397260273,0.340425531914893,7,19,4,2,310,21.0,9,12,8.86416821540754,168,20,3.1,15.8113883008418,2,7,6.30751343448499,1.41421356237309,69.7916666666666,12.7604166666666,-55.2083333333333,-1.31640625,5,0.148936170212765,0.783445059749344,0.0958904109589041,3.69662921348314,19.5959179422654,13.3541504160067,0.0686274509803921,5.03333333333333,7,17,47,2.57894736842105,5.03333333333333,6.88387096774193,6.90625,47.0,44.2857142857142,17.606816861659,8.17021276595744,12.1243556529821,261,11.5325625946707,4.24883885066818,15,7,11.5711092907724,1.89361702127659,275.883333333333,35.9333333333333,38.6560812956494,152.25,6,3,2,2.57894736842105,8.06666666666666,4.0,1
Margo Seltzer,259,16732,31,539.741935483871,0.496940896940896,69,126,15,20,13466,144.0,95,106,55.6063326537012,5180,146,67.45,99.6594200264079,14,70,30.1990100577614,6.08276253029821,52.0260578532153,28.4544585225914,-58.8333731771455,-1.60414840782938,161,0.266409266409266,143.792253082575,2.2258064516129,20.4006849315068,129.352232296161,73.7426509655611,1.97142857142857,36.9761904761904,41,69,259,19.6735537190082,36.9761904761904,40.8529411764705,40.9043748505857,259.0,195.159420289855,116.043095443029,64.6023166023166,99.6794863550168,8705,93.2416216075203,36.8439303903854,65,60,1306.86842202388,3.38223938223938,5509.36428571428,94.1261904761905,266.360929383587,5666.46226415094,40,37,19,19.6735537190082,70.0071942446043,35.5,1
Mark Giampapa,49,5066,26,194.846153846153,4.13551020408163,43,49,11,12,4827,78.0,49,49,28.4020909814141,2072,49,19.65,58.3009433885936,49,44,20.773400949793,6.08276253029821,58.7840505329648,36.498223450454,-0.375049348598499,-1.08335132800691,49,0.877551020408163,170.987441130298,1.65384615384615,12.8475609756097,71.1758385970969,47.3383213334257,0.977272727272727,16.5666666666666,24,39,49,12.578231292517,16.5666666666666,23.8543101074084,23.8955783655744,49.0,112.255813953488,69.476614770727,103.38775510204,57.913728942281,2978,45.902069670114,23.2564817970868,36,43,196.065317814234,3.3469387755102,1568.15,16.5666666666666,2088.08658526172,2613.34693877551,23,16,6,12.578231292517,44.0229885057471,15.3333333333333,1
Mark Trakhtenbrot,19,234,34,6.88235294117647,1.23157894736842,7,15,4,2,207,20.0,9,11,7.88261826686188,97,13,1.77,12.5299640861416,4,9,5.88998131915098,1.0,67.5213675213675,20.9401709401709,-24.3589743589743,-1.14973262032085,6,0.368421052631578,2.53560371517027,0.205882352941176,4.43333333333333,15.2970585407783,13.3790881602596,0.137254901960784,6.33333333333333,7,20,19,4.08333333333333,6.33333333333333,6.81909547738693,6.84615384615384,19.0,29.5714285714285,14.3874945699381,12.3157894736842,11.8321595661992,158,10.2469507659595,5.34633831078181,11,7,9.77531605943812,1.57894736842105,140.833333333333,14.1666666666666,94.4210526315789,100.545454545454,6,3,2,4.08333333333333,8.06666666666666,4.5,1
Markus Eisenbach,39,123,19,6.47368421052631,0.157692307692307,6,11,3,2,119,14.5,7,8,6.0966523672406,60,9,1.19,9.69535971483265,1,6,5.02218666958187,1.73205080756887,67.4796747967479,29.2682926829268,-154.471544715447,-0.717948717948718,3,0.153846153846153,0.995951417004048,0.31578947368421,1.6595744680851,11.0905365064094,10.0249688278817,0.260869565217391,1.86666666666666,4,6,39,1.5,1.86666666666666,3.90425531914893,3.92682926829268,39.0,19.8333333333333,10.9087121146357,3.15384615384615,9.32737905308881,83,8.12403840463596,3.0,5,4,6.75504307783719,3.61538461538461,31.3166666666666,12.1666666666666,93.826923076923,62.25,3,3,1,1.5,7.46153846153846,1.28571428571428,1
Martin Hellman,549,1564102,74,21136.5135135135,10.3600066236131,548,549,65,222,1563626,1991.5,549,549,280.636249754239,703590,549,3148.59,1055.03554442492,549,548,166.194315367989,22.3383079036886,80.7697963432052,19.1997708589337,0.0,0.0,549,0.998178506375227,21098.0134888987,7.4054054054054,129.733505821474,1250.64063583429,362.538154931583,6.60240963855421,173.928571428571,387,550,549,129.777009507346,173.928571428571,386.887735827021,386.904740227939,549.0,2853.33211678832,1250.45031888516,2849.00182149362,1044.6731546278,1263322,548.499772105695,266.679210307114,549,535,81741.0240777429,4.22404371584699,539427.897619047,173.928571428571,9358767.48347645,1261020.86703096,386,340,159,129.777009507346,549.329079307201,2.31491712707182,1
Martin M. Deneroff,26,1945,16,121.5625,5.54131054131054,17,26,7,7,1881,35.0,21,26,13.6923671795155,732,25,14.29,39.0896405713841,26,17,12.2349973312642,1.41421356237309,81.8508997429306,14.8586118251928,-4.37017994858611,-1.04863387978142,19,0.653846153846153,79.483173076923,1.0625,4.46464646464646,44.1021541423999,32.3444997900209,0.548387096774193,6.69999999999999,11,26,26,4.515625,6.69999999999999,10.9419616947185,10.9485861182519,26.0,110.647058823529,43.3704968844028,74.8076923076923,24.3926218353009,1592,21.0237960416286,8.76159945443752,21,12,110.190291497263,3.8076923076923,487.616666666666,7.89999999999999,2198.64483173076,1040.92307692307,10,8,4,4.515625,18.1428571428571,3.16666666666666,1
Martin Schulz,189,11303,28,403.678571428571,0.629518240044555,47,104,13,17,9441,130.0,66,77,40.3662406693259,3277,110,59.63,83.6181798414675,18,47,24.4929391471735,5.3851648071345,63.9830133592851,19.5434840307882,-42.5639210828983,-1.4575737704918,116,0.248677248677248,100.385676492819,1.67857142857142,16.603738317757,106.315568003938,45.8241202861549,1.02173913043478,26.5166666666666,32,70,189,13.8930817610062,26.5166666666666,31.8867413081909,31.9149783243386,189.0,200.872340425531,97.1648084442098,59.8042328042328,78.1664889834512,7232,69.9142331717941,25.5533724343245,64,37,530.044771069822,2.83068783068783,4739.36666666666,92.1999999999999,303.228658380645,4414.33766233766,31,23,10,13.8930817610062,48.0210526315789,16.3333333333333,1
Mary Hall,149,16880,34,496.470588235294,1.51051454138702,70,128,14,17,13756,127.0,96,105,55.7239968121651,5346,142,67.92,97.7599099835919,82,72,30.0647217202104,8.12403840463596,52.8791469194312,29.0284360189573,-14.6682464454976,-1.54316546762589,145,0.46979865771812,233.241215949467,2.05882352941176,17.648054145516,129.923054151293,87.4719819087667,2.0,32.2428571428571,34,64,149,16.8965517241379,32.2428571428571,33.8935275713727,33.9354857819905,149.0,196.514285714285,117.285975291166,113.288590604026,94.2867965305853,8856,94.6572765295938,34.3912579108362,59,58,2329.32168558601,3.96644295302013,4675.09761904762,45.4428571428571,512.877555236174,5904.0,33,45,21,16.8965517241379,71.0,71.0,1
Massimiliano Fatica,25,692,26,26.6153846153846,2.12923076923076,12,25,5,4,664,32.0,15,18,10.3529372277061,266,17,4.82,21.0713075057054,12,12,9.11456699773274,1.41421356237309,75.1445086705202,20.8092485549132,-18.3526011560693,-1.03091190108191,13,0.48,12.7753846153846,0.461538461538461,4.4776119402985,26.3058928759318,20.2484567313165,0.4,5.94999999999999,9,21,25,4.0,5.94999999999999,8.88811188811188,8.90751445086705,25.0,55.3333333333333,25.7681974534502,27.68,19.5959179422654,520,17.3205080756887,6.92820323027551,16,9,44.0784128181187,2.68,271.316666666666,11.6166666666666,656.411428571428,346.666666666666,8,6,3,4.0,13.36,2.1,1
Massimo Bernaschi,115,2967,30,98.9,0.444827586206896,32,52,9,8,2343,64.0,42,46,26.626338635105,1073,62,12.56,41.8090899207337,6,32,16.3190688665016,5.3851648071345,45.5342096393663,34.5129760701044,-69.5315133131108,-1.57221609702315,59,0.278260869565217,27.52,1.06666666666666,9.43589743589743,54.4701753255852,29.957191679684,0.941176470588235,14.2666666666666,17,28,115,8.53333333333333,14.2666666666666,16.8486102897693,16.9137175598247,115.0,73.21875,48.4045452411237,25.8,45.254833995939,1319,40.7921561087422,16.5247289438183,25,17,172.402536076473,3.39130434782608,889.866666666666,40.2666666666666,103.505067567567,917.565217391304,16,15,6,8.53333333333333,33.0153846153846,16.5,1
Mateo Valero,849,178899,37,4835.1081081081,0.495805445853253,209,355,25,46,100302,313.0,280,302,207.227553864636,63960,775,422.31,264.852789300018,93,212,65.1377527254956,24.7991935352744,31.6497017870418,24.4165702435452,-30.8347167955103,-8.12494295883909,849,0.246171967020023,1190.26807372743,5.64864864864864,48.2307692307692,422.964537520581,111.572753282943,4.54347826086956,126.042857142857,93,159,849,47.2227027027027,126.042857142857,92.8781351686008,92.9526883884202,849.0,479.913875598086,316.704909971411,210.717314487632,255.767472521429,56621,272.387591494179,99.3455830163821,159,140,12214.3837910346,4.33333333333333,48928.6702380952,222.120238095237,268.90807636091,39184.7317880794,92,85,35,47.2227027027027,210.002386634844,105.5,1
Mathieu Luisier,96,3137,18,174.277777777777,0.673754295532646,29,54,9,9,2497,63.0,40,45,25.8044930638642,988,64,15.07,42.9185274677498,11,30,15.9557446133346,4.35889894354067,53.7137392413133,26.8090532355753,-42.4609499521836,-1.56430041152263,55,0.302083333333333,52.646412037037,1.61111111111111,8.5137614678899,56.0089278597617,22.5872909904157,1.31818181818181,16.95,20,35,96,9.77906976744186,16.95,19.8350091407678,19.8849218999043,96.0,86.103448275862,49.9699909945959,32.6770833333333,42.743420546325,1656,39.5727178748187,16.8402204040153,33,22,212.969081924267,3.40625,1279.45238095238,35.3095238095238,135.093801145662,1067.19999999999,19,15,7,9.77906976744186,30.0,30.0,1
Matt Kaufmann,128,2679,43,62.3023255813953,0.324491279069767,26,49,9,8,2125,53.5,36,41,23.6971806469405,800,60,15.05,39.5727178748187,5,26,14.8925619571537,2.23606797749979,54.087346024636,25.2332960059723,-78.2754759238521,-1.59837092731829,47,0.203125,12.6551598837209,0.604651162790697,11.6363636363636,51.7590571784301,36.4588809482682,0.553191489361702,18.9,22,35,128,10.5625,18.9,21.7764825139381,21.8353863381858,128.0,81.7307692307692,46.0977222864644,20.9296875,37.296112397943,1449,35.6931365951495,16.5718134191765,32,26,93.555128141348,2.234375,1348.13333333333,76.5,80.2808410424187,918.878048780487,21,9,5,10.5625,27.0566037735849,7.25,1
Matthias Bussonnier,15,3312,2,1656.0,27.6,10,15,6,6,3300,62.5,12,15,8.72248739001734,2023,14,29.22,52.4976189936267,12,10,11.5171269673475,1.0,96.6183574879227,3.01932367149758,-0.996376811594202,-1.00121469784391,10,0.666666666666666,1104.0,5.0,2.27272727272727,57.5499782797526,37.2414899195584,1.0,2.25,8,16,15,2.04081632653061,2.25,7.98488587291795,7.98520531400966,15.0,330.0,57.4456264653802,220.8,25.0,3200,12.2474487139158,4.51753951452625,15,7,379.655555555555,4.4,701.45,4.65,60720.0,2133.33333333333,7,9,6,2.04081632653061,11.5238095238095,1.41666666666666,1
Mauro Bisson,8,49,13,3.76923076923076,1.36111111111111,4,7,3,1,46,11.0,4,5,4.79322899322899,30,7,0.31,5.56776436283002,4,4,3.63611691180943,1.73205080756887,61.2244897959183,32.6530612244898,-20.4081632653061,-0.931818181818181,3,0.5,1.88461538461538,0.307692307692307,1.45454545454545,6.99999999999999,5.61248608016091,0.153846153846153,1.86666666666666,4,5,8,1.33333333333333,1.86666666666666,3.78048780487804,3.81632653061224,8.0,11.5,6.78232998312526,6.125,6.6332495807108,30,5.29150262212918,2.3094010767585,4,4,3.52686382245205,2.75,19.3166666666666,4.36666666666666,93.9166666666666,24.0,3,2,1,1.33333333333333,5.44444444444444,1.2,1
Mendel Rosenblum,99,18766,34,551.941176470588,3.79111111111111,45,99,17,23,18278,240.0,60,74,31.318227340923,6630,65,101.14,118.110118110177,42,45,28.4190579536059,3.60555127546398,86.6087605243525,10.7907918576148,-10.3325162527976,-1.04682593091072,61,0.454545454545454,250.882352941176,1.3235294117647,14.0094339622641,136.989050657342,79.2354087513909,1.18421052631578,18.9666666666666,35,88,99,12.2727272727272,18.9666666666666,34.9335479420556,34.9383992326548,99.0,406.177777777777,135.196153791444,189.555555555555,103.923048454132,16253,66.7457863838609,23.5004835540192,80,33,814.55783378791,3.21212121212121,6469.58333333333,42.5833333333333,7099.78779599271,9883.58108108108,34,29,15,12.2727272727272,46.043956043956,9.4,1
Michael J. Flynn,269,23237,107,217.168224299065,0.63987333057965,68,147,15,20,18544,116.0,93,105,59.0187913137034,4697,170,124.2,115.63736420379,18,68,30.8132708085428,7.81024967590665,60.1970994534578,19.8992985325128,-38.9077763911004,-1.63438411727033,225,0.252788104089219,54.897543688983,0.635514018691588,22.9798994974874,152.436872179928,103.986056757624,0.586206896551724,38.8666666666666,38,108,269,20.2807017543859,38.8666666666666,37.9140345368916,37.9410853380384,269.0,272.705882352941,136.176356244393,86.3828996282527,88.814413244698,13920,99.9799979995999,37.136070326547,104,61,1070.5292284985,2.95910780669145,12218.0238095238,112.62619047619,347.623465487792,9014.85714285714,37,29,13,20.2807017543859,69.0145985401459,23.0,1
Michael J. West,196,11652,85,137.082352941176,0.603542940018647,53,107,14,18,10579,139.5,71,81,38.5286054712418,3870,89,62.11,89.3140526457063,19,53,26.402458435092,5.47722557505166,67.1386886371438,24.1074493649158,-56.2821833161689,-1.18543046357615,87,0.270408163265306,37.0681872749099,0.623529411764705,17.5177065767285,107.944430148109,60.7781484855645,0.595505617977528,22.9333333333333,35,62,196,13.3761904761904,22.9333333333333,34.875027027027,34.9007895640233,196.0,199.603773584905,102.854265832779,59.4489795918367,85.985463887799,7770,75.3060422542573,26.6258914449468,53,45,615.933036557187,3.02551020408163,3315.58333333333,93.6333333333333,619.668187274909,5084.07407407407,34,25,14,13.3761904761904,54.0093457943925,27.0,1
Michael L. Kazar,39,2194,34,64.5294117647058,2.81282051282051,14,39,8,7,2079,137.0,20,26,13.1242514105261,1185,28,17.29,43.1972221329103,11,16,12.3049877904685,2.23606797749979,86.4630811303555,8.9334548769371,-11.3491340018231,-1.07427716849451,17,0.358974358974359,23.1644042232277,0.411764705882352,4.36799999999999,46.8401537145214,42.4970587217515,0.368421052631578,6.7,12,36,39,4.17021276595744,6.7,11.9405405405405,11.9448495897903,39.0,148.5,45.5960524607119,56.2564102564102,43.7949768809163,1883,23.3666428910958,7.64087552073741,26,12,136.751453963992,3.2051282051282,692.349999999999,18.6666666666666,1165.78877887788,1013.92307692307,11,10,6,4.17021276595744,15.0,15.0,1
Michael Norrish,139,5695,237,24.0295358649789,0.58530318602261,25,74,8,8,4992,55.0,36,42,24.820219967176,2779,64,44.39,61.5792172733626,4,27,16.1595340016319,1.0,76.6812993854258,10.974539069359,-37.6997366110623,-1.28789986091794,54,0.179856115107913,4.32185896852138,0.10548523206751,7.84424379232505,75.4652237789035,50.1231815962767,0.104602510460251,15.9833333333333,18,42,139,6.12745098039215,15.9833333333333,17.9389909225248,17.9492537313432,139.0,199.68,70.6540869306227,40.9712230215827,37.0809924354783,4367,43.0116263352131,12.3768442872084,38,24,565.280091650961,3.18705035971223,1681.43333333333,60.8,290.936479834624,2599.40476190476,17,16,10,6.12745098039215,26.0196078431372,13.5,1
Michael P. Eastwood,48,4794,25,191.76,4.07653061224489,24,48,10,11,4717,93.5,29,36,17.3073469634811,1830,29,31.2,59.4810894318522,24,24,17.2241940320442,2.23606797749979,86.3788068418856,12.0150187734668,-10.2836879432624,-1.01889222842421,28,0.5,95.88,0.96,5.8477157360406,69.238717492455,47.8939801366866,0.827586206896551,7.61666666666666,18,41,48,6.06315789473684,7.61666666666666,17.9343331061122,17.9397163120567,48.0,196.541666666666,68.6804193347711,99.875,47.370877129308,4141,33.9411254969542,12.0629925588008,33,18,277.295278940895,4.10416666666666,1129.5,12.5499999999999,6118.31655844155,2760.66666666666,17,15,8,6.06315789473684,25.204081632653,2.63636363636363,1
Michael Papka,39,2595,18,144.166666666666,3.32692307692307,24,39,8,8,2345,68.5,34,39,20.0686798885442,944,39,13.05,42.2255846614348,39,26,14.8669443424219,2.82842712474619,68.169556840077,22.1965317919075,-4.23892100192678,-1.20622935346861,38,0.615384615384615,88.7179487179487,1.33333333333333,5.57142857142857,50.9411425078001,35.6697817954264,0.774193548387096,9.4,14,28,39,5.59223300970873,9.4,13.9119791666666,13.9348747591522,39.0,97.7083333333333,48.425200051213,66.5384615384615,40.5462698654265,1769,30.5941170815567,11.5850590086114,23,13,140.174623773289,4.3076923076923,616.483333333333,9.56666666666666,624.130769230769,1088.61538461538,13,12,6,5.59223300970873,25.0816326530612,5.8,1
Michael S. Summers,4,30,17,1.76470588235294,3.0,4,4,2,1,26,10.0,4,4,4.37142857142857,20,4,0.22,4.69041575982343,4,4,3.25981276690949,1.41421356237309,46.6666666666666,53.3333333333333,0.0,0.0,2,1.0,1.76470588235294,0.235294117647058,1.6,5.47722557505166,4.35889894354067,0.114285714285714,2.5,3,5,4,1.6,2.5,2.81818181818181,2.86666666666666,4.0,6.5,5.09901951359278,7.5,6.32455532033675,10,4.0,2.5298221281347,4,2,1.49035409035409,2.5,24.0,2.5,0.25,10.0,2,2,0,1.6,4.55555555555555,-1.66666666666666,1
Michael Schmidt,709,133429,50,2668.58,0.530121774369772,176,333,23,43,91019,271.5,235,254,159.642511016807,33669,548,485.11,251.280719515047,43,178,58.3978815915541,19.672315572906,44.9999625268869,23.2153429914036,-38.5208612820301,-2.72050835297734,709,0.248236953455571,662.440169252468,3.52,43.3428273706147,365.27934515929,137.345005256745,3.32075471698113,96.5130952380953,85,168,709,43.7514124293785,96.5130952380953,84.9002925092203,84.9471179428759,709.0,517.153409090909,301.693553129661,188.193229901269,218.595516879921,60043,242.090892021984,87.7510603216315,151,132,15908.0893052307,4.06064880112835,36216.6202380952,200.904761904761,403.894354925339,41604.5984251968,84,88,39,43.7514124293785,177.002832861189,89.0,1
Michael Stonebraker,179,40923,41,998.121951219512,2.54022346368715,93,179,21,33,36329,227.0,134,153,70.2268210978843,12177,176,154.75,165.614009069281,179,95,41.0358343350899,6.40312423743284,67.639224885761,21.1348141631845,-8.31806074823448,-1.28013070252607,179,0.519553072625698,518.577326611254,2.26829268292682,32.1370656370656,202.294340009798,123.406722051997,1.86,57.7166666666667,67,130,179,29.8241379310344,57.7166666666667,66.8678518338743,66.8935561908951,179.0,390.63440860215,190.601678901315,228.620111731843,145.296249091296,27680,129.023253718079,52.6654044661788,127,89,1945.97276658012,2.89385474860335,17111.8,82.5166666666667,1807.91032631827,16825.0980392156,66,48,24,29.8241379310344,94.0053475935828,47.5,1
Michal Politi,9,1058,192,5.51041666666666,23.5111111111111,5,9,3,1,1042,13.5,7,8,5.96541236541236,1006,8,10.33,31.7175030543074,8,6,6.65123705167642,1.0,96.5973534971644,2.36294896030245,-0.850661625708884,-1.00768491834774,3,0.555555555555555,3.06134259259259,0.0260416666666666,1.73076923076923,32.5269119345811,23.2701525564401,0.0233644859813084,2.7,4,10,9,1.66666666666666,2.7,3.99128751210067,3.99149338374291,9.0,208.4,32.2800247831379,117.555555555555,8.21583836257749,1017,6.70820393249936,2.88675134594812,9,4,40.3564015332294,2.88888888888888,521.3,4.03333333333333,11189.1515151515,635.625,3,2,1,1.66666666666666,6.0,6.0,1
Mike Olson,74,1152,54,21.3333333333333,0.415135135135135,12,33,5,4,993,34.5,17,21,13.1949924761341,521,30,9.2,27.8926513619627,4,14,9.56089039495806,1.0,73.6979166666666,12.5,-50.78125,-1.27423167848699,14,0.162162162162162,3.45945945945945,0.222222222222222,4.87912087912087,33.9411254969542,19.5256241897666,0.206896551724137,8.26666666666666,10,24,74,4.64516129032258,8.26666666666666,9.91382978723404,9.9296875,74.0,82.75,31.5119025131774,15.5675675675675,20.3469899493758,849,19.8997487421324,7.46605220205906,20,11,81.2767589997647,2.45945945945945,453.35,42.6333333333333,97.2238653748087,485.142857142857,9,6,4,4.64516129032258,13.12,4.0,1
Min Ragan-Kelley,1,1,0,1.0,1.0,1,1,1,0,0,0.0,1,1,1.0,1,1,0.01,1.0,1,1,1.0,1.0,0.0,100.0,0.0,0.0,0,1.0,1.0,1.0,1.0,1.0,1.0,0.0714285714285714,1.0,1,2,1,1.0,1.0,1.0,1.0,1.0,0.0,0.0,1.0,0.0,-1,1.0,1.0,1,1,0.0714285714285714,1.0,1.0,1.0,1.0,-1.0,1,0,0,1.0,1.66666666666666,0.0,1
Minsky Marvin,319,48266,68,709.794117647058,0.945650470219435,54,219,17,21,45940,129.5,75,94,44.6538167775303,21586,118,416.99,195.616972678753,18,54,32.6861848328749,1.41421356237309,89.139352753491,6.041519910496,-24.8270003729333,-1.09801451897313,129,0.169278996865203,120.153236216116,0.794117647058823,35.5175257731958,219.695243462392,163.051474489908,0.556701030927835,47.15,50,225,319,35.5609756097561,47.15,49.9473937906706,49.950254837774,319.0,850.74074074074,214.336184532616,151.304075235109,83.6241591885981,43024,108.747413762351,43.8211442448372,214,53,1200.58333672568,1.52037617554858,46127.4,260.433333333333,2988.3530594587,24715.914893617,49,19,12,35.5609756097561,55.0366972477064,11.6,1
Mitesh Suchak,2,16,0,16.0,5.33333333333333,2,2,2,1,16,8.0,2,2,3.0,12,2,0.1,3.16227766016837,2,2,2.36891692613978,1.41421356237309,75.0,25.0,0.0,0.0,1,1.0,16.0,2.0,0.666666666666666,4.0,2.82842712474619,0.0666666666666666,1.2,2,3,2,0.666666666666666,1.2,1.9,1.9375,2.0,8.0,4.0,8.0,4.0,12,2.0,1.15470053837925,2,1,0.533333333333333,3.0,11.2,1.2,0.5,12.0,1,1,0,0.666666666666666,1.8,-1.4,1
Mitsuhisa Sato,399,5971,37,161.378378378378,0.0748245614035087,39,66,10,11,3601,68.5,52,57,38.1500655658341,1521,110,26.5,51.478150704935,0,39,18.9629014643853,6.24499799839839,35.4881929325071,25.4731200803885,-196.064310835705,-4.13967310549777,130,0.0977443609022556,15.7738264580369,1.05405405405405,9.9367816091954,77.272245987806,40.6751357301566,1.0,18.8833333333333,20,34,399,10.0728476821192,18.8833333333333,19.8637735849056,19.939541115391,399.0,92.3333333333333,60.0083327547099,14.9649122807017,51.6865553118023,2080,50.7346035758632,19.8202184549678,31,19,744.721263000668,3.92481203007518,1687.02619047619,121.715476190476,23.3686317896844,1423.15789473684,19,21,12,10.0728476821192,40.0253164556962,13.3333333333333,1
Mitsuo Yokokawa,72,1563,35,44.6571428571428,0.594748858447488,17,39,8,7,1409,61.0,24,28,15.5165338357577,590,30,10.72,32.7414110874898,8,19,11.9884689682889,3.16227766016837,71.6570697376839,18.4900831733845,-49.9680102367242,-1.17216981132075,24,0.236111111111111,10.5440476190476,0.485714285714285,4.65399239543726,39.5347948015415,26.6505159424728,0.435897435897435,6.63333333333333,12,22,72,4.25,6.63333333333333,11.902733118971,11.9225847728726,72.0,82.8823529411764,37.5366487582469,21.7083333333333,32.2024843762092,1120,25.7487863791674,8.5,18,11,85.2965323552176,3.65277777777777,402.883333333333,23.7833333333333,198.617153679653,680.0,11,10,4,4.25,18.0571428571428,6.66666666666666,1
Mitsuru Ikei,7,92,29,3.17241379310344,3.28571428571428,4,7,2,1,85,4.0,4,5,4.7047619047619,77,5,0.81,8.77496438739212,3,4,3.84382158631122,1.0,79.3478260869565,17.391304347826,-8.69565217391304,0.0,1,0.571428571428571,1.81280788177339,0.137931034482758,1.86666666666666,9.59166304662543,9.4339811320566,0.121212121212121,2.53333333333333,3,7,7,1.45454545454545,2.53333333333333,2.95061728395061,2.95652173913043,7.0,21.25,9.21954445729288,13.1428571428571,4.0,69,5.29150262212918,2.4120907566221,5,4,3.68413978494623,2.14285714285714,33.9666666666666,4.53333333333333,389.904761904761,55.2,2,2,1,1.45454545454545,5.11111111111111,2.5,1
Miura Kenichi,52,445,58,7.67241379310344,0.322931785195936,13,19,5,3,346,24.0,16,17,12.3995368154511,182,30,2.54,15.9373774505092,1,13,8.07635767371363,3.60555127546398,39.7752808988764,37.9775280898876,-90.5617977528089,-1.54117647058823,13,0.25,1.91810344827586,0.224137931034482,5.87826086956521,21.0950231097289,17.5214154679352,0.178082191780821,7.94999999999999,9,16,52,5.63333333333333,7.94999999999999,8.76470588235294,8.85617977528089,52.0,26.6153846153846,18.6010752377382,8.5576923076923,17.6635217326556,177,15.7162336455017,8.55764765185698,14,13,15.6587536918305,2.21153846153846,271.466666666666,33.5499999999999,29.9087024087024,135.35294117647,8,4,1,5.63333333333333,14.2222222222222,2.14285714285714,1
Miwako Tsuji,15,171,12,14.25,1.425,7,13,4,2,155,19.0,9,10,7.37581032509017,84,10,0.95,10.6770782520313,7,7,5.68068550378112,2.44948974278317,61.9883040935672,28.6549707602339,-22.8070175438596,-1.07586206896551,7,0.466666666666666,6.65,0.583333333333333,2.44186046511627,13.076696830622,11.5542200082913,0.28,3.16666666666666,6,8,15,2.22727272727272,3.16666666666666,5.8076923076923,5.85380116959064,15.0,22.1428571428571,12.4498995979887,11.4,11.5325625946707,106,9.53939201416945,3.94853252372436,7,6,9.0363473635068,2.86666666666666,59.1666666666666,5.99999999999999,110.4375,74.2,5,4,1,2.22727272727272,8.33333333333333,2.0,1
"Mohan Chen,",79,1816,14,129.714285714285,0.574683544303797,25,42,8,7,1507,43.5,33,36,20.8383937672521,648,41,9.32,33.0151480384383,8,25,13.5749864180597,4.89897948556635,49.9449339207048,34.4162995594713,-58.6453744493392,-1.36556603773584,38,0.316455696202531,41.0488245931283,1.78571428571428,5.36684782608695,42.614551505325,22.4343486644921,1.38888888888888,8.23095238095238,10,18,79,4.62962962962963,8.23095238095238,9.91793313069908,9.95539647577092,79.0,60.28,38.8200978875633,22.9873417721519,32.9772648956822,882,32.4037034920393,10.7582870727983,15,8,313.700108225108,4.65822784810126,357.011904761904,19.2238095238095,124.002139418791,612.5,9,19,8,4.62962962962963,26.0196078431372,13.0,1
Moler Cleve,189,18280,62,294.838709677419,1.01810080757449,38,134,14,15,17007,91.5,55,68,33.5232926268469,8388,86,150.42,118.920141271359,14,38,25.1146507959553,2.44948974278317,85.1367614879649,7.89934354485776,-24.4201312910284,-1.14710544670597,82,0.201058201058201,59.2797405700631,0.612903225806451,20.1176470588235,135.203550249244,117.499290778001,0.575757575757575,29.4,33,101,189,15.8681318681318,29.4,32.9388474171394,32.9439824945295,189.0,447.552631578947,130.410889115901,96.7195767195767,58.9660919512222,15563,71.358251099645,24.5558345610368,97,37,626.445412133857,1.88888888888888,9782.5,136.916666666666,1292.15227122532,8696.97058823529,32,19,11,15.8681318681318,39.025974025974,13.3333333333333,1
Moti Yung,723,33112,214,154.728971962616,0.126513987911021,92,169,18,26,23659,160.0,125,139,80.185523978416,8811,231,142.55,130.307329034095,5,92,37.0211997282954,9.9498743710662,46.1675525489248,25.561729886446,-147.046388016429,-2.23665492714591,328,0.127247579529737,19.6888871653675,0.429906542056074,31.4794131566493,181.967029980708,99.3514804452689,0.423963133640553,52.4666666666667,51,96,723,28.2133333333333,52.4666666666667,50.8681504140077,50.9244986711766,723.0,257.16304347826,153.814823732954,45.7980636237897,121.326007104824,15195,124.69161960613,50.9472930258975,93,86,1969.44674446162,2.92254495159059,12176.8666666666,291.144047619047,116.200171897086,10057.1223021582,50,47,19,28.2133333333333,93.0054054054054,46.5,1
Motoyoshi Kurokawa,20,273,21,13.0,1.3,6,16,4,3,243,37.0,9,10,7.19548572215687,134,12,2.36,14.5258390463339,4,7,5.89130179067471,1.41421356237309,78.021978021978,13.1868131868131,-21.9780219780219,-1.09523809523809,4,0.3,3.9,0.285714285714285,1.62162162162162,16.5227116418583,14.0356688476181,0.24,2.68333333333333,5,9,20,1.28571428571428,2.68333333333333,4.9322033898305,4.94139194139194,20.0,40.5,15.5884572681198,13.65,14.8996644257513,207,9.79795897113271,2.77746029931765,7,4,18.1658126745975,3.7,62.1666666666666,6.8,141.61875,124.199999999999,4,4,2,1.28571428571428,7.0,7.0,1
Muhannad Bakir,999,68243,51,1338.09803921568,0.136622622622622,114,196,18,25,30628,176.5,153,166,125.140910585232,20130,435,175.21,145.502577296761,20,115,41.6386263048015,24.6981780704569,25.83708219158,19.0437114429318,-92.7201324677989,9.78379164847955,999,0.114114114114114,152.695872342931,2.23529411764705,29.082226762002,261.233611926183,88.0707237449107,2.0,72.6761904761905,58,101,999,28.1298701298701,72.6761904761905,57.8563660477453,57.9523907213926,999.0,268.666666666666,175.008571218669,68.3113113113113,141.848510742975,17632,149.479095528438,56.628660542213,94,102,6015.24334395835,3.91991991991992,21467.3333333333,327.485714285712,55.6224602643318,12108.7228915662,57,53,22,28.1298701298701,115.004366812227,58.0,1
Murali Krishna,9,6637,18,368.722222222222,147.488888888888,9,9,9,9,6637,825.0,9,9,7.62093592681828,4125,9,33.2,70.5620294492725,9,9,15.4412884487688,2.23606797749979,98.7795690824167,1.22043091758324,0.0,0.0,9,1.0,368.722222222222,0.5,1.84090909090909,81.467785044151,77.110310594628,0.264705882352941,1.86666666666666,9,10,9,1.84090909090909,1.86666666666666,9.98779569082416,9.98779569082416,9.0,737.444444444444,81.467785044151,737.444444444444,86.1684396980704,6556,9.0,4.0704031517998,9,9,304.200365531302,4.88888888888888,1377.08333333333,1.86666666666666,0.111111111111111,6556.0,9,9,9,1.84090909090909,-8.10526315789473,-1.00583090379008,1
N. Srivastava Ashok,69,2346,26,90.2307692307692,0.971428571428571,24,48,8,7,2161,56.5,31,35,18.8376687598368,774,40,14.6,39.0640499692492,10,24,14.3872186318804,4.24264068711928,67.5618073316283,24.5524296675191,-37.9369138959931,-1.14135338345864,31,0.347826086956521,31.3846153846153,0.923076923076923,9.30337078651685,48.4355241532493,29.9276906337035,0.8,14.8666666666666,19,34,69,9.93103448275862,14.8666666666666,18.8367758186397,18.8618925831202,69.0,90.0416666666666,46.4865571966778,34.0,36.8239052790439,1585,33.9411254969542,15.4384205016642,32,24,147.957581355041,2.57971014492753,1104.13333333333,33.2666666666666,397.156756756756,1086.85714285714,18,11,5,9.93103448275862,25.1632653061224,3.11111111111111,1
Nahrstedt Klara,299,29339,19,1544.15789473684,0.654158305462653,86,162,17,26,22067,175.0,118,132,73.5625443863398,8023,214,110.75,126.791166884763,33,86,35.7015915838561,8.42614977317635,50.2982378404171,25.208766488292,-37.9392617335287,-1.92931171937284,297,0.2876254180602,444.139060024643,4.52631578947368,27.4136460554371,171.286310019219,66.9472903300774,2.77419354838709,47.8333333333333,50,95,299,26.1342756183745,47.8333333333333,49.8672013274336,49.9181635365895,299.0,256.593023255813,148.549654997916,98.123745819398,122.678441463852,14671,118.033893437436,47.4083083771211,88,60,1531.20646295182,3.13712374581939,10390.7904761904,109.042857142857,302.49587268816,9558.37878787878,49,39,15,26.1342756183745,87.0057803468208,43.5,1
Naoya Maruyama,44,1761,117,15.051282051282,1.77878787878787,16,41,8,7,1677,73.0,21,26,13.6268881483921,791,26,11.85,36.0277670693036,13,17,12.2724043388654,2.64575131106459,80.6927881885292,14.5371947756956,-20.6700738216922,-1.06712243629583,19,0.363636363636363,5.47319347319347,0.136752136752136,4.06936416184971,41.9642705167145,24.562844569254,0.132231404958677,6.1,12,23,44,4.49122807017543,6.1,11.9216321243523,11.931289040318,44.0,104.8125,40.9511904588865,40.0227272727272,34.1760149812701,1421,25.6124969497313,8.47700708521628,21,10,122.897544176044,3.93181818181818,470.166666666666,12.2833333333333,799.025162337662,874.461538461538,11,10,6,4.49122807017543,17.1515151515151,3.66666666666666,1
Navakanta Bhat,179,2885,26,110.961538461538,0.179081315952824,29,44,8,7,1606,43.0,37,40,29.677511313129,945,86,10.79,34.7419055320804,2,29,14.4826596914144,6.70820393249936,27.5216637781629,29.1507798960138,-107.348353552859,-6.58394160583941,78,0.162011173184357,17.977009024495,1.11538461538461,8.8132427843803,53.7121960079831,28.0110522404826,0.966666666666666,16.8,14,22,179,7.71559633027522,16.8,13.8433734939759,13.9414211438474,179.0,55.3793103448275,40.0749298190277,16.1173184357541,35.3128871660191,765,35.7211421989835,14.9583519673118,20,17,284.488748381771,3.29050279329608,907.366666666666,61.6,21.0814525139664,554.625,13,17,7,7.71559633027522,30.0508474576271,7.5,1
Neil ZaÃ‘Â–ÃŒÂˆm,19,81195,43,1888.25581395348,427.342105263157,19,19,19,19,81195,3210.0,19,19,13.1810482770852,35640,19,373.78,242.70352284217,19,19,34.2846585203883,3.46410161513775,99.5553913418314,0.444608658168606,0.0,0.0,19,1.0,1888.25581395348,0.441860465116279,3.61,284.94736356036,228.605920016666,0.404255319148936,4.65714285714285,19,20,19,3.61,4.65714285714285,19.9955539134183,19.9955539134183,19.0,4273.42105263157,284.94736356036,4273.42105263157,246.961535466558,80834,19.0,8.28190799272728,19,19,8533.5603361165,5.26315789473684,18222.6785714285,4.65714285714285,0.0526315789473684,80834.0,19,19,19,3.61,-5.92307692307692,-1.0019801980198,1
Neophytos Iacovou,4,12,1,12.0,1.2,2,3,1,1,10,10.0,4,2,2.66666666666666,10,2,0.12,3.16227766016837,1,2,2.13927352681733,1.0,66.6666666666666,33.3333333333333,-16.6666666666666,0.0,1,0.5,6.0,2.0,0.470588235294117,3.46410161513775,3.46410161513775,0.0666666666666666,0.4,2,5,4,0.4,0.4,1.9,1.91666666666666,4.0,5.0,3.16227766016837,3.0,4.47213595499958,6,2.44948974278317,0.894427190999915,1,1,0.411494252873563,4.25,2.4,1.1,0.25,6.0,1,1,0,0.4,3.4,1.0,1
Nikolaus Adams,185,11697,27,433.222222222222,0.679860505666957,46,107,14,19,10401,152.0,66,78,37.1656627588259,3740,90,62.98,88.0908621821809,20,46,25.2620761926918,4.12310562561766,70.8301273830896,18.0901085748482,-43.5667265110712,-1.25827959339818,89,0.248648648648648,107.72012012012,1.7037037037037,15.1423487544483,108.152669869957,64.2317851396193,1.48387096774193,24.7166666666666,33,69,185,15.4452554744525,24.7166666666666,32.8911448921016,32.9124561853466,185.0,226.108695652173,101.985293057381,63.227027027027,83.6181798414675,8285,70.1569668671615,26.6548635679272,65,37,733.009096937875,3.03783783783783,4574.91666666666,74.8333333333334,507.426163663663,4886.02564102564,32,29,15,15.4452554744525,47.0322580645161,12.0,1
Noriaki Okimoto,23,481,9,53.4444444444444,1.7427536231884,11,21,5,4,440,34.0,15,17,10.2953861507731,248,17,2.48,18.8414436814167,11,11,8.21523593783889,2.82842712474619,66.3201663201663,25.1559251559251,-18.7110187110187,-1.11980440097799,12,0.478260869565217,25.5603864734299,1.22222222222222,2.4095238095238,21.9317121994613,19.6214168703485,0.407407407407407,3.56666666666666,7,10,23,2.32692307692307,3.56666666666666,6.88819875776397,6.92515592515592,23.0,40.0,20.976176963403,20.9130434782608,19.3390796058137,319,15.1986841535706,5.0592641605429,9,5,22.4148124314028,4.56521739130434,101.95,5.2,224.432661717921,206.411764705882,6,6,2,2.32692307692307,12.2173913043478,2.66666666666666,1
Noriyuki Fatatsugi,9,748,25,29.92,16.6222222222222,9,9,7,6,748,85.0,9,9,7.62093592681828,504,9,3.37,24.4540385212749,9,9,8.98889385156249,2.44948974278317,89.1711229946524,10.8288770053475,0.0,0.0,9,1.0,29.92,0.36,2.07692307692307,27.3495886623546,25.6709953059868,0.2,2.75,8,10,9,2.07692307692307,2.75,7.92642642642642,7.93449197860962,9.0,83.1111111111111,27.3495886623546,83.1111111111111,27.6586333718786,667,9.0,4.32346015273735,9,7,23.6669614202222,4.33333333333333,256.116666666666,2.75,0.111111111111111,667.0,7,6,2,2.07692307692307,8.10526315789473,-1.05714285714285,1
Nygaard Kristen,9,3137,36,87.1388888888888,69.7111111111111,9,9,7,7,3137,197.0,9,9,7.62093592681828,1562,9,24.41,49.4064773081425,9,9,12.0033294232627,1.41421356237309,97.4179152056104,2.58208479438954,0.0,0.0,9,1.0,87.1388888888888,0.25,4.26315789473684,56.0089278597617,56.0089278597617,0.155172413793103,5.41666666666666,9,10,9,4.26315789473684,5.41666666666666,9.9741791520561,9.9741791520561,9.0,348.555555555555,56.0089278597617,348.555555555555,42.1070065428546,3056,9.0,6.19422481450516,9,9,76.1384199375064,2.11111111111111,1550.08333333333,5.41666666666666,0.111111111111111,3056.0,9,7,5,4.26315789473684,7.78947368421052,-1.04878048780487,1
O. Evans Bob,8,67,10,6.7,1.86111111111111,5,8,3,1,57,10.0,6,7,5.98561438561438,30,8,0.35,6.70820393249936,8,5,4.03445924773773,1.73205080756887,47.7611940298507,37.3134328358209,-5.97014925373134,-1.15686274509803,3,0.625,4.1875,0.5,2.85714285714285,8.18535277187245,6.24499799839839,0.104166666666666,3.5,5,9,8,2.27272727272727,3.5,4.68627450980392,4.76119402985074,8.0,11.4,7.54983443527075,8.375,7.07106781186547,32,6.32455532033675,3.37099931231621,7,4,1.64706386012268,1.75,54.25,6.5,47.7375,22.8571428571428,4,1,0,2.27272727272727,6.18181818181818,2.33333333333333,1
Oldfield Homer,4,0,77,0.0,0.0,0,0,0,0,0,0.0,4,1,0.0,0,0,0.0,0.0,0,4,0.0,1.0,0.0,0.0,0.0,0.0,0,0.0,0.0,0.0,0.0,0.0,0.0,0.0,0.0,1,4,4,0.0,2.33333333333333,0.0,0.0,2.33333333333333,0.0,0.0,0.0,0.0,0,0.0,0.0,0,0,0.0,2.0,0.0,2.33333333333333,0.0,0.0,0,0,0,0.0,1.0,1.0,1
Ole-Johan Dahl,87,4376,63,69.4603174603174,1.14315569487983,22,66,8,8,4083,49.0,29,36,19.2177423114327,2166,43,36.12,56.7450438364444,8,22,15.298230686491,1.41421356237309,82.244058500914,11.0603290676416,-25.9597806215722,-1.12542639727105,33,0.25287356321839,17.564677978471,0.349206349206349,11.1279069767441,66.1513416341649,54.9393605107789,0.328358208955223,15.8333333333333,19,54,87,12.1,15.8333333333333,18.9185929648241,18.9259597806215,87.0,185.590909090909,63.8983567863837,50.2988505747126,32.832910318764,3599,38.1051177665153,16.3156366716104,48,21,96.5594286437135,1.97701149425287,2349.5,53.25,700.92220783806,2199.38888888888,18,9,5,12.1,23.0444444444444,8.0,1
Olsen Kenneth,130,3538,49,72.204081632653,0.415502055196711,30,57,9,9,2868,57.0,40,45,26.0531552019992,1027,64,20.58,47.0956473572664,6,30,16.421638644031,3.60555127546398,56.4725833804409,25.4381006218202,-66.6195590729225,-1.49146608315098,60,0.23076923076923,16.662480376766,0.612244897959183,13.2653061224489,59.4810894318522,43.8149517858915,0.384615384615384,18.5333333333333,22,41,130,10.2272727272727,18.5333333333333,21.8307101727447,21.875353306953,130.0,95.6,53.5537113559835,27.2153846153846,41.3521462562706,1968,41.3521462562706,17.5162262436342,33,29,83.0143180559396,2.26153846153846,1471.8,79.85,123.234663461538,1312.0,21,9,4,10.2272727272727,31.0491803278688,7.75,1
P. Brooks Frederick,82,5464,84,65.047619047619,1.60564208051719,20,73,12,12,5145,211.5,30,40,19.009512585445,2364,43,41.76,64.621977685614,13,22,16.8494358283972,2.44948974278317,86.8411420204978,7.32064421669106,-16.8557833089311,-1.11060668592653,34,0.24390243902439,15.8652729384436,0.238095238095238,9.11111111111111,73.9188744503053,60.1747455333215,0.175438596491228,12.7166666666666,18,54,82,6.55737704918032,12.7166666666666,17.9429980276134,17.9471083455344,82.0,257.25,71.7286553617171,66.6341463414634,65.0384501660364,4745,38.2099463490856,11.4519666862773,50,18,143.758483909528,2.19512195121951,2614.98333333333,55.4166666666666,1074.71060478629,2372.5,17,12,7,6.55737704918032,21.0975609756097,5.0,1
P. Thacker Charles,40,3797,32,118.65625,4.63048780487804,25,40,9,8,3672,75.0,32,37,18.5663005750971,1440,35,23.88,52.3163454381133,31,25,16.3129619272345,2.44948974278317,80.2475638662101,16.4603634448248,-6.47879905188306,-1.05297085201793,31,0.625,74.16015625,0.78125,10.8695652173913,61.6198020120155,50.7805737134454,0.510204081632653,15.65,20,41,40,10.0806451612903,15.65,19.8958453548759,19.9049249407426,40.0,146.88,60.5970296301724,94.925,43.3012701892219,3047,31.6227766016837,15.8750158750238,38,25,130.351142807534,2.3,1509.28333333333,23.5666666666666,2788.5168,2058.78378378378,19,11,6,10.0806451612903,26.1176470588235,4.0,1
PC5,109,13096,44,297.636363636363,2.18448707256046,62,109,14,17,11208,107.0,84,93,47.4086586119396,3968,109,51.42,89.8387444257765,109,63,27.742196887221095,7.87400787401181,56.2309102015882,29.3524740378741,-7.83445326817348,-1.38424642933276,109,0.568807339449541,169.297748123436,1.4090909090909,16.0522565320665,114.437756007359,61.8287958802369,1.10714285714285,31.5523809523809,34,65,109,15.3147410358565,31.5523809523809,33.8774890313871,33.9168448381185,109.0,180.774193548387,105.867842142928,120.146788990825,81.4493707771889,7364,82.2070556582584,30.8141841401505,58,36,633.197080222563,3.86238532110091,4258.4119047619,36.8690476190476,713.244285492147,4909.33333333333,33,25,11,15.3147410358565,63.016,21.6666666666666,1
Panagiotis Hadjidoukas,35,328,13,25.2307692307692,0.52063492063492,9,16,4,3,219,21.0,13,14,11.172175140669,112,29,1.64,12.8062484748656,2,11,6.5629491276425,2.64575131106459,42.0731707317073,24.6951219512195,-38.1097560975609,-2.46218487394958,9,0.257142857142857,6.48791208791208,0.692307692307692,3.02884615384615,18.1107702762748,12.3895116933638,0.375,5.99999999999999,7,10,35,3.11538461538461,5.99999999999999,6.8021978021978,6.89024390243902,35.0,24.3333333333333,14.7986485869487,9.37142857142857,13.7477270848675,138,12.0,5.29513564873096,8,7,21.655947253043,2.97142857142857,118.416666666666,12.8666666666666,18.8288335517693,88.7142857142857,6,5,2,3.11538461538461,10.0526315789473,5.5,1
Pat Hanrahan,999,147555,87,1696.03448275862,0.295405405405405,176,328,25,45,86909,330.0,247,271,174.543263490235,39198,610,412.09,248.642313374051,37,176,60.2047133898262,20.4205778566621,38.0258208803497,20.9928501236826,-57.1834231303581,-5.47054871220604,999,0.176176176176176,298.800869835352,2.02298850574712,45.2338564445587,384.128884620774,126.552514878563,1.91304347826086,103.873809523809,88,159,999,42.3748290013679,103.873809523809,87.8834067592963,87.948703873132,999.0,493.801136363636,294.803324268909,147.702702702702,240.997925302273,55933,240.266518682899,86.3595385828384,150,117,10493.3070175071,3.89089089089089,42279.2142857143,311.416666666665,212.711921032989,36325.4907749077,87,82,35,42.3748290013679,177.002832861189,88.5,1
Patnaik L.M.,237,4952,26,190.461538461538,0.175584157713718,20,68,7,5,4114,35.5,27,32,22.7252541959644,2972,62,40.05,59.1185250154298,2,20,13.6834655088258,1.0,75.0,8.07754442649434,-70.6987075928917,-1.43095599393019,48,0.0843881856540084,16.0727036676403,0.769230769230769,8.07495741056218,70.3704483430367,46.3060471212993,0.392156862745098,13.4166666666666,13,65,237,7.54716981132075,13.4166666666666,12.9632559326358,12.9709208400646,237.0,205.7,64.1404708432983,20.8945147679324,26.6458251889484,3714,36.8781778291715,12.285902336679,46,14,160.202362636293,2.47679324894514,2350.23333333333,106.916666666666,102.577605913215,2321.25,12,6,3,7.54716981132075,21.0487804878048,7.33333333333333,1
Patterson David,249,54349,135,402.585185185185,1.74615261044176,95,232,19,29,46366,188.0,132,153,80.0985267232423,13110,240,308.73,183.668179062133,77,95,41.1488863411188,2.44948974278317,68.7059559513514,16.6056413181475,-12.2283758670812,-1.40603477402084,249,0.38152610441767,153.59675739997,0.703703703703703,29.8674242424242,233.128719809464,90.2589804384225,0.579268292682926,59.0833333333333,61,126,249,28.5601265822784,59.0833333333333,60.9152063312606,60.933761430753,249.0,488.063157894736,215.327657303932,218.26907630522,133.641310978304,37341,148.458748479165,52.088501853254,138,95,1629.39555527999,3.18072289156626,21206.1166666666,103.933333333333,1267.72691869821,23185.5882352941,60,31,13,28.5601265822784,96.0104712041884,32.3333333333333,1
Paul Ivanov,33,4088,15,272.533333333333,7.28698752228164,10,33,7,6,4068,141.5,12,18,9.00246254278448,2142,16,37.88,58.9067059000925,9,10,12.6074142211846,1.73205080756887,97.06457925636,2.44618395303326,-5.03913894324853,-1.00024666995559,10,0.303030303030303,82.5858585858585,0.666666666666666,3.36734693877551,63.9374694525831,42.88434057633,0.454545454545454,2.68333333333333,8,34,33,2.08333333333333,2.68333333333333,7.98770080321285,7.98801369863013,33.0,406.8,63.7808748764079,123.878787878787,37.616485747608,3968,18.1659021245849,4.56435464587638,28,7,367.446008403361,2.96969696969696,839.45,18.7166666666666,25196.9454545454,2204.44444444444,7,9,6,2.08333333333333,11.2857142857142,1.85714285714285,1
Paul J Resnick,27,929,30,30.9666666666666,2.45767195767195,12,27,7,6,917,61.0,14,18,9.79182691380383,396,15,6.36,26.4952825989835,12,12,9.89445733569298,2.44948974278317,83.2077502691065,15.5005382131324,-17.545748116254,-0.989035087719298,12,0.444444444444444,13.7629629629629,0.4,3.375,30.4795013082563,26.153393661244,0.352941176470588,3.48333333333333,10,17,27,3.06382978723404,3.48333333333333,9.90299401197604,9.91280947255113,27.0,76.4166666666666,30.2820078594534,34.4074074074074,27.0554985169373,773,18.0,6.06349383167893,15,8,54.9365341584364,3.55555555555555,236.65,8.88333333333333,2629.29938271604,515.333333333333,9,7,4,3.06382978723404,13.64,1.41176470588235,1
Paul Kent,109,3470,113,30.7079646017699,0.57881567973311,34,58,9,9,2909,65.0,45,49,26.919377726969,1325,64,15.16,45.7820925690383,9,34,17.4633083661476,5.0,51.4985590778098,33.3141210374639,-58.2420749279538,-1.37295751633986,57,0.311926605504587,9.57863116018511,0.300884955752212,13.3790613718411,58.9067059000925,41.9960315585492,0.29059829059829,16.9833333333333,22,33,109,10.4144144144144,16.9833333333333,21.8113772455089,21.8729106628242,109.0,85.5588235294117,53.9351462406472,31.8348623853211,47.0106370941726,1753,44.407206622349,18.817281687058,30,29,136.013524576626,2.54128440366972,1249.76666666666,57.5833333333333,177.779886148007,1216.36734693877,21,13,6,10.4144144144144,35.0289855072463,11.6666666666666,1
Paul M. Zimmerman,165,9665,39,247.820512820512,0.705732018985031,48,97,10,11,8192,82.0,64,71,39.2997752215904,3021,100,55.27,73.6002717386287,9,49,22.888312514602,1.0,60.9208484221417,23.838592860838,-42.8660113812726,-1.40387173045662,103,0.29090909090909,72.0932400932401,1.23076923076923,13.6787564766839,98.3107318658548,45.7484061653153,1.2,24.9833333333333,24,54,165,13.1657142857142,24.9833333333333,23.9194702390013,23.9452664252457,165.0,170.666666666666,90.509667991878,58.5757575757575,62.7375485654324,5888,68.2348884369279,25.1387009551863,57,30,1742.29325119325,3.5090909090909,3637.48333333333,57.7,325.765516673867,3980.61971830985,23,36,18,13.1657142857142,49.0103092783505,25.0,1
Paul Maragakis,31,2507,19,131.947368421052,5.05443548387096,14,31,8,8,2493,94.5,16,22,10.90866752773,1212,17,17.32,43.977266854592,14,14,13.0808383765409,2.44948974278317,91.6234543278819,7.81810929397686,-8.69565217391304,-0.99557700040209,14,0.451612903225806,59.5891341256366,0.736842105263157,3.94545454545454,50.0699510684801,30.0915270466621,0.608695652173913,4.3,14,28,31,3.84313725490196,4.3,13.9309640522875,13.9325887514958,31.0,178.071428571428,49.9299509312797,80.8709677419354,36.3730669589464,2297,20.8326666559996,7.33511564793817,27,13,149.990328986459,3.54838709677419,751.5,9.81666666666667,14400.8087557603,1461.72727272727,13,12,6,3.84313725490196,16.2758620689655,1.21052631578947,1
Paul Mockapetris,61,5775,49,117.857142857142,3.0539397144368,18,61,8,6,5652,50.0,24,30,15.2007529503876,3477,33,52.05,70.5195008490559,9,18,14.8414113258952,1.0,92.2597402597402,5.61038961038961,-11.2207792207792,-1.03066378066378,22,0.295081967213114,34.7775175644028,0.36734693877551,8.0735294117647,75.9934207678533,53.7509689835138,0.339622641509433,14.75,17,62,61,11.1724137931034,14.75,16.9543346414555,16.9556709956709,61.0,314.0,75.17978451685,94.6721311475409,30.0,5328,33.1360830515617,14.18109474885,61,18,153.932249250258,2.22950819672131,5180.32619047619,42.2619047619047,4350.29988004798,3196.79999999999,16,7,4,11.1724137931034,19.1351351351351,3.5,1
Pavlos Vranas,54,2084,30,69.4666666666666,1.403367003367,21,45,7,6,1950,42.5,26,30,16.4361061173932,950,31,15.16,38.0919939094818,10,21,13.1376477799163,1.41421356237309,73.4165067178502,21.1612284069097,-27.7351247600767,-1.08151305274374,25,0.388888888888888,27.0148148148148,0.7,6.67058823529411,45.6508488420533,26.9567554922076,0.617647058823529,11.6833333333333,14,30,54,6.78461538461538,11.6833333333333,13.905162738496,13.9189059500959,54.0,92.8571428571428,44.1588043316392,38.5925925925925,29.8747384925793,1509,30.7408522978787,11.9363697612349,28,20,99.3361210720102,3.14814814814814,800.666666666667,24.5833333333333,673.150442477876,1056.3,13,8,4,6.78461538461538,22.0465116279069,7.33333333333333,1
"Pengpeng Zhao,",619,1351,39,34.6410256410256,0.0070404919485121,17,29,6,5,679,32.5,23,26,20.3132361601828,400,59,8.01,22.2036033111745,0,17,10.2473781330376,6.32455532033675,30.1258327165062,21.3915618060695,-708.956328645447,-12.8421052631578,40,0.0274636510500807,0.951369040222029,0.435897435897435,4.34296326867519,36.7559518989782,20.3408456068079,0.404761904761904,9.80833333333333,8,16,619,3.95890410958904,9.80833333333333,7.89277899343544,7.96373056994818,619.0,39.9411764705882,26.0576284415907,2.18255250403877,23.5053185470863,390,22.2036033111745,8.20374121136288,13,8,229.214042590068,3.91437802907916,371.586904761904,177.470238095238,2.31917029436791,255.0,7,13,7,3.95890410958904,18.0285714285714,9.0,1
Peter Bergstrom,89,2594,50,51.88,0.647690387016229,18,50,7,5,2475,46.0,23,27,15.1239769132475,1430,30,22.33,43.0464865000617,4,18,12.665102068548,1.0,82.9221279876638,12.4903623747108,-44.5258288357748,-1.05696202531645,23,0.202247191011235,10.4925842696629,0.36,8.25773195876288,50.9313263129873,46.7938742429676,0.333333333333333,12.0833333333333,17,50,89,7.90243902439024,12.0833333333333,16.8949096880131,16.9013107170393,89.0,137.5,49.749371855331,29.1460674157303,28.7749891398763,2151,30.0,11.9266048160834,28,18,107.741846732675,2.17977528089887,859.166666666666,60.4666666666667,606.189217259937,1434.0,16,8,4,7.90243902439024,19.1351351351351,3.33333333333333,1
Peter J. Denning,179,23675,54,438.425925925925,1.46958410924891,69,152,18,26,20526,184.0,95,110,54.8401509830823,7575,154,109.51,126.822710899901,51,69,32.6644624220484,5.0,66.5892291446673,20.1098204857444,-18.7455121436114,-1.34701599495499,174,0.385474860335195,169.002172563625,1.27777777777777,43.4894366197183,153.866825534291,111.16991499502,1.21052631578947,58.7333333333333,62,132,179,44.9150943396226,58.7333333333333,61.8133152719245,61.8428299894403,179.0,297.478260869565,143.268977800499,132.262569832402,112.676528168026,15765,102.410936915936,55.6699336216055,129,68,1179.74555994825,1.58659217877094,17433.15,138.016666666666,862.12178735468,9888.95454545454,61,33,19,44.9150943396226,70.0287769784172,14.2,1
Peter M. Kogge,179,5991,48,124.8125,0.371880819366852,38,76,10,11,5064,84.0,52,58,31.4515399102722,1722,75,34.46,59.5399025864167,8,38,19.9673330116096,4.58257569495584,60.4239692872642,24.1028208980136,-73.9442497078951,-1.39242932438907,72,0.212290502793296,26.4965083798882,0.791666666666666,14.1708333333333,77.4015503720694,54.4938834488177,0.73076923076923,22.9999999999999,25,66,179,13.4953271028037,22.9999999999999,24.8680412371134,24.9038557836755,179.0,133.263157894736,71.1617874986287,33.4692737430167,56.4977875673021,3620,53.7401153701776,22.6455830109657,57,31,245.997336478623,2.68156424581005,3521.06666666666,91.0333333333333,182.835385366382,2371.72413793103,24,16,8,13.4953271028037,39.077922077922,6.28571428571428,1
Peter Naur,273,6001,75,80.0133333333333,0.160450255340766,30,75,11,12,5115,73.0,42,49,27.1537165309459,1638,70,45.17,62.5299928034539,6,30,18.322478842925,2.44948974278317,70.7382102982836,14.9975004165972,-107.198800199966,-1.32654006484483,60,0.109890109890109,8.79267399267399,0.4,20.3731343283582,77.4661216274573,61.8115415328453,0.379746835443038,24.9833333333333,28,64,273,14.0625,24.9833333333333,27.8557578155916,27.8785202466255,273.0,170.5,71.5192281837548,21.9816849816849,46.7974358271903,4215,47.4341649025256,20.5395959064437,59,30,205.729871980219,1.47252747252747,3824.33333333333,229.633333333333,132.121225736879,2580.61224489795,27,11,6,14.0625,31.0163934426229,15.5,1
Peter Parente,20,256,17,15.0588235294117,1.21904761904761,8,16,4,2,232,25.0,10,12,7.83849645217258,138,11,1.73,13.1529464379659,6,9,6.44067507788403,2.44948974278317,68.75,25.0,-31.25,-1.01724137931034,7,0.4,6.0235294117647,0.470588235294117,3.0188679245283,16.0,13.735598518691,0.38095238095238,4.78333333333333,7,14,20,2.78260869565217,4.78333333333333,6.83561643835616,6.859375,20.0,29.0,15.2315462117278,12.8,14.1421356237309,168,11.3137084989847,4.7181425969567,10,8,22.5126585402901,2.65,116.492857142857,12.1595238095238,192.0,112.0,6,4,3,2.78260869565217,9.0,9.0,1
Petros Koumoutsakos,278,22767,115,197.973913043478,0.587065831206003,66,150,17,23,20353,156.0,92,106,50.9901206970541,5820,127,131.87,122.674365700418,20,68,31.8453648930934,2.0,70.2639785654675,19.1329555936223,-50.8543066719374,-1.24904193279644,137,0.237410071942446,47.0010009383797,0.57391304347826,21.0654420206659,150.887375217411,77.7889391084558,0.554621848739495,33.8499999999999,42,90,278,19.8,33.8499999999999,41.9068594858156,41.926165063469,278.0,308.378787878787,142.663940783927,81.8956834532374,101.469207151726,15997,99.498743710662,36.1496887953409,83,64,1305.36908309919,3.13309352517985,7512.91666666666,105.749999999999,690.481708916214,9960.39622641509,41,34,16,19.8,67.0225563909774,17.5,1
Phani Motamarri,29,434,14,31.0,0.997701149425287,12,20,5,4,410,23.5,14,16,10.1486740634429,180,18,2.75,16.583123951777,7,12,8.18791480125638,3.0,61.2903225806451,33.1797235023041,-39.8617511520737,-1.03580562659846,12,0.413793103448275,12.8275862068965,0.857142857142857,3.55102040816326,20.8326666559996,16.8720676464583,0.8,4.38333333333333,9,12,29,3.51219512195121,4.38333333333333,8.8134110787172,8.85253456221198,29.0,34.1666666666666,20.2484567313165,14.9655172413793,16.7928556237466,266,15.4919333848296,6.49202136960551,10,9,165.789285714285,3.37931034482758,124.416666666666,9.96666666666666,255.660919540229,199.5,8,8,7,3.51219512195121,13.4,1.45454545454545,1
Philip Derrin,18,377,15,25.1333333333333,2.20467836257309,9,18,5,4,340,39.0,13,15,9.20375675251868,195,17,2.28,16.3401346383681,11,9,7.29777001123218,2.23606797749979,68.7002652519893,21.4854111405835,-11.1405835543766,-1.15806451612903,9,0.5,12.5666666666666,0.6,2.38235294117647,19.4164878389476,16.4012194668567,0.473684210526315,4.56666666666666,7,19,18,2.53125,4.56666666666666,6.87543252595155,6.90450928381962,18.0,37.7777777777777,18.4390889145857,20.9444444444444,18.7349939951951,259,12.7279220613578,4.77297077300919,10,7,29.182123814438,3.77777777777777,122.1,5.68333333333333,192.462462462462,155.399999999999,6,6,3,2.53125,10.1578947368421,2.75,1
Philip Heidelberger,136,11083,42,263.880952380952,1.18967367969085,47,105,14,14,9783,109.0,67,76,38.0890843777669,3234,91,62.28,82.915619758885,21,48,24.5262933523982,3.3166247903554,68.3388974104484,19.9314265090679,-26.0128124154109,-1.2833528722157,91,0.345588235294117,91.1941526610644,1.11904761904761,16.1822784810126,105.275828184821,67.1076250014358,1.02173913043478,24.8666666666666,31,68,136,14.6291390728476,24.8666666666666,30.896229678312,30.918794550212,136.0,208.148936170212,98.9090491310072,81.4926470588235,71.5751353474095,7574,70.2495551587339,26.2215471783005,57,38,432.445903877087,2.90441176470588,3692.44999999999,55.4166666666667,613.263512443439,4683.92105263157,30,17,11,14.6291390728476,48.0736842105263,6.875,1
Philippe Mulet,32,3844,29,132.551724137931,7.28030303030303,11,32,7,7,3804,126.0,15,21,10.2478059904009,1804,19,34.98,59.1438923304849,9,11,12.8935454254769,2.0,95.8116545265348,3.14776274713839,-4.94276795005203,-1.01006889242183,12,0.34375,45.5646551724137,0.379310344827586,3.2,62.0,48.4355241532493,0.333333333333333,3.75,9,32,32,2.63043478260869,3.75,8.98291510945008,8.98335067637877,32.0,345.818181818181,61.6765757804371,120.125,37.2290209379725,3683,18.7616630392937,5.37910611614008,28,8,181.121446735077,3.4375,812.133333333333,13.2333333333333,11423.8874999999,1929.19047619047,8,7,5,2.63043478260869,12.1739130434782,3.0,1
Phoha Shashi,70,619,47,13.1702127659574,0.249094567404426,13,23,6,4,450,34.0,19,21,14.0591053733228,264,30,3.35,19.0525588832576,0,15,8.68102826218605,3.3166247903554,45.3957996768982,27.3021001615508,-92.4071082390953,-1.86734693877551,20,0.185714285714285,2.44589665653495,0.276595744680851,5.0,24.8797106092494,15.3215534460445,0.254901960784313,8.98333333333333,11,13,70,4.225,8.98333333333333,10.7429305912596,10.8384491114701,70.0,34.6153846153846,21.2132034355964,8.84285714285714,21.0237960416286,281,17.2916164657905,7.41114026314439,12,11,27.9201417621437,2.6,230.533333333333,32.9666666666666,23.5460693153,173.95238095238,10,5,2,4.225,14.1851851851851,3.16666666666666,1
Pierre CasteÃŒÂran,53,380,42,9.04761904761904,0.265548567435359,10,18,5,3,291,28.0,14,15,10.7589202889066,161,23,2.6,14.6287388383277,1,11,7.24248840097096,2.64575131106459,52.8947368421052,26.3157894736842,-92.3684210526315,-1.40948275862068,11,0.188679245283018,1.70709793351302,0.238095238095238,3.73239436619718,19.4935886896179,16.867127793433,0.217391304347826,5.5,7,41,53,3.44827586206896,5.5,6.84810126582278,6.90526315789473,53.0,29.1,17.0587221092319,7.16981132075471,16.7332005306815,191,13.4164078649987,5.87220219514703,11,5,20.8032990497758,2.67924528301886,151.583333333333,25.6166666666666,27.3178887031287,127.333333333333,6,5,2,3.44827586206896,11.0,11.0,1
Ping Xu,749,179990,54,3333.14814814814,0.640818869603916,229,370,28,54,108982,347.0,307,329,210.345488509263,72219,717,334.09,279.463772249642,114,229,69.2255678384279,23.302360395462,31.5406411467303,29.135507528196,-26.8348241568976,-4.63634247284014,749,0.305740987983978,1019.08000791178,4.24074074074074,48.4933559513712,424.252283435221,119.520836271464,3.69354838709677,135.581349206349,100,170,749,47.2016201620162,135.581349206349,99.8630743653865,99.9455469748319,749.0,475.903930131004,330.124219044892,240.307076101468,281.891823223022,56541,291.08418026406,103.967163167519,152,219,12540.6186519546,4.72229639519359,46517.4984126984,193.944047619047,370.790433435305,39355.2857142857,99,98,41,47.2016201620162,230.002178649237,115.0,1
PoPCites,189,29946,49,611.142857142857,1.66783625730994,79,173,19,27,27989,200.0,106,122,54.3925364176605,8514,125,142.57,142.730515307694,56,79,36.5307337517306,4.24264068711928,72.6240566352768,20.8408468576771,-22.4771254925532,-1.13972193496495,132,0.417989417989417,255.451247165532,1.61224489795918,29.2764705882352,173.049125972944,110.588878283487,1.49056603773584,44.45,57,133,189,28.2398190045248,44.45,56.877600405917,56.8952781673679,189.0,354.291139240506,167.299133291239,158.444444444444,125.698050899765,21748,116.905945101179,47.232887920997,119,72,1088.56750570369,2.69841269841269,14367.3,91.5833333333333,2266.07131096349,14082.7213114754,56,38,17,28.2398190045248,80.0251572327044,16.4,1
Rafal Kolanski,22,779,16,48.6875,3.0790513833992,12,22,5,3,723,22.0,15,17,10.8097709363365,492,19,5.94,22.1810730128188,13,12,8.5427200486332,1.0,75.8664955070603,18.4852374839537,-9.62772785622593,-1.07834757834757,13,0.545454545454545,26.5568181818181,0.75,3.42857142857142,27.9105714739057,19.3132079158279,0.6,6.05,9,23,22,3.69230769230769,6.05,8.90588235294117,8.9178433889602,22.0,60.25,26.8886593194975,35.4090909090909,16.2480768092719,579,16.2480768092719,6.65640235470275,14,12,73.4695443445443,3.5,213.016666666666,9.08333333333333,591.492768595041,408.705882352941,8,6,2,3.69230769230769,13.04,6.5,1
Raghuram Bindignavle,2,2,0,2.0,0.666666666666666,1,1,1,0,2,2.0,2,1,2.0,2,1,0.02,1.41421356237309,1,1,1.18920711500272,1.0,50.0,50.0,0.0,0.0,0,0.5,1.0,1.0,0.4,1.41421356237309,1.41421356237309,0.0333333333333333,0.25,1,3,2,0.25,0.25,1.0,1.0,2.0,2.0,1.41421356237309,1.0,1.41421356237309,1,1.0,0.5,0,0,0.0666666666666666,2.5,0.5,1.25,0.5,1.0,0,0,0,0.25,2.66666666666666,1.0,1
Rahul Sampath,15,769,5,153.8,6.40833333333333,7,15,5,5,760,86.0,9,12,6.96074324562681,430,10,5.77,24.0208242989286,7,7,8.14792644125691,1.41421356237309,92.4577373211963,6.37191157347204,-5.72171651495448,-0.998675496688741,7,0.466666666666666,71.7733333333333,1.4,2.28260869565217,27.730849247724,22.1359436211786,0.368421052631578,2.5,7,16,15,2.04166666666666,2.5,6.95193591455273,6.95318595578673,15.0,108.571428571428,27.5680975041804,51.2666666666666,24.5356882927705,711,10.2469507659595,3.78043207407125,15,6,52.0626455845496,3.06666666666666,244.366666666666,6.23333333333333,4329.18518518518,414.75,6,6,4,2.04166666666666,8.46666666666666,1.5,1
Raj Reddy,140,7304,31,235.612903225806,0.740020263424518,29,85,11,11,6735,94.0,41,50,25.1701942759242,2487,60,55.5,69.4406221170288,10,30,18.9067324240542,1.73205080756887,80.6955093099671,11.5142387732749,-36.2814895947426,-1.15641646489104,53,0.207142857142857,48.805529953917,0.935483870967741,12.6875,85.463442476886,74.3852583961813,0.475409836065573,20.65,25,56,140,11.3648648648648,20.65,24.9121683440073,24.9211391018619,140.0,232.241379310344,82.0670457613773,52.1714285714285,52.2111099288264,5894,49.6487663492256,18.1543680991953,51,29,192.298551407092,2.28571428571428,2749.26666666666,81.4333333333333,617.53000251067,3418.52,24,11,5,11.3648648648648,30.0169491525423,15.5,1
Randy Terbush,1,0,0,0.0,0.0,0,0,0,0,0,0.0,1,1,0.0,0,0,0.0,0.0,0,1,0.0,1.0,0.0,0.0,0.0,0.0,0,0.0,0.0,0.0,0.0,0.0,0.0,0.0,0.0,1,1,1,0.0,1.0,0.0,0.0,1.0,0.0,0.0,0.0,0.0,0,0.0,0.0,0,0,0.0,1.0,0.0,1.0,0.0,0.0,0,0,0,0.0,1.0,1.0,1
Ranjan Das Sunil,12,62,4,15.5,0.794871794871794,5,7,2,1,48,8.0,6,7,6.22255969005194,30,10,0.35,5.91607978309961,2,5,3.90388178214317,2.23606797749979,37.0967741935483,40.3225806451612,-32.258064516129,-1.31578947368421,2,0.416666666666666,6.45833333333333,1.25,2.14285714285714,7.87400787401181,6.9282032302755,0.081967213114754,3.33333333333333,4,6,12,2.27272727272727,3.33333333333333,3.74285714285714,3.85483870967741,12.0,9.6,6.9282032302755,5.16666666666666,6.32455532033675,23,5.91607978309961,3.37099931231621,5,4,1.0512768048932,2.33333333333333,30.3333333333333,6.0,17.7142857142857,16.4285714285714,3,1,0,2.27272727272727,6.18181818181818,2.33333333333333,1
Rao Nageswara,69,2756,25,110.24,1.14120082815734,29,49,9,8,1949,51.0,41,44,27.7281901070808,1024,69,9.21,38.4317577011512,32,32,15.1990822886918,8.0,40.2031930333817,30.5152394775036,-12.8084179970972,-2.29461998292058,69,0.420289855072463,46.3327536231884,1.16,10.9945054945054,52.4976189936267,32.5438166169857,0.659090909090909,21.7,22,34,69,10.3827160493827,21.7,21.7340168878166,21.8399854862119,69.0,67.2068965517241,44.1474801092882,39.9420289855072,38.4577690460588,1108,37.6961536499415,17.3521977118778,30,27,115.623456992277,2.63768115942029,1374.05,36.3,96.4647019736724,730.272727272727,21,11,4,10.3827160493827,30.0169491525423,15.5,1
Reitsakas Arnols,4,8,1,8.0,0.8,2,2,1,0,2,2.0,2,2,3.35238095238095,8,4,0.04,2.0,2,4,1.68179283050742,2.0,0.0,50.0,0.0,-2.0,0,0.5,4.0,2.0,1.6,2.82842712474619,1.41421356237309,0.0377358490566037,2.0,3,2,4,2.0,2.0,2.0,2.5,4.0,1.0,1.41421356237309,2.0,2.0,-2,2.0,2.0,2,2,0.152394775036284,1.25,7.0,3.5,2.0,-2.0,2,0,0,2.0,3.0,3.0,1
Remi Lehe,92,1082,14,77.2857142857142,0.252921926133707,18,32,6,5,881,45.0,25,27,16.3285465239722,476,35,6.1,26.3058928759318,2,18,11.1218697283484,3.74165738677394,53.1423290203327,29.9445471349353,-106.099815157116,-1.35061391541609,26,0.195652173913043,15.1211180124223,1.28571428571428,4.05882352941176,32.893768406797,22.9836898691224,1.125,7.20952380952381,10,15,92,3.64044943820224,7.20952380952381,9.8672131147541,9.92513863216266,92.0,48.9444444444444,29.6816441593116,11.7608695652173,28.4604989415154,557,24.0,8.0949422411553,12,10,255.44632034632,4.43478260869565,241.566666666666,25.2690476190476,57.7760750772154,371.333333333333,9,15,7,3.64044943820224,19.027027027027,9.5,1
ReneÃŒÂ. H. Poelma,22,251,10,25.1,0.992094861660079,8,15,5,3,228,30.0,11,12,8.18920732014024,145,13,1.57,13.6381816969858,6,8,6.42155629545088,2.23606797749979,65.3386454183266,25.4980079681274,-35.0597609561753,-1.08018867924528,7,0.363636363636363,9.12727272727272,0.8,1.72549019607843,15.8429795177548,13.6626010212794,0.727272727272727,2.38333333333333,6,7,22,1.64102564102564,2.38333333333333,5.86559139784946,5.9003984063745,22.0,28.5,15.0996688705415,11.4090909090909,15.4919333848296,164,10.9544511501033,3.6232865092627,6,5,101.849242424242,4.63636363636363,53.8333333333333,4.88333333333333,113.098814229249,109.333333333333,5,8,4,1.64102564102564,9.11764705882352,3.33333333333333,1
Richard E. Stearns,30,2604,53,49.1320754716981,5.6,11,30,6,5,2563,36.0,14,19,10.2406975288766,1407,20,24.38,46.7867502611583,7,11,11.2000387975114,1.0,93.7788018433179,4.64669738863287,-6.41321044546851,-1.01658767772511,12,0.366666666666666,18.0150943396226,0.20754716981132,5.15625,51.0294032886922,48.0468521341409,0.13095238095238,6.16666666666666,10,31,30,5.04166666666666,6.16666666666666,9.96803472770323,9.96889400921659,30.0,233.0,50.6260802353885,86.8,19.8997487421324,2442,18.1659021245849,7.44703520424963,30,9,51.8836572766868,2.13333333333333,1225.49999999999,16.3333333333333,5426.05853658536,1413.78947368421,9,5,3,5.04166666666666,12.1304347826086,3.5,1
Richard Larson,369,118919,50,2378.38,1.74202006884933,168,343,28,51,99630,354.0,235,264,129.995273381624,29880,365,442.88,269.215527041067,188,169,60.6374932359655,9.1104335791443,60.1871862360093,23.7338019996804,-12.316787056736,-1.46638629476158,369,0.455284552845528,1082.83967479674,3.36,51.1063478977741,344.846342593335,145.101360420423,2.58461538461538,107.95,108,229,369,51.4098360655737,107.95,107.868476375374,107.903724383824,369.0,593.035714285714,315.642202501503,322.273712737127,243.868817194818,71406,240.049994792751,92.9346676919673,224,166,4946.98147367919,3.28726287262872,54773.75,159.483333333333,1682.03922303958,45440.1818181818,107,67,32,51.4098360655737,169.0,169.0,1
Richard R Burton,47,3622,19,190.631578947368,3.21099290780141,18,47,8,8,3477,78.0,24,31,15.2914264975947,1328,31,27.63,54.2402064892824,12,18,14.5133291851914,1.41421356237309,87.548315847598,8.94533406957482,-10.8779679734953,-1.05612998522895,21,0.382978723404255,73.0078387458006,0.947368421052631,6.26666666666666,60.1830540933243,50.8756654338135,0.346153846153846,8.91666666666666,14,48,47,6.75,8.91666666666666,13.9498813760379,13.9533406957482,47.0,193.166666666666,58.9660919512222,77.063829787234,37.4699879903903,3153,29.0860791444979,11.0227038425243,41,14,78.7313054976945,2.87234042553191,1688.45,19.7999999999999,2120.7723236723,1830.77419354838,13,8,4,6.75,19.027027027027,9.5,1
Richard Stallman,329,12740,235,54.2127659574468,0.234687298517085,50,105,13,16,9463,101.0,71,80,46.6490589278127,2890,134,68.67,82.048765987064,8,51,24.8795205312447,2.23606797749979,54.6546310832025,19.6232339089481,-83.7755102040816,-1.99021808851828,167,0.151975683890577,8.23902218198279,0.212765957446808,33.0321285140562,112.871608476179,79.7585642512988,0.209205020920502,44.25,45,103,329,31.6455696202531,44.25,44.788253308542,44.8480376766091,329.0,189.26,97.2779522810796,38.7234042553191,71.0633520177594,6963,72.4568837309472,39.7778642087865,92,50,506.53790501801,1.51367781155015,10082.6666666666,269.316666666666,111.821658366824,4351.875,44,20,10,31.6455696202531,51.009900990099,26.0,1
Richard W. Vuduc,12,874,6,145.666666666666,11.2051282051282,9,12,6,5,874,81.0,12,12,7.62093592681828,452,9,5.72,26.1725046566048,9,9,9.01299843028118,2.0,90.7322654462242,9.26773455377574,-2.05949656750572,0.0,9,0.75,109.25,1.5,3.17647058823529,29.5634909981889,24.913182588073,0.45,3.16666666666666,8,13,12,3.0,3.16666666666666,7.94152744630071,7.94393592677345,12.0,97.1111111111111,29.5634909981889,72.8333333333333,27.0,793,10.3923048454132,5.19615242270663,12,7,52.9990564646911,2.83333333333333,328.083333333333,4.91666666666666,0.0833333333333333,594.75,7,6,4,3.0,10.6842105263157,1.0,1
Richards Martin,317,18246,64,285.09375,0.362002261770132,64,133,16,22,15640,170.0,90,102,50.5793015456862,6032,130,89.34,107.805380199691,10,64,30.3782495624894,5.3851648071345,63.2686616244656,22.4487558917022,-74.4546749972596,-1.36893945178285,143,0.201892744479495,57.5583596214511,1.0,29.4028985507246,135.077755385555,61.3642520411634,0.941176470588235,37.9333333333333,47,84,317,19.2300469483568,37.9333333333333,46.8503641892369,46.8840293763016,317.0,244.375,125.059985606907,57.5583596214511,104.307238483242,11544,92.2605007573663,35.0816619431696,80,63,702.79124349375,2.17665615141955,7586.93333333333,206.383333333333,345.438505172484,7243.29411764705,46,28,11,19.2300469483568,65.0232558139534,16.75,1
Rio Yokota,8,155,103,1.50485436893203,4.30555555555555,4,8,3,2,143,50.0,5,7,5.1070929070929,100,8,1.3,11.4017542509913,5,4,4.64982698574136,1.41421356237309,84.516129032258,10.3225806451612,-4.51612903225806,-1.03521126760563,3,0.5,0.752427184466019,0.0388349514563106,1.14285714285714,12.4498995979887,10.2469507659595,0.0338983050847457,2.28333333333333,4,8,8,1.23076923076923,2.28333333333333,3.93706293706293,3.94193548387096,8.0,35.75,11.9582607431013,19.375,14.1421356237309,127,5.65685424949238,2.21880078490091,6,4,9.59971546802379,3.5,42.9833333333333,3.15,356.015625,72.5714285714285,3,3,2,1.23076923076923,5.11111111111111,2.5,1
Rivi Sherman,22,1249,38,32.8684210526315,4.93675889328063,11,22,5,3,1222,29.0,13,16,9.77358522761031,853,18,10.82,31.7647603485371,10,11,9.19661767645609,1.0,88.150520416333,9.68775020016012,-7.20576461168935,-1.02079866888519,11,0.5,16.4342105263157,0.289473684210526,3.18421052631578,35.3411940941445,34.132096331752,0.261904761904761,4.91666666666666,8,23,22,3.55882352941176,4.91666666666666,7.95793991416309,7.96076861489191,22.0,111.090909090909,34.957116585897,56.7727272727272,17.8605710994917,1101,15.556349186104,6.25676104893973,19,7,35.6362836508123,3.45454545454545,377.666666666666,7.75,2569.49158249158,756.9375,7,3,2,3.55882352941176,12.2173913043478,2.16666666666666,1
Robert (Bob) Harper,29,16409,112,146.508928571428,37.7218390804597,29,29,16,20,16409,288.0,29,29,18.4981415424237,6123,29,99.31,108.448144290255,29,29,24.5491454587807,1.73205080756887,94.8747638491072,5.1252361508928,0.0,0.0,29,1.0,146.508928571428,0.258928571428571,9.55681818181818,128.097619025491,112.491110759917,0.241666666666666,12.4166666666666,29,30,29,9.55681818181818,12.4166666666666,29.948747638491,29.948747638491,29.0,565.827586206896,128.097619025491,565.827586206896,91.3892772703669,15568,29.0,16.6477544213244,29,29,740.727208728203,3.03448275862068,5860.26666666666,12.4166666666666,0.0344827586206896,15567.9999999999,29,24,10,9.55681818181818,27.593220338983,-1.01418439716312,1
Robert Cailliau,33,3224,18,179.111111111111,5.74688057040998,11,33,6,5,3156,55.5,14,19,10.531718875054,2369,20,30.27,52.4785670536077,7,11,11.1541937304114,1.0,94.4789081885856,3.7531017369727,-5.61414392059553,-1.02374077638755,11,0.333333333333333,59.7037037037037,0.611111111111111,4.27058823529411,56.7802782663135,55.208694967369,0.234042553191489,6.08333333333333,10,34,33,4.32142857142857,6.08333333333333,9.97420382165605,9.97487593052109,33.0,286.90909090909,56.1782876207525,97.6969696969697,24.7082982012116,3035,19.0525588832576,6.89461487580809,31,9,104.371322840782,2.57575757575757,996.583333333333,17.4833333333333,5428.18075491759,1757.10526315789,9,5,3,4.32142857142857,12.1739130434782,2.4,1
Robert E Kahn,29,1404,37,37.9459459459459,3.22758620689655,11,29,6,6,1321,89.0,16,21,11.3516366463352,726,26,11.05,31.8590646441479,9,11,10.283904509813,1.41421356237309,85.4700854700854,8.61823361823361,-8.11965811965812,-1.10176282051282,12,0.379310344827586,14.3932898415657,0.297297297297297,5.22950819672131,37.4699879903903,33.6303434416004,0.152777777777777,7.91666666666666,10,30,29,6.05,7.91666666666666,9.93720930232558,9.94230769230769,29.0,120.090909090909,36.3455636907724,48.4137931034482,31.288975694324,1200,17.8605710994917,8.15781833580523,29,9,29.2412081155478,2.10344827586206,913.916666666666,18.0333333333333,770.537598670544,628.571428571428,9,6,2,6.05,12.0869565217391,4.33333333333333,1
Robert E Rudd,69,2549,41,62.170731707317,1.05548654244306,22,50,9,9,2339,76.0,30,36,18.3940431226155,1120,41,15.95,43.4281015012169,13,23,14.4951658198053,2.82842712474619,72.7736367202824,18.9878383679874,-32.3264025107885,-1.15295211529521,31,0.318840579710144,19.8225521385648,0.536585365853658,7.82474226804123,50.4876222454573,35.6604355927779,0.488888888888888,12.2166666666666,18,37,69,7.22388059701492,12.2166666666666,17.8674919761577,17.8866222047861,69.0,106.318181818181,48.3632091573749,36.9420289855072,40.8900966005217,1855,33.166247903554,12.606560717909,32,22,122.227893309211,2.81159420289855,1080.76666666666,34.5333333333333,411.463837129054,1133.61111111111,17,12,6,7.22388059701492,23.0222222222222,12.0,1
Robert E. Kahn,88,3812,68,56.0588235294117,0.973442288049029,23,61,10,11,3517,108.0,31,38,19.3855404219664,1452,49,25.36,50.3587132480566,16,23,16.0526539505052,2.0,78.3840503672612,13.8772298006295,-31.3746065057712,-1.14902807775377,31,0.261363636363636,14.6517379679144,0.338235294117647,7.90625,61.7413961617325,55.075705472861,0.319444444444444,15.3666666666666,20,44,88,11.5,15.3666666666666,19.8935417281038,19.9052990556138,88.0,152.91304347826,59.3043000127309,43.3181818181818,49.8397431775084,2988,37.456641600656,16.2634559672905,45,23,114.613612659963,2.9090909090909,2083.48333333333,49.2,516.440832049306,1808.52631578947,19,11,6,11.5,24.1702127659574,3.11111111111111,1
Robert Gerber,180,4992,107,46.6542056074766,0.306445672191528,36,69,11,12,4123,106.0,49,55,30.066312470058,1908,71,26.73,56.8858506133115,6,36,19.0216410050484,4.24264068711928,57.3517628205128,25.9615384615384,-87.119391025641,-1.43214285714285,68,0.2,9.33084112149532,0.336448598130841,14.3046357615894,70.6540869306227,50.9329624768348,0.292682926829268,19.6666666666666,24,39,180,9.45985401459854,19.6666666666666,23.8519865696698,23.8940304487179,180.0,114.527777777777,64.2105910267145,27.7333333333333,61.773780845922,2827,49.8397431775084,18.454125406682,35,26,189.083808354973,2.51666666666666,1754.43333333333,104.699999999999,138.466906762705,1850.39999999999,23,15,7,9.45985401459854,37.0273972602739,12.3333333333333,1
Robert Metcalfe,301,12180,120,101.5,0.267980902510395,49,108,14,16,10033,142.0,70,81,42.6989526640506,3550,110,69.62,86.2728230672904,8,49,25.2513818824012,5.0,62.6600985221674,19.7126436781609,-83.735632183908,-1.49741585780915,118,0.162790697674418,16.5232558139534,0.408333333333333,17.8992718446601,110.363037290571,61.6223135220475,0.401639344262295,27.9666666666666,31,72,301,14.5515151515151,27.9666666666666,30.8968363136176,30.9261083743842,301.0,204.755102040816,100.164864099144,40.4651162790697,83.4146270146909,7632,72.7461339178928,26.7025137847402,58,37,1352.06309517618,2.7375415282392,4185.46666666666,159.5,189.094788834609,4616.88888888889,30,32,19,14.5515151515151,50.030303030303,12.75,1
Robert N. Sidebotham,9,999,7,142.714285714285,22.2,3,9,3,3,986,415.0,5,9,5.12181152181152,830,8,9.86,28.9309522829788,4,6,7.28839783404907,1.41421356237309,97.7977977977978,0.9009009009009,-0.5005005005005,-1.01434426229508,3,0.333333333333333,47.5714285714285,0.428571428571428,0.692307692307692,31.6069612585582,31.4006369362151,0.0769230769230769,1.84999999999999,4,10,9,0.692307692307692,1.84999999999999,3.99087221095334,3.99099099099099,9.0,328.666666666666,31.4006369362151,111.0,35.2845575287547,977,5.19615242270663,1.44115338424578,9,3,28.2276146338646,4.33333333333333,242.4,2.25,8418.92307692307,325.666666666666,3,3,3,0.692307692307692,24.8571428571428,1.0204081632653,1
Robert S Boyer,77,4133,50,82.66,1.37629037629037,28,64,10,10,3862,88.0,37,44,21.6689680837951,1392,46,24.09,52.7825728815865,21,28,17.3539170993073,4.0,74.4737478828937,18.9692717154609,-26.5908541011371,-1.12137130218413,39,0.363636363636363,30.0581818181818,0.56,11.5913978494623,64.2884126417817,48.2251663207776,0.518518518518518,14.8166666666666,23,61,77,11.7014925373134,14.8166666666666,22.8661874481614,22.8828937817565,77.0,137.928571428571,62.1449917531573,53.6753246753246,49.6386945839634,3078,42.3320209770334,18.1008781843527,41,24,114.186143028923,2.41558441558441,1790.94999999999,36.6333333333333,764.922892605549,1958.72727272727,22,11,6,11.7014925373134,29.0877192982456,5.33333333333333,1
Robert S. Thau,1,2,0,2.0,2.0,1,1,1,0,2,2.0,1,1,2.0,2,1,0.02,1.41421356237309,1,1,1.18920711500272,1.0,50.0,50.0,0.0,0.0,0,1.0,2.0,1.0,1.0,1.41421356237309,1.41421356237309,0.0303030303030303,1.0,1,2,1,1.0,1.0,1.5,1.5,1.0,2.0,1.41421356237309,2.0,1.41421356237309,1,1.0,1.0,1,1,0.0606060606060606,1.0,2.0,1.0,1.0,1.0,1,0,0,1.0,1.33333333333333,-3.0,1
Ron Dror,71,9059,25,362.36,3.5442097026604,31,71,12,13,8769,105.0,42,51,23.398736621354,2997,50,66.26,82.8492607088319,24,31,20.5857448567423,1.0,86.1905287559333,10.6082349045148,-10.4536924605364,-1.05654167156459,43,0.436619718309859,158.21352112676,1.24,7.83274021352313,95.1787791474549,57.1278015880684,1.06896551724137,12.95,20,48,71,7.688,12.95,19.9557923095762,19.9601501269455,71.0,282.870967741935,93.6429388688757,127.591549295774,57.0526073023836,7808,46.9148164229596,15.437875501506,45,20,524.928438274325,3.95774647887323,2121.2,21.1499999999999,3858.10446818844,4746.03921568627,19,19,10,7.688,32.063492063492,6.6,1
Ron Soltz,21,157,16,9.8125,0.679653679653679,4,12,3,2,147,21.0,5,6,4.91905871905871,108,8,1.51,10.3923048454132,2,4,4.60624806404175,1.0,85.9872611464968,10.1910828025477,-38.2165605095541,-0.92517006802721,3,0.19047619047619,1.86904761904761,0.25,1.52727272727272,12.5299640861416,12.2882057274445,0.117647058823529,1.11666666666666,4,16,21,0.941176470588235,1.11666666666666,3.93877551020408,3.94267515923566,21.0,36.75,12.1243556529821,7.47619047619047,9.16515138991168,131,6.9282032302755,1.94028500029066,5,3,5.4645630744999,2.61904761904761,35.95,12.5333333333333,188.150793650793,87.3333333333333,3,2,1,0.941176470588235,5.22222222222222,1.66666666666666,1
Ronald L. Rivest,349,43167,219,197.109589041095,0.706786737617683,78,206,22,31,39431,232.0,110,131,59.881805724498,11781,150,266.04,173.574191629977,30,79,38.8379153149263,3.3166247903554,77.4318345032084,14.094099659462,-40.4938958000324,-1.19173926354755,169,0.22349570200573,44.0531459748008,0.356164383561643,29.2395273899033,207.766696080002,111.240954688459,0.349775784753363,51.3166666666666,60,170,349,30.572864321608,51.3166666666666,59.9073980474049,59.9193596960641,349.0,505.525641025641,198.572404930795,123.687679083094,134.521373766401,33347,126.759615019926,48.83322042509,139,77,1298.05280184626,2.66762177650429,20022.25,172.95,1335.91484770201,19855.4656488549,59,33,20,30.572864321608,79.0,79.0,1
Ronald M. Kaplan,94,5528,51,108.392156862745,1.23807390817469,26,74,11,12,5106,123.0,38,46,22.3499968906737,2115,50,37.62,62.777384462878,16,26,18.0011426294524,3.0,80.6078147612156,12.2286541244573,-24.801013024602,-1.14135685780298,43,0.276595744680851,29.9808093450146,0.509803921568627,11.009009009009,74.3505211817644,48.4922674248173,0.472727272727272,16.8666666666666,22,66,94,10.5625,16.8666666666666,21.9111245465538,21.9202243125904,94.0,196.384615384615,71.4562803397993,58.8085106382978,56.5508620623947,4430,43.8634243989226,16.5718134191765,52,22,154.235606191915,2.36170212765957,2811.4,54.2166666666666,762.134536857941,2503.91304347826,21,14,7,10.5625,27.0188679245283,13.5,1
Roy T. Fielding,29,761,5,152.2,1.74942528735632,9,27,5,4,700,43.0,12,16,9.72412944297327,429,20,6.33,23.302360395462,7,9,8.34856887839259,1.73205080756887,81.3403416557161,10.6438896189224,-15.5059132720105,-1.13137557959814,9,0.310344827586206,47.2344827586206,1.8,3.07058823529411,27.5862284482674,23.8327505756259,0.3,5.61666666666666,8,27,29,3.68181818181818,5.61666666666666,7.92729970326409,7.93561103810775,29.0,77.7777777777777,26.4575131106459,26.2413793103448,19.672315572906,619,15.5884572681198,5.75641934160148,20,9,27.9179509634682,2.93103448275862,427.8,13.8999999999999,301.130582249858,348.1875,7,5,3,3.68181818181818,10.2631578947368,2.33333333333333,1
Ryoko Yanai,4,69,2,34.5,6.9,3,4,3,2,69,28.0,4,4,3.8,56,3,0.59,7.6811457478686,3,3,3.74453530429712,1.41421356237309,86.9565217391304,13.0434782608695,0.0,0.0,3,0.75,25.875,1.5,0.631578947368421,8.30662386291807,7.07106781186547,0.15,0.7,3,5,4,0.642857142857142,0.7,2.9322033898305,2.94202898550724,4.0,23.0,8.30662386291807,17.25,9.16515138991168,60,3.46410161513775,1.38873014965882,4,2,3.66111111111111,4.75,17.0,0.899999999999999,0.25,45.0,2,2,1,0.642857142857142,5.42857142857142,1.0,1
Ryutaro Himeno,147,1477,34,43.4411764705882,0.135778635778635,20,36,8,6,1135,53.5,28,31,18.8628029502717,602,50,8.72,29.5296461204668,0,20,12.1194523159992,3.74165738677394,49.7630331753554,27.0819228165199,-148.612051455653,-1.64197530864197,31,0.136054421768707,5.91036414565826,0.588235294117647,6.13778705636743,38.4317577011512,22.2463480148989,0.526315789473684,8.26666666666666,12,18,147,4.81927710843373,8.26666666666666,11.8533333333333,11.91807718348,147.0,56.75,33.689761055846,10.047619047619,32.7108544675922,735,26.8328157299974,9.81761387347631,16,10,72.2758371863148,3.25850340136054,398.283333333333,54.25,33.3451684767474,474.193548387096,11,9,4,4.81927710843373,21.1219512195121,3.83333333333333,1
S. Bay John,47,1257,106,11.8584905660377,1.11436170212765,14,35,7,5,1155,52.0,19,23,12.9658844849884,484,30,8.71,28.49561369755,10,14,10.7415193691608,1.41421356237309,76.2927605409705,15.5926809864757,-28.24184566428,-1.13935969868173,14,0.297872340425531,3.53231633881975,0.132075471698113,6.58,35.4541958024716,31.8119474411737,0.114754098360655,8.91666666666666,13,27,47,6.53333333333333,8.91666666666666,12.8702702702702,12.8854415274463,47.0,82.5,33.9852909359328,26.7446808510638,26.981475126464,959,22.1359436211786,9.56382071489562,24,14,49.8788650243815,2.12765957446808,640.083333333333,27.8333333333333,302.844180225281,583.739130434782,12,7,3,6.53333333333333,15.4482758620689,1.64285714285714,1
S. Kilby Jack,70,1996,106,18.8301886792452,0.803219315895372,21,43,7,6,1620,40.0,29,32,19.8810376076912,612,50,12.18,33.4813380855664,5,21,12.7335075802876,1.0,60.1202404809619,22.0941883767535,-33.7174348697394,-1.47473200612557,37,0.3,5.64905660377358,0.198113207547169,10.8888888888888,44.6766158073773,33.0681115275729,0.143835616438356,14.0666666666666,15,39,70,8.01818181818181,14.0666666666666,14.8647342995169,14.9018036072144,70.0,77.1428571428571,40.2492235949962,28.5142857142857,28.9827534923788,1179,30.0499584026334,12.9762019937198,26,21,37.5150337357815,1.92857142857142,904.9,47.5666666666666,131.80828973843,773.71875,14,4,2,8.01818181818181,22.0232558139534,11.0,1
S. Trivedi Kishor,29,13446,17,790.941176470588,30.9103448275862,29,29,16,20,13446,287.0,29,29,18.4981415424237,4800,29,70.69,95.5562661472286,29,29,23.59617438039,5.0,93.7453517774803,6.2546482225197,0.0,0.0,29,1.0,790.941176470588,1.70588235294117,6.67460317460317,115.956888540526,71.7950787542804,0.878787878787878,7.15952380952381,28,30,29,6.67460317460317,7.15952380952381,27.9447392359005,27.9457831325301,29.0,463.655172413793,115.956888540526,463.655172413793,91.2304773636529,12605,29.0,13.9127097311592,29,27,669.032473778371,4.34482758620689,4284.17142857142,7.15952380952381,0.0344827586206896,12605.0,27,24,14,6.67460317460317,28.3728813559322,-1.02105263157894,1
S. Yu Philip,689,105174,36,2921.5,0.442455985360005,148,307,26,46,78407,289.5,209,236,130.649507982732,23320,402,413.44,240.024998698052,40,148,55.2054908593,14.560219778561,53.7233536805674,20.8264399946754,-50.6760225911346,-2.01766920923047,647,0.214804063860667,627.55007256894,4.11111111111111,43.7272727272727,324.305411610723,105.124418829991,3.14893617021276,78.9666666666667,84,156,689,40.4879852125693,78.9666666666667,83.8957743921811,83.9344990206705,689.0,529.777027027027,280.012499720994,152.647314949201,206.992753496348,56503,213.157218972288,77.4094426504949,149,99,6057.82142041783,3.38461538461538,30889.5476190476,224.192857142857,447.14080857855,35434.0847457627,83,67,35,40.4879852125693,149.013468013468,30.0,1
Sachchida Nand Tripathi,103,2225,23,96.7391304347826,0.415421956684092,24,46,8,6,1880,41.0,32,35,20.6546230515429,706,47,14.25,36.3180395946697,3,24,13.8351776502741,1.41421356237309,59.6853932584269,25.8876404494382,-70.6516853932584,-1.32294264339152,41,0.233009708737864,22.5411566061629,1.04347826086956,5.84397163120567,47.169905660283,34.2296168057234,1.0,9.8,11,21,103,5.09734513274336,9.8,10.9298245614035,10.9550561797752,103.0,78.3333333333333,43.3589667773576,21.6019417475728,31.3687742827162,1304,33.2264954516723,11.0605733660529,20,11,495.924528004675,4.10679611650485,520.383333333333,28.3166666666666,128.131143574388,894.171428571428,10,23,12,5.09734513274336,25.0612244897959,6.25,1
Sambit Das,99,1463,14,104.5,0.295555555555555,20,35,6,5,1059,32.0,26,29,19.3430754697156,442,50,7.91,27.5317997958724,3,20,11.6486349442894,4.12310562561766,46.4114832535885,27.3410799726589,-81.5447710184552,-1.91573033707865,35,0.202020202020202,21.1111111111111,1.42857142857142,4.58333333333333,38.2491829978105,21.1571500916356,1.33333333333333,8.66666666666666,9,16,99,4.34782608695652,8.66666666666666,8.9155672823219,8.95625427204374,99.0,52.95,32.5422801905459,14.7777777777777,25.298221281347,659,26.4575131106459,9.32504808240313,15,8,477.033072483072,4.36363636363636,366.819047619047,26.8690476190475,41.5240162037037,454.482758620689,8,18,12,4.34782608695652,21.0731707317073,5.25,1
Sammet Jean,143,1776,72,24.6666666666666,0.172494172494172,19,41,6,5,1448,37.5,25,29,18.2583434284559,680,41,12.76,32.0936130717624,1,19,11.859453172482,1.0,62.2747747747747,20.3265765765765,-115.202702702702,-1.38860544217687,30,0.132867132867132,3.27738927738927,0.263888888888888,11.9691629955947,42.1426150114109,34.7059072781565,0.25,17.25,19,41,143,13.8846153846153,17.25,18.7762430939226,18.8175675675675,143.0,76.2105263157894,38.0525951808808,12.4195804195804,26.6926956300782,1087,27.9105714739057,16.242157871037,38,19,40.3879628690127,1.58741258741258,1581.54285714285,119.092857142857,58.9628623803381,712.172413793103,18,4,2,13.8846153846153,20.025641025641,10.0,1
Sandhu Ravi,99,35595,16,2224.6875,7.19090909090909,65,99,17,23,34230,169.0,89,99,45.8370418978836,10437,99,234.62,161.471359689574,99,66,33.9277801123728,1.0,84.2955471274055,11.8696446130074,-2.37392892260148,-1.07792286668691,99,0.656565656565656,1460.6534090909,4.0625,30.7894736842105,188.666372202361,83.6627583985679,1.80555555555555,43.65,50,100,99,31.2962962962962,43.65,49.9271430738886,49.932546705998,99.0,526.615384615384,185.013513019995,359.545454545454,104.809350727881,30005,80.2184517427256,45.1027633217662,99,65,1389.91775699716,2.11111111111111,23452.7499999999,54.3166666666666,9016.2937062937,19700.2525252525,49,28,15,31.2962962962962,66.0076335877862,33.5,1
Sanghamitra Bandyopadhyay,299,23470,28,838.214285714285,0.523299888517279,69,146,16,22,17889,142.0,96,110,62.5237823026411,5208,186,114.3,114.878196364671,16,70,31.3843947657995,5.29150262212918,56.2292288027268,20.2854708138048,-44.1329356625479,-1.85145825009988,230,0.23076923076923,193.434065934065,2.46428571428571,23.7684331797235,153.19921670818,73.6194688277237,1.97142857142857,43.5666666666666,46,89,299,23.0,43.5666666666666,45.8733266608282,45.9137196420963,299.0,259.260869565217,133.749766354936,78.4949832775919,98.9848473252345,13128,100.369318020996,39.8371685740841,84,57,1722.60524145404,2.90301003344481,8960.76666666666,120.916666666666,255.735288406929,8234.83636363636,45,38,16,23.0,70.0,70.0,1
Sanjay Ghemawat,139,41645,30,1388.16666666666,4.28006166495375,44,139,14,15,40742,92.0,58,71,33.3060311317412,24384,79,377.24,186.322301402703,17,45,28.3880677503745,1.73205080756887,93.2885100252131,4.64881738504022,-7.97454676431744,-1.03840284206049,78,0.316546762589928,439.419664268585,1.46666666666666,14.1574074074074,204.07106605298,154.88544153664,1.29411764705882,18.1,25,140,139,11.6626506024096,18.1,24.9854438856738,24.98616880778,139.0,925.954545454545,201.846476313063,299.604316546762,63.6238948823474,38806,78.2048591840686,22.6529606565239,120,40,2210.07518515716,3.10791366906474,14527.4333333333,54.5,14225.4501218582,24048.7887323943,24,21,13,11.6626506024096,45.0,45.0,1
Sanjeev Arora,89,24187,24,1007.79166666666,6.03920099875156,62,89,17,21,23323,156.0,81,89,41.6259747968293,6128,89,141.43,132.109802815688,89,62,31.6242626531494,1.41421356237309,80.5349981394964,15.892834994005,-3.34477198495059,-1.07007104795737,89,0.696629213483146,702.057116104869,2.58333333333333,19.0275862068965,155.521702665576,79.7905591742114,1.67567567567567,28.2666666666666,39,90,89,18.4807692307692,28.2666666666666,38.9314079422382,38.9402985074626,89.0,376.177419354838,152.718695646603,271.76404494382,98.3463268251539,19479,74.2832417170925,33.8497812741484,89,47,1250.77349946676,3.25842696629213,9349.05,33.8333333333333,7336.05650488972,13569.6404494382,38,30,15,18.4807692307692,63.024,16.25,1
Santos Eunice,133,1542,48,32.125,0.173044551677701,16,37,6,4,1163,33.0,21,25,17.3797743336387,518,47,10.94,28.3725219182222,2,16,10.7301176020881,1.41421356237309,59.8573281452658,16.6018158236057,-97.7302204928664,-1.69759036144578,27,0.120300751879699,3.86466165413533,0.333333333333333,6.44848484848484,39.2683078321437,31.8590646441479,0.307692307692307,9.43333333333333,10,30,133,4.74074074074074,9.43333333333333,9.92196531791907,9.94747081712062,133.0,72.6875,34.1027858099598,11.593984962406,22.9782505861521,907,24.3310501211928,8.70929686322907,18,10,70.0818409181859,2.48120300751879,528.016666666666,75.8833333333333,37.6564966134344,580.48,9,7,3,4.74074074074074,17.060606060606,5.66666666666666,1
Satoshi Matsuoka,809,663236,56,11843.5,2.02425185795601,522,809,44,119,583330,798.5,688,715,333.588054421381,281503,711,1344.79,645.053486154442,702,524,128.016352426575,23.895606290697,46.8680831559203,41.0840183584727,-10.5404411099518,-1.3144801228703,735,0.645241038318912,7641.91223733003,9.32142857142857,116.079714128642,814.39302551041,253.532965692714,9.0,176.57619047619,197,389,809,113.535,176.57619047619,196.893586550953,196.942077933043,809.0,1117.49042145593,763.760433643953,819.822002472187,645.61366156549,310846,649.844596807575,243.444593285618,370,503,52492.7041740203,4.49690976514215,177999.49047619,207.57857142857,5984.86682729834,226939.317482517,196,208,95,113.535,523.001913875598,175.0,1
Scott Devine,66,10177,22,462.590909090909,4.60289461781999,36,66,15,18,9928,187.0,47,55,25.2480119135795,4080,48,53.66,88.4985875593503,42,37,23.3359186409865,2.82842712474619,84.8187088532966,12.734597622089,-8.16547116045986,-1.04076170869788,45,0.545454545454545,252.322314049586,1.63636363636363,10.7999999999999,100.881118153993,68.8908557066901,0.972972972972973,13.5333333333333,27,56,66,9.52941176470588,13.5333333333333,26.9274054982817,26.9335757099341,66.0,275.777777777777,99.6393496566492,154.196969696969,82.048765987064,8632,48.7442304278157,18.5218471953909,53,27,468.742691643853,3.33333333333333,2859.99999999999,25.2666666666666,6148.06230984544,5650.03636363636,26,22,12,9.52941176470588,37.0821917808219,6.14285714285714,1
Scott Futral,4,3,21,0.142857142857142,0.3,1,1,1,0,2,2.0,1,1,2.33333333333333,2,2,0.03,1.41421356237309,0,2,1.18920711500272,1.0,33.3333333333333,33.3333333333333,-66.6666666666666,0.0,0,0.25,0.0357142857142857,0.0476190476190476,0.307692307692307,1.73205080756887,1.41421356237309,0.04,0.666666666666666,1,5,4,0.333333333333333,0.666666666666666,-0.333333333333333,-0.333333333333333,4.0,2.0,1.41421356237309,0.75,1.41421356237309,1,1.0,0.577350269189625,0,0,0.182857142857142,3.25,1.0,1.25,1.5,1.0,0,0,0,0.333333333333333,2.33333333333333,1.5,1
Scott Shenker,689,169032,44,3841.63636363636,0.711099892724175,162,410,33,59,154922,461.0,227,267,116.979252900548,41470,306,909.51,337.908271576769,59,162,65.456547189019,5.3851648071345,76.2222537744332,15.5260542382507,-42.2553126035306,-1.19141241498404,404,0.235123367198838,903.258477371684,3.68181818181818,41.0813397129186,411.135014320113,200.279589906433,3.6,64.4928571428572,95,207,689,38.0347826086956,64.4928571428572,94.9357816167973,94.9477258743906,689.0,956.308641975308,393.601321135994,245.32946298984,273.280076112401,128678,257.720779138974,78.4960813200805,199,155,10781.6027983601,3.94339622641509,42349.2904761904,210.407142857142,2727.75125023776,78074.2921348314,94,97,50,38.0347826086956,163.003076923076,81.5,1
Sean McNee,27,4186,20,209.3,11.074074074074,12,27,8,8,4143,207.0,15,22,10.3150639299055,1812,20,35.33,57.6628129733539,11,12,13.6840969817116,1.41421356237309,95.819397993311,3.44003822264691,-3.44003822264691,-1.00677801984991,12,0.444444444444444,93.0222222222222,0.6,3.48387096774193,64.6993044784872,40.9487484546231,0.5,4.58333333333333,11,28,27,3.27272727272727,4.58333333333333,10.9756986634264,10.976110845676,27.0,345.25,64.3661401670163,155.037037037037,49.8397431775084,3999,18.0,6.26679561440512,27,10,213.513228034435,3.44444444444444,1195.4,10.4,20779.964157706,2181.27272727272,10,10,7,3.27272727272727,13.2,2.16666666666666,1
Sergey Brin,173,35296,47,750.978723404255,2.34509334927911,40,173,16,20,34528,187.0,53,68,30.498030707287,18333,78,311.85,168.893457540545,21,40,28.0522205166978,1.0,93.2910244786944,4.53309156844968,-12.8796464188576,-1.03932650766408,63,0.231213872832369,173.636699053007,0.851063829787234,15.5156950672645,187.872297053078,130.798318031999,0.784313725490196,19.6,30,155,173,12.4031007751938,19.6,29.9752165969234,29.9761729374433,173.0,863.2,185.81711438939,204.023121387283,86.4869932417586,32928,83.1865373723416,22.2738418555881,112,36,1587.47806103625,2.57803468208092,12773.75,85.1166666666666,9172.5394990366,19369.4117647058,29,26,16,12.4031007751937,41.0987654320987,4.77777777777777,1
Shahram Ghandeharizadeh,163,3836,32,119.875,0.286996857698638,34,58,9,9,2775,56.0,45,49,30.6892211685428,1216,80,17.41,43.9658958739612,3,34,17.0375319841759,6.16441400296897,43.0917622523461,30.1355578727841,-87.5130344108446,-2.02480705622932,78,0.208588957055214,25.0046012269938,1.0625,11.8672376873661,61.935450268808,34.1760149812701,0.944444444444444,20.4833333333333,21,36,163,11.3333333333333,20.4833333333333,20.8187584956955,20.8957247132429,163.0,81.6176470588235,52.6782687642636,23.5337423312883,43.6348484585428,1619,44.407206622349,19.6299091524472,31,23,146.035594724595,2.86503067484662,1436.87619047619,67.0761904761905,64.3683371067078,1123.38775510204,20,10,4,11.3333333333333,35.0289855072463,11.6666666666666,1
Shaowen Su,1,2,0,2.0,2.0,1,1,1,0,2,2.0,1,1,2.0,2,1,0.02,1.41421356237309,1,1,1.18920711500272,1.0,50.0,50.0,0.0,0.0,0,1.0,2.0,1.0,0.25,1.41421356237309,1.41421356237309,0.0333333333333333,0.25,1,2,1,0.25,0.25,1.5,1.5,1.0,2.0,1.41421356237309,2.0,1.41421356237309,1,1.0,0.5,1,0,0.0666666666666666,4.0,0.5,0.25,1.0,1.0,0,0,0,0.25,1.33333333333333,-3.0,1
Shekhar Shashi,129,9578,23,416.434782608695,1.14227787716159,53,96,13,16,8013,99.0,70,79,41.5405461676814,3010,105,38.79,75.6372923894027,30,53,24.7458826399103,5.91607978309961,54.3328461056588,29.3276258091459,-25.7047400292336,-1.4536923076923,111,0.410852713178294,171.093360296595,2.30434782608695,15.1596452328159,97.8672570372747,44.411428709286,1.29268292682926,24.7666666666666,29,55,129,14.8624338624338,24.7666666666666,28.8741774995987,28.9181457506786,129.0,151.188679245283,89.5153618101384,74.2480620155038,72.4361788058978,5204,71.330218000508,28.0661538994746,49,33,438.868050755014,3.49612403100775,3025.96666666666,41.6166666666666,380.159566089605,3491.2911392405,28,21,11,14.8624338624338,54.0280373831775,14.0,1
Shigenori Fujikawa,28,545,11,49.5454545454545,1.3423645320197,13,23,6,4,511,34.0,15,17,10.5641127266235,253,19,3.19,19.672315572906,12,13,8.90642042996713,3.3166247903554,65.137614678899,31.0091743119266,-31.1926605504587,-1.009765625,13,0.464285714285714,23.0032467532467,1.18181818181818,3.79166666666666,23.3452350598575,14.8492424049174,0.448275862068965,4.38333333333333,9,14,28,3.59574468085106,4.38333333333333,8.84615384615384,8.88256880733945,28.0,39.3076923076923,22.6053091109146,19.4642857142857,21.0237960416286,342,17.2916164657905,6.83700817983011,12,11,26.2877415420617,3.42857142857142,165.983333333333,8.91666666666666,485.680272108843,261.529411764705,8,5,2,3.59574468085106,14.1481481481481,2.8,1
Shravan Veerapaneni,632,20717,103,201.135922330097,0.103570500129981,68,135,16,21,15327,161.0,96,108,60.5839857238348,5530,176,102.71,106.559842342225,4,68,30.9081616147619,5.91607978309961,51.9911184051745,22.3198339527923,-159.429454071535,-1.98076923076923,236,0.10759493670886,21.6412068329851,0.660194174757281,23.3692224034801,143.934012658578,68.4822998797893,0.635514018691588,37.65,43,66,632,20.7354260089686,37.65,42.8639938319198,42.9148525365641,632.0,225.397058823529,123.80226169178,32.7800632911392,104.632690876226,10703,95.8123165360278,37.5500861331883,84,48,1109.96314529238,2.90981012658227,8820.14285714285,301.259523809523,94.8232007454131,6738.92592592592,42,32,15,20.7354260089686,69.0072992700729,34.5,1
Shyong K. Lam,21,4344,8,543.0,18.8051948051948,14,21,8,8,4325,150.5,17,21,11.0546357544547,2442,19,31.32,59.7829407105404,15,14,14.4339323862298,1.73205080756887,95.0506445672191,4.51197053406998,-1.63443830570902,-1.00255102040816,14,0.666666666666666,362.0,1.75,3.675,65.9090282131363,43.6319836816984,0.636363636363636,4.21666666666666,12,22,21,3.37931034482758,4.21666666666666,11.9715093006828,11.9721454880294,21.0,308.928571428571,65.7647321898295,206.857142857142,45.902069670114,4129,17.1464281994822,6.87825158216724,21,13,210.882350260678,3.8095238095238,939.866666666666,6.63333333333333,47087.2180451127,2752.66666666666,11,10,7,3.37931034482758,15.4137931034482,1.46153846153846,1
Shyu Mei-Ling,238,5286,25,211.44,0.185858443795928,41,66,8,7,3805,64.0,52,55,35.1952809105301,2301,100,22.19,51.0881590977792,1,42,19.0914325920442,6.24499799839839,40.1816118047673,31.8009837306091,-124.782444192205,-2.13446088794926,107,0.172268907563025,36.424537815126,1.64,11.203214695752,72.7048829171741,34.1281897166159,1.41379310344827,17.6333333333333,19,36,238,11.0592105263157,17.6333333333333,18.8659495242035,18.938706015891,238.0,92.8048780487805,61.6846820531645,22.2100840336134,51.2249938994627,2124,52.0192272145598,21.2938402262003,34,19,317.056529521539,3.65966386554621,1746.65714285714,74.0392857142858,57.0623698500331,1583.34545454545,18,15,5,11.0592105263157,42.0361445783132,11.25,1
Simon Lam,109,17495,31,564.354838709677,2.91826522101751,62,109,18,23,15700,183.0,89,102,46.9525341596426,6300,109,63.77,108.480412978564,109,63,30.3172889156602,4.24264068711928,67.7679336953415,21.9719919977136,-6.39611317519291,-1.24479129376387,109,0.568807339449541,321.009174311926,2.0,26.2957198443579,132.268665979513,71.1265471837746,1.2156862745098,42.4333333333333,49,94,109,25.7986577181208,42.4333333333333,48.8419427865816,48.8683052300657,109.0,253.225806451612,125.299640861416,160.504587155963,106.517604178839,11856,82.2070556582584,39.9939592754142,92,62,663.234565589269,2.35779816513761,8703.56666666666,56.1333333333333,1403.85627763154,7206.58823529411,48,28,13,25.7986577181208,63.008,32.0,1
Simon Peyton Jones,139,20974,31,676.58064516129,2.15560123329907,74,139,16,23,18191,155.5,101,114,56.0067754382851,6016,138,82.45,116.120626935958,139,75,32.5908181213491,5.65685424949238,60.622675693716,26.1085153046629,-9.66434633355583,-1.3457563622271,139,0.532374100719424,360.19401253191,2.38709677419354,23.9766899766899,144.824031155053,81.2162066475788,1.89743589743589,40.5166666666666,47,92,139,23.1054852320675,40.5166666666666,46.8638965716858,46.8991131877562,139.0,245.824324324324,134.874015288342,150.892086330935,107.270685650833,12715,101.419919148064,41.3497993607344,86,61,1108.46611214711,3.08633093525179,8196.86666666666,52.2166666666666,986.301811874252,8253.59649122807,46,35,16,23.1054852320675,75.0134228187919,25.6666666666666,1
Simon Winwood,26,422,20,21.1,1.2022792022792,8,20,5,4,385,40.5,12,14,8.76209225075717,196,16,3.31,17.2916164657905,6,9,7.23290976342116,2.0,76.0663507109004,15.1658767772511,-25.3554502369668,-1.11235955056179,8,0.307692307692307,6.49230769230769,0.4,2.1010101010101,20.5426385841741,17.8185296812054,0.333333333333333,3.68333333333333,7,25,26,1.93939393939393,3.68333333333333,6.89915966386554,6.91469194312796,26.0,48.125,19.6214168703485,16.2307692307692,18.0,321,12.6491106406735,3.93892771133864,9,6,31.8367437740166,3.8076923076923,104.433333333333,8.58333333333333,168.887733887733,183.428571428571,6,5,3,1.93939393939393,9.23529411764705,2.6,1
Simone Melchionna,79,2918,25,116.72,0.923417721518987,30,53,9,9,2386,60.0,41,45,25.4813627803298,1053,60,11.63,41.4125584816973,14,30,16.0547780169156,5.19615242270663,50.9252912954078,30.8430431802604,-32.1110349554489,-1.5077004779607,56,0.379746835443038,44.3240506329113,1.2,9.36758893280632,54.018515344278,30.2282980003836,1.03448275862068,16.1833333333333,19,36,79,9.09090909090909,16.1833333333333,18.8279341476367,18.888965044551,79.0,79.5333333333333,48.8466989672792,36.9367088607594,42.4264068711928,1486,39.8748040747537,16.5144564768954,29,21,179.36208960111,3.20253164556962,1058.55,31.2333333333333,165.659750642428,990.666666666666,18,15,6,9.09090909090909,31.0327868852459,10.6666666666666,1
Singhal Mukesh,235,7937,35,226.771428571428,0.286224305805986,47,86,12,13,6490,97.0,64,71,38.2257944769159,2523,99,39.24,68.7749954561976,7,49,22.7899585358227,5.3851648071345,53.9372558901348,27.8316744361849,-93.0956280710596,-1.513163064833,99,0.2,45.3542857142857,1.34285714285714,20.6835205992509,89.0898422941695,46.0206475399901,1.2051282051282,29.7,32,64,235,20.4537037037037,29.7,31.8264089595375,31.8789215068665,235.0,138.085106382978,80.5605362444913,33.7744680851063,67.5203672975791,4281,63.5767253010093,31.005226560599,60,36,291.067773425124,2.27234042553191,4127.01666666666,118.783333333333,151.483274272522,2833.9014084507,31,16,8,20.4537037037037,48.0105263157894,24.5,1
Sitharama Iyengar S.,19,1458,14,104.142857142857,7.67368421052631,19,19,9,9,1458,82.0,19,19,13.1810482770852,820,19,4.46,33.9116499156263,19,19,12.7787634989184,3.16227766016837,75.2400548696845,24.7599451303155,0.0,0.0,19,1.0,104.142857142857,1.35714285714285,5.640625,38.1837661840735,23.9930545505708,0.475,6.03333333333333,15,20,19,5.640625,6.03333333333333,14.8444444444444,14.8655692729766,19.0,76.7368421052631,38.1837661840735,76.7368421052631,39.4715087119811,1097,19.0,10.3523849909091,19,18,46.8718372271003,3.36842105263157,463.166666666666,6.03333333333333,0.0526315789473684,1097.0,14,9,3,5.640625,19.1794871794871,-1.06451612903225,1
Snir Marc,287,18268,117,156.136752136752,0.442024777390631,64,133,16,21,16131,147.0,85,96,47.8782088454003,5032,120,100.44,108.899035808403,16,64,29.752273980146,6.08276253029821,66.2305671118896,22.4217210422596,-66.7560761988176,-1.26787477083627,127,0.222996515679442,34.8179516960004,0.547008547008547,19.3755274261603,135.159165430983,91.0737796148448,0.52892561983471,31.0499999999999,42,94,287,19.2300469483568,31.0499999999999,41.8831340378198,41.9079811692577,287.0,252.046875,127.007873771668,63.6515679442508,96.9948452238571,12035,92.2605007573663,35.0816619431696,93,46,870.489849159745,3.30313588850174,9199.64285714286,122.935714285714,497.268279236441,8023.33333333333,41,26,13,19.2300469483568,65.0310077519379,13.0,1
Stefan Kral,33,389,85,4.57647058823529,0.693404634581105,9,19,5,3,351,28.0,12,14,9.18161366190877,144,19,2.89,16.1554944214035,4,9,7.22738990864854,2.0,69.4087403598971,20.8226221079691,-45.5012853470437,-1.10903426791277,9,0.272727272727272,1.24812834224598,0.105882352941176,3.1595744680851,19.723082923316,13.3915396177337,0.101123595505617,3.33333333333333,6,11,33,2.13157894736842,3.33333333333333,5.91349480968858,5.93573264781491,33.0,39.0,18.7349939951951,11.7878787878787,15.8745078663875,270,13.076696830622,4.37997837053058,9,5,19.3345346074122,2.84848484848484,106.999999999999,17.45,108.882775119617,173.571428571428,5,5,2,2.13157894736842,10.1052631578947,3.66666666666666,1
Stefano Piana,47,3287,33,99.6060606060606,2.91400709219858,23,47,11,12,3156,133.0,30,36,17.8101764315444,1596,31,17.1,50.5371150739731,24,24,15.7907870076555,3.46410161513775,79.9209005171889,16.0937024642531,-12.8080316397931,-1.06299212598425,28,0.489361702127659,48.7433913604126,0.696969696969697,7.20666666666666,57.3323643328966,36.5588566560826,0.479166666666666,10.2833333333333,19,37,47,7.05333333333333,10.2833333333333,18.8902810700982,18.9014298752662,47.0,137.217391304347,56.1782876207525,69.9361702127659,55.3082272360993,2627,32.8785644455471,12.7368232564743,35,21,179.589053989469,3.19148936170212,1242.91666666666,19.4666666666666,1684.87445184343,1678.36111111111,18,15,7,7.05333333333333,24.0851063829787,5.6,1
Steffen Schmidt,49,9638,39,247.128205128205,7.86775510204081,42,49,13,16,9346,119.0,49,49,28.0325149692496,2652,49,55.78,83.2766473868875,49,42,23.1347877396729,4.12310562561766,79.1035484540361,18.3025523967628,-0.446150653662585,-1.04466717507353,49,0.857142857142857,211.824175824175,1.07692307692307,10.5,98.173316130199,56.7297478023151,0.84,13.9499999999999,26,50,49,10.7560975609756,13.9499999999999,25.9250419764931,25.9351525212699,49.0,222.523809523809,96.6747123088556,196.69387755102,70.6965345685345,7582,45.365184888855,21.2545547485939,49,35,565.110750999373,4.0,2569.83333333333,13.9499999999999,7386.24848979591,6498.85714285714,25,22,13,10.7560975609756,43.0117647058823,21.5,1
Stephan Jaure,379,251309,82,3064.74390243902,3.48991806693514,319,379,34,80,233854,528.0,379,379,190.469375890597,104958,379,508.53,410.92821757577,379,320,90.5669746491582,18.8944436276911,52.5619854442141,40.4923818884321,-0.670489317931311,-1.15786413680451,379,0.841688654353562,2579.56017118218,3.89024390243902,80.4933422103861,501.307290990266,194.515281952484,3.79761904761904,121.297619047619,157,277,379,79.6251956181533,121.297619047619,156.854951185495,156.903163038331,379.0,733.084639498432,483.58453242427,663.084432717678,410.404678335907,132093,347.708211004572,159.375146751903,266,271,18835.8751031316,3.96306068601583,82284.5880952381,121.297619047619,8883.69790482726,111181.179419525,156,149,66,79.6251956181533,320.003129890453,107.333333333333,1
Steve Northover,3,7,2,3.5,1.16666666666666,2,2,1,0,7,3.5,3,2,3.0,6,2,0.04,2.0,2,2,1.93185165257813,1.41421356237309,42.8571428571428,57.1428571428571,0.0,0.0,0,0.666666666666666,2.33333333333333,1.0,1.0,2.64575131106459,2.64575131106459,0.0869565217391304,1.0,2,4,3,1.0,1.0,1.75,1.85714285714285,3.0,3.5,2.64575131106459,2.33333333333333,2.64575131106459,3,2.0,1.41421356237309,1,1,0.320910973084886,2.0,3.5,1.5,0.333333333333333,3.0,1,0,0,1.0,3.6,1.0,1
Steven K. Esser,2,22,107,0.205607476635514,7.33333333333333,2,2,1,1,22,11.0,2,2,3.0,19,2,0.19,4.35889894354067,2,2,2.46798495763437,1.0,81.8181818181818,18.1818181818181,0.0,0.0,1,1.0,0.205607476635514,0.0186915887850467,0.4,4.69041575982343,4.69041575982343,0.0163934426229508,0.4,2,3,2,0.4,0.4,1.94736842105263,1.95454545454545,2.0,11.0,4.69041575982343,11.0,4.69041575982343,18,2.0,0.894427190999915,2,1,1.29125683060109,5.0,4.39999999999999,0.4,0.5,18.0,1,1,1,0.4,2.4,-2.0,1
Steven Silvester,4,38,6,6.33333333333333,3.8,2,4,1,1,36,18.0,4,3,3.4,33,3,0.36,5.74456264653802,3,3,2.73433967423707,1.0,84.2105263157894,10.5263157894736,-5.26315789473684,0.0,1,0.5,3.16666666666666,0.333333333333333,0.444444444444444,6.16441400296897,4.24264068711928,0.142857142857142,0.733333333333333,2,2,4,0.4,0.733333333333333,1.96969696969696,1.97368421052631,4.0,18.0,6.0,9.5,6.0,32,2.82842712474619,0.894427190999915,2,1,4.64285714285714,4.5,7.86666666666666,0.933333333333333,171.0,21.3333333333333,1,1,1,0.4,3.2,2.0,1
Stonebraker Michael,109,29428,31,949.290322580645,4.90875729774812,79,109,20,31,27766,201.0,108,109,53.3883261121969,9672,109,111.06,146.720823334658,109,79,36.7318942461264,5.56776436283002,73.1446241674595,21.2076933532689,-2.39907571020796,-1.11985791222642,109,0.724770642201834,688.017756732761,2.54838709677419,29.8993055555555,171.545912221772,102.895983076762,1.58,48.65,57,110,109,28.7603686635944,48.65,56.8767828376095,56.8934348239771,109.0,351.468354430379,166.631329587205,269.981651376146,126.011904199563,21525,92.7954740275623,47.6662262448367,109,79,1003.8837776395,2.64220183486238,13662.5666666666,54.1833333333333,4510.41548261738,15600.6880733944,56,32,15,28.7603686635944,80.0188679245283,20.25,1
Stuart Feldman,182,6132,38,161.368421052631,0.368221941992433,38,74,11,12,4666,69.5,53,59,34.9526780946165,1581,95,31.52,56.9824534396335,6,39,19.6922894472505,5.56776436283002,52.5440313111546,23.5485975212002,-65.3294194390084,-1.83755404570722,95,0.208791208791208,33.6923076923076,1.0,15.8260869565217,78.3070878018075,46.2376109532777,0.644067796610169,23.8166666666666,27,59,182,12.7787610619469,23.8166666666666,26.8349609375,26.8897586431833,182.0,122.78947368421,68.3081254317522,33.6923076923076,51.3906606301183,3222,53.0282943342514,22.0361729970061,46,31,179.665434746941,2.4010989010989,2745.19999999999,108.666666666666,107.23622625669,2075.18644067796,26,12,6,12.7787610619469,39.025974025974,13.6666666666666,1
Suman Chakraborty,329,13840,21,659.047619047619,0.254950723035829,62,88,11,12,6410,80.0,78,82,64.0760377136873,5454,227,30.36,68.1175454637056,6,62,24.7779300770468,14.2126704035518,18.5404624277456,27.7745664739884,-65.9176300578034,14.0886339937434,311,0.188449848024316,124.197423650311,2.95238095238095,19.0635514018691,117.643529358821,46.397377799469,2.69565217391304,41.2166666666666,35,57,329,21.5955056179775,41.2166666666666,34.7378090269902,34.9164739884393,329.0,103.387096774193,80.0624756049923,42.0668693009118,70.427267446636,2566,73.8647412504775,36.5912742100436,50,44,2041.98284269722,3.25227963525835,5379.38333333333,117.016666666666,36.2918751303963,1940.14634146341,34,38,17,21.5955056179775,63.016,21.3333333333333,1
Sunita Sarawagi,209,6679,45,148.422222222222,0.304351788562314,42,67,9,9,3631,57.5,56,60,43.7751864549781,2160,140,21.47,49.8798556533597,9,46,19.2971910491643,7.74596669241483,27.9532864201227,26.4111393921245,-59.3801467285521,-10.352,177,0.200956937799043,29.8264752791068,0.933333333333333,11.8142664872139,81.7251491280377,34.160684726047,0.84,25.8928571428571,22,32,209,10.690909090909,25.8928571428571,21.8307751343054,21.9339721515196,209.0,86.4523809523809,60.2577795807313,31.956937799043,49.1426495012224,1867,53.0471488394993,21.1900491225995,29,19,635.236363404308,3.55502392344497,2084.3619047619,67.8428571428572,38.0694360722852,1306.9,21,23,10,10.690909090909,43.0117647058823,22.0,1
Svoboda Antonin,79,772,68,11.3529411764705,0.244303797468354,14,26,5,3,595,24.0,19,21,14.1129385778788,214,30,5.05,21.4476105895272,2,14,9.14778663173427,1.41421356237309,53.4974093264248,25.3886010362694,-96.6321243523316,-1.50980392156862,18,0.177215189873417,2.01191362620997,0.205882352941176,11.2857142857142,27.7848879788996,23.6220236220354,0.138613861386138,13.0,14,25,79,12.25,13.0,13.7159663865546,13.7810880829015,79.0,42.5,24.3926218353009,9.77215189873417,18.3303027798233,399,19.0787840283389,13.0958008537087,26,14,13.0634794643768,1.24050632911392,732.0,71.1666666666666,36.5106779529393,266.0,13,2,1,12.25,15.0344827586206,7.5,1
Sylvain Corlay,19,3272,7,467.428571428571,17.2210526315789,10,19,6,6,3239,62.5,14,18,9.56117316745632,2023,16,30.12,52.4976189936267,12,10,11.4086587460731,1.0,95.9352078239608,3.0562347188264,-1.71149144254278,-1.01181959564541,10,0.526315789473684,246.015037593984,1.42857142857142,3.45454545454545,57.2013985843003,44.9073119510249,0.714285714285714,7.43333333333333,9,20,19,4.76190476190476,7.43333333333333,8.98001249219238,8.98044009779951,19.0,323.9,56.9122131005287,172.210526315789,25.0,3139,13.7840487520902,6.90065559342354,19,8,337.046767121767,2.89473684210526,1504.43333333333,10.8166666666666,16902.7240829346,1743.88888888888,8,8,5,4.76190476190476,11.3333333333333,2.125,1
T. Goodrich Michael,179,10113,35,288.942857142857,0.627746741154562,56,95,12,14,7485,97.0,76,83,47.8328045985372,3290,130,36.52,73.287106642301,10,57,24.8699325456105,6.85565460040104,43.5577968950855,31.0095916147532,-42.6777415208147,-1.97691542288557,140,0.312849162011173,90.395530726257,1.6,20.250505050505,100.563412829915,47.5504744355681,1.43589743589743,35.9333333333333,34,61,179,19.2392638036809,35.9333333333333,33.8162645520499,33.8923168199347,179.0,133.660714285714,86.5158944934397,56.4972067039106,73.7021030907531,4349,72.9383301152418,32.8237531828116,56,50,408.466225509276,2.76536312849162,4330.28333333333,79.1166666666667,165.647525565392,2934.26506024096,33,19,8,19.2392638036809,57.0,57.0,1
Taisuke Boku,119,1828,35,52.2285714285714,0.256022408963585,20,39,7,6,1263,35.5,28,31,21.4895883485325,642,62,10.03,29.7153159162072,4,20,12.136051440375,2.44948974278317,47.2100656455142,21.8818380743982,-77.3522975929978,-2.38354253835425,47,0.168067226890756,8.77791116446578,0.571428571428571,4.49056603773584,42.7551166528639,29.3371209675841,0.512820512820512,10.1166666666666,10,22,119,4.39560439560439,10.1166666666666,9.9160621761658,9.95568927789934,119.0,63.15,35.5387112878337,15.3613445378151,26.6458251889484,863,27.9284800875378,9.3761446187699,16,8,100.469595708424,4.45378151260504,417.433333333333,29.1595238095237,34.3387223916115,556.774193548387,9,9,5,4.39560439560439,21.0487804878048,7.33333333333333,1
Takahiro Koishi,24,497,23,21.6086956521739,1.65666666666666,12,22,5,3,472,32.0,14,17,10.1861217331487,264,19,2.43,18.5472369909914,12,12,8.55860265305709,3.46410161513775,65.9959758551307,28.9738430583501,-22.5352112676056,-1.04646017699115,12,0.5,10.8043478260869,0.521739130434782,3.59999999999999,22.2934968096079,18.0877490768383,0.444444444444444,4.21666666666666,9,12,24,3.2,4.21666666666666,8.82887700534759,8.87122736418511,24.0,39.3333333333333,21.7255609824004,20.7083333333333,19.5959179422654,328,16.2480768092719,6.19677335393186,11,8,23.9541178594267,3.33333333333333,142.866666666666,9.25,390.973333333333,231.529411764705,8,6,2,3.2,13.68,1.27777777777777,1
Takashi Shimokawabe,19,456,4,114.0,2.4,8,19,4,3,426,25.0,12,13,8.50454881397144,200,14,3.63,18.1934053986602,8,8,7.21961973633706,1.41421356237309,79.3859649122807,14.0350877192982,-12.5,-1.08436724565756,8,0.421052631578947,48.0,2.0,1.94871794871794,21.3541565040626,17.0391705588427,0.470588235294117,2.69999999999999,5,12,19,1.77777777777777,2.69999999999999,4.95592286501377,4.96491228070175,19.0,53.25,20.6397674405502,24.0,14.1421356237309,362,12.3288280059379,3.77123616632825,10,4,31.564420383538,4.10526315789473,107.95,5.9,340.8,222.76923076923,4,4,3,1.77777777777777,9.35294117647058,2.0,1
Takayuki Aoki,360,9234,42,219.857142857142,0.142105263157894,46,90,12,13,6905,92.0,64,72,41.6221930360845,2563,120,49.72,70.5124102552167,5,48,22.810041500995,3.3166247903554,52.3608403725362,22.9153129737925,-131.698072341347,-1.88247772592278,134,0.127777777777777,28.0928571428571,1.09523809523809,12.2848664688427,96.0937042682818,50.8942258239795,1.0,21.7499999999999,25,46,360,11.2553191489361,21.7499999999999,24.8968666069829,24.9376218323586,360.0,150.108695652173,83.0963296421689,25.65,65.0538238691623,4789,64.3428317685816,22.754003622463,41,32,504.542483700595,3.74444444444444,2487.78333333333,121.62619047619,78.0959921156373,3059.63888888888,24,21,11,11.2553191489361,47.0,47.0,1
Takayuki Aoki (1),360,9234,42,219.857142857142,0.142105263157894,46,90,12,13,6905,92.0,64,72,41.6221930360845,2563,120,49.72,70.5124102552167,5,48,22.810041500995,3.3166247903554,52.3608403725362,22.9153129737925,-131.698072341347,-1.88247772592278,134,0.127777777777777,28.0928571428571,1.09523809523809,12.2848664688427,96.0937042682818,50.8942258239795,1.0,21.7499999999999,25,46,360,11.2553191489361,21.7499999999999,24.8968666069829,24.9376218323586,360.0,150.108695652173,83.0963296421689,25.65,65.0538238691623,4789,64.3428317685816,22.754003622463,41,32,504.542483700595,3.74444444444444,2487.78333333333,121.62619047619,78.0959921156373,3059.63888888888,24,21,11,11.2553191489361,47.0,47.0,1
Tal Ben-Nun,56,1531,218,7.02293577981651,0.959273182957393,19,39,8,7,1415,61.0,25,29,15.5946442069924,624,31,9.23,33.5261092284804,12,19,12.3795815895067,3.46410161513775,68.8438928804702,23.5793598954931,-38.2103200522534,-1.120820668693,23,0.339285714285714,2.38278178243774,0.0871559633027523,4.94883720930232,39.1279950930277,22.5145455629191,0.0855855855855855,6.23333333333333,13,27,56,4.62820512820512,6.23333333333333,12.8829268292682,12.9059438275636,56.0,74.4736842105263,37.616485747608,27.3392857142857,34.0440890610984,1054,27.2213151776324,9.37741421906366,19,12,231.869350442879,3.83928571428571,400.849999999999,17.3166666666666,333.492149014778,690.551724137931,12,14,9,4.62820512820512,20.1025641025641,4.4,1
Tamassia Roberto,273,17223,37,465.486486486486,0.460495708670891,62,128,15,19,14158,121.0,84,95,51.4547014025761,4389,142,93.03,100.876161703347,11,63,28.5204235454057,4.35889894354067,60.2450211925912,22.3189920455205,-58.5205829414155,-1.50279280078021,160,0.227106227106227,105.714879714879,1.67567567567567,22.3003952569169,131.236427869703,84.102898993124,1.51219512195121,36.9333333333333,40,81,273,21.5955056179775,36.9333333333333,39.8786597526924,39.9116878592579,273.0,228.354838709677,118.987394290319,63.087912087912,86.6140866141299,10314,89.0842298052803,36.5912742100436,92,62,592.036279122058,2.78021978021978,9253.51666666666,119.799999999999,298.737965331371,6731.24210526315,39,23,10,21.5955056179775,63.0,63.0,1
Tamassia Roberto (1),273,17223,37,465.486486486486,0.460495708670891,62,128,15,19,14158,121.0,84,95,51.4547014025761,4389,142,93.03,100.876161703347,11,63,28.5204235454057,4.35889894354067,60.2450211925912,22.3189920455205,-58.5205829414155,-1.50279280078021,160,0.227106227106227,105.714879714879,1.67567567567567,22.3003952569169,131.236427869703,84.102898993124,1.51219512195121,36.9333333333333,40,81,273,21.5955056179775,36.9333333333333,39.8786597526924,39.9116878592579,273.0,228.354838709677,118.987394290319,63.087912087912,86.6140866141299,10314,89.0842298052803,36.5912742100436,92,62,592.036279122058,2.78021978021978,9253.51666666666,119.799999999999,298.737965331371,6731.24210526315,39,23,10,21.5955056179775,63.0,63.0,1
Tan Kian-Lee,406,15173,30,505.766666666666,0.183645804335459,66,112,13,15,10500,112.0,87,95,58.2874491634372,4488,170,60.92,86.4175908018732,4,67,27.8698884440303,8.12403840463596,40.4929809530086,28.7088907928557,-117.096157648454,-2.50585440352961,213,0.162561576354679,82.2182266009852,2.2,19.2638389647735,123.178731930475,53.14857880105,1.94117647058823,33.9999999999999,34,54,406,17.2173913043478,33.9999999999999,33.8584795321637,33.9282277730178,406.0,159.090909090909,102.469507659595,37.371921182266,85.9767410408187,6144,85.9767410408187,33.7097586180464,48,43,878.463590566506,3.42610837438423,4280.36666666666,137.95,83.9728594936428,4268.46315789473,33,27,11,17.2173913043478,67.0150375939849,23.0,1
Tan Kian-Lee (1),406,15173,30,505.766666666666,0.183645804335459,66,112,13,15,10500,112.0,87,95,58.2874491634372,4488,170,60.92,86.4175908018732,4,67,27.8698884440303,8.12403840463596,40.4929809530086,28.7088907928557,-117.096157648454,-2.50585440352961,213,0.162561576354679,82.2182266009852,2.2,19.2638389647735,123.178731930475,53.14857880105,1.94117647058823,33.9999999999999,34,54,406,17.2173913043478,33.9999999999999,33.8584795321637,33.9282277730178,406.0,159.090909090909,102.469507659595,37.371921182266,85.9767410408187,6144,85.9767410408187,33.7097586180464,48,43,878.463590566506,3.42610837438423,4280.36666666666,137.95,83.9728594936428,4268.46315789473,33,27,11,17.2173913043478,67.0150375939849,23.0,1
Tanja Braun,119,1334,25,53.36,0.186834733893557,21,32,6,5,877,41.0,27,29,20.4545294649447,441,51,6.09,26.1342686907439,0,21,11.5442326416929,4.58257569495584,34.2578710644677,33.0584707646176,-121.51424287856,-2.5207468879668,42,0.176470588235294,9.41647058823529,0.84,4.84302325581395,36.5239647354993,23.155272977589,0.75,9.46666666666666,10,14,119,4.2,9.46666666666666,9.85663716814159,9.93928035982009,119.0,41.7619047619047,29.6141857899216,11.2100840336134,29.3428015022424,436,25.9229627936314,9.39148550549911,11,12,192.132608473397,4.33613445378151,290.366666666666,32.1595238095238,23.0886593169377,315.724137931034,9,15,6,4.2,22.0232558139534,11.0,1
Tanja Braun (1),119,1334,25,53.36,0.186834733893557,21,32,6,5,877,41.0,27,29,20.4545294649447,441,51,6.09,26.1342686907439,0,21,11.5442326416929,4.58257569495584,34.2578710644677,33.0584707646176,-121.51424287856,-2.5207468879668,42,0.176470588235294,9.41647058823529,0.84,4.84302325581395,36.5239647354993,23.155272977589,0.75,9.46666666666666,10,14,119,4.2,9.46666666666666,9.85663716814159,9.93928035982009,119.0,41.7619047619047,29.6141857899216,11.2100840336134,29.3428015022424,436,25.9229627936314,9.39148550549911,11,12,192.132608473397,4.33613445378151,290.366666666666,32.1595238095238,23.0886593169377,315.724137931034,9,15,6,4.2,22.0232558139534,11.0,1
Tardos Eva,181,26353,38,693.5,1.59996357233926,64,162,17,25,24656,195.0,89,105,46.9088266615962,7512,109,154.16,136.113922873451,40,64,33.0613915744215,3.46410161513775,78.0176829962433,15.542822449057,-21.9709331005957,-1.13682564503518,111,0.353591160220994,245.215469613259,1.68421052631578,23.0756972111553,162.336071161033,109.555617534352,1.52380952380952,34.7833333333333,45,121,181,22.5054945054945,34.7833333333333,44.9152698148715,44.9265358782681,181.0,385.25,157.022291411124,145.596685082872,111.713920350151,20560,101.823376490862,37.9519650130483,105,45,1211.01963169291,2.77348066298342,11281.1333333333,78.2666666666666,2115.39886116871,12531.8095238095,44,35,16,22.5054945054945,65.0155038759689,22.0,1
Tardos Eva (1),181,26353,38,693.5,1.59996357233926,64,162,17,25,24656,195.0,89,105,46.9088266615962,7512,109,154.16,136.113922873451,40,64,33.0613915744215,3.46410161513775,78.0176829962433,15.542822449057,-21.9709331005957,-1.13682564503518,111,0.353591160220994,245.215469613259,1.68421052631578,23.0756972111553,162.336071161033,109.555617534352,1.52380952380952,34.7833333333333,45,121,181,22.5054945054945,34.7833333333333,44.9152698148715,44.9265358782681,181.0,385.25,157.022291411124,145.596685082872,111.713920350151,20560,101.823376490862,37.9519650130483,105,45,1211.01963169291,2.77348066298342,11281.1333333333,78.2666666666666,2115.39886116871,12531.8095238095,44,35,16,22.5054945054945,65.0155038759689,22.0,1
Tetsu Narumi,789,94835,105,903.190476190476,0.304294813174824,156,307,25,46,89936,349.5,197,218,97.0639410199486,29832,201,471.7,253.82474268676,17,156,57.9125506231086,10.6301458127346,69.1727737649602,25.6614119259766,-98.9581905414667,-1.10394290476693,217,0.197718631178707,178.577584646025,1.48571428571428,36.5451306413301,307.952918479432,148.397784285859,1.43119266055045,67.0285714285714,95,162,789,40.4252491694352,67.0285714285714,94.8828443006589,94.9068276480202,789.0,576.51282051282,299.893314363625,120.196451204055,233.49946466748,65600,218.842409052724,79.4124604229833,168,155,4361.23100325442,4.26869455006337,29938.0261904762,251.80714285714,2206.57032771748,46943.119266055,94,60,28,40.4252491694352,157.022364217252,20.25,1
Tetsu Narumi (1),789,94835,105,903.190476190476,0.304294813174824,156,307,25,46,89936,349.5,197,218,97.0639410199486,29832,201,471.7,253.82474268676,17,156,57.9125506231086,10.6301458127346,69.1727737649602,25.6614119259766,-98.9581905414667,-1.10394290476693,217,0.197718631178707,178.577584646025,1.48571428571428,36.5451306413301,307.952918479432,148.397784285859,1.43119266055045,67.0285714285714,95,162,789,40.4252491694352,67.0285714285714,94.8828443006589,94.9068276480202,789.0,576.51282051282,299.893314363625,120.196451204055,233.49946466748,65600,218.842409052724,79.4124604229833,168,155,4361.23100325442,4.26869455006337,29938.0261904762,251.80714285714,2206.57032771748,46943.119266055,94,60,28,40.4252491694352,157.022364217252,20.25,1
Thierry Coquand,291,7517,89,84.4606741573033,0.176928870686814,42,81,11,12,5443,65.0,57,64,39.219291498081,1976,110,41.09,62.6897120746299,6,42,20.9583807165579,2.82842712474619,49.501130770254,23.4668085672475,-112.07928694958,-2.06811677160847,118,0.144329896907216,12.1902003938376,0.47191011235955,21.4797891036906,86.7006343690748,60.9829211063775,0.451612903225806,31.8333333333333,30,72,291,20.2758620689655,31.8333333333333,29.8269191191603,29.8881202607423,291.0,129.595238095238,73.7766900856903,25.8316151202749,52.2494019104525,3679,58.3266662856707,29.1819500187453,63,34,322.469474280233,1.95532646048109,4856.03333333333,191.466666666666,69.72756345212,2414.34375,29,17,8,20.2758620689655,43.0117647058823,21.5,1
Thierry Coquand (1),291,7517,89,84.4606741573033,0.176928870686814,42,81,11,12,5443,65.0,57,64,39.219291498081,1976,110,41.09,62.6897120746299,6,42,20.9583807165579,2.82842712474619,49.501130770254,23.4668085672475,-112.07928694958,-2.06811677160847,118,0.144329896907216,12.1902003938376,0.47191011235955,21.4797891036906,86.7006343690748,60.9829211063775,0.451612903225806,31.8333333333333,30,72,291,20.2758620689655,31.8333333333333,29.8269191191603,29.8881202607423,291.0,129.595238095238,73.7766900856903,25.8316151202749,52.2494019104525,3679,58.3266662856707,29.1819500187453,63,34,322.469474280233,1.95532646048109,4856.03333333333,191.466666666666,69.72756345212,2414.34375,29,17,8,20.2758620689655,43.0117647058823,21.5,1
Thomas A. Maier,16,591,27,21.8888888888888,4.34558823529411,11,16,6,5,573,41.0,16,16,9.5137273256051,284,14,3.69,20.591260281974,14,11,8.63025156176181,2.0,76.4805414551607,20.4737732656514,-5.92216582064297,-1.01950354609929,11,0.6875,15.0486111111111,0.407407407407407,3.82608695652173,24.3104915622864,13.4999999999999,0.255813953488372,5.73333333333333,10,17,16,3.55882352941176,5.73333333333333,9.85191956124314,9.86294416243654,16.0,52.090909090909,23.9374184071716,36.9375,21.2367605815953,452,13.2664991614216,6.25676104893973,14,11,33.9409864721082,2.875,211.899999999999,7.73333333333333,1175.84375,310.75,9,7,4,3.55882352941176,12.1304347826086,3.25,1
Thomas A. Maier (1),16,591,27,21.8888888888888,4.34558823529411,11,16,6,5,573,41.0,16,16,9.5137273256051,284,14,3.69,20.591260281974,14,11,8.63025156176181,2.0,76.4805414551607,20.4737732656514,-5.92216582064297,-1.01950354609929,11,0.6875,15.0486111111111,0.407407407407407,3.82608695652173,24.3104915622864,13.4999999999999,0.255813953488372,5.73333333333333,10,17,16,3.55882352941176,5.73333333333333,9.85191956124314,9.86294416243654,16.0,52.090909090909,23.9374184071716,36.9375,21.2367605815953,452,13.2664991614216,6.25676104893973,14,11,33.9409864721082,2.875,211.899999999999,7.73333333333333,1175.84375,310.75,9,7,4,3.55882352941176,12.1304347826086,3.25,1
Thomas Clark,669,46259,149,310.463087248322,0.20640742475961,98,187,18,27,29070,176.0,135,150,94.5235056006195,10092,315,172.41,145.437271701582,11,98,39.1717714131886,10.770329614269,42.0804600185909,20.7613653559307,-83.8063944313539,-3.80614459843045,622,0.146487294469357,45.4788976836107,0.657718120805369,29.7198549410698,215.079055233186,95.0366345403808,0.649006622516556,53.6595238095238,51,101,669,24.0701754385964,53.6595238095238,50.8906625847364,50.9459564625262,669.0,296.632653061224,170.499266860593,69.1464872944693,131.331641275056,19466,135.373557240696,48.5682735227685,92,98,5341.09225433529,3.29745889387145,15830.569047619,282.742857142856,116.94039127641,12717.7866666666,50,56,28,24.0701754385964,99.0101522842639,33.3333333333333,1
Thomas Kluyver,24,3679,5,735.8,12.2633333333333,13,24,7,6,3652,65.0,16,22,10.7409274911167,2023,20,30.83,52.4976189936267,13,13,12.8475614238953,1.0,94.6724653438434,4.59363957597173,-2.93558032073933,-1.00688705234159,13,0.541666666666666,398.558333333333,2.6,2.94339622641509,60.654760736483,36.6674242345982,1.08333333333333,4.05952380952381,10,25,24,2.86440677966101,4.05952380952381,9.97709923664122,9.97798314759445,24.0,280.923076923076,60.4317797189525,153.291666666666,29.0688837074972,3483,17.6635217326556,6.1022363224963,24,9,470.088311688311,4.41666666666666,793.733333333333,7.55952380952381,20734.1172839506,2058.13636363636,9,12,6,2.86440677966101,14.5925925925925,1.29411764705882,1
Thomas Schulthess,75,1065,27,39.4444444444444,0.373684210526315,21,32,7,5,932,39.0,26,29,16.5005153291452,532,30,5.39,26.3438797446389,2,21,11.7576952146482,4.35889894354067,48.075117370892,41.4084507042253,-95.8685446009389,-1.14982578397212,26,0.28,11.0444444444444,0.777777777777777,6.5625,32.6343377441614,21.2190951739229,0.677419354838709,7.21666666666666,11,15,75,5.31325301204819,7.21666666666666,10.8387096774193,10.9061032863849,75.0,44.3809523809523,30.5286750449474,14.2,28.6181760425083,491,25.9229627936314,10.5630636300749,13,10,61.6274084056339,3.2,277.066666666666,33.5428571428571,120.826785714285,355.551724137931,10,9,3,5.31325301204819,22.0232558139534,11.0,1
Thomas W. Reps,55,1378,31,44.4516129032258,0.894805194805194,12,37,6,5,1307,46.0,17,21,11.5890044265398,520,21,11.73,31.7017349682947,5,12,10.3828459740446,1.0,84.3976777939042,10.4499274310595,-32.2206095791001,-1.06094627105052,14,0.218181818181818,9.69853372434017,0.387096774193548,4.15094339622641,37.1214223865411,27.3922130054023,0.31578947368421,6.1,10,26,55,3.89189189189189,6.1,9.93493975903614,9.94121915820029,55.0,108.916666666666,36.1524549650504,25.0545454545454,23.4946802489414,1163,21.0713075057054,6.83393756941799,25,10,94.6921167008202,2.89090909090909,647.366666666666,26.45,461.215364916773,664.571428571428,9,7,4,3.89189189189189,13.08,4.66666666666666,1
Thomas Y. C. Woo,33,2321,12,193.416666666666,4.13725490196078,17,33,9,9,2228,103.5,23,27,14.0020583200201,990,23,14.81,42.0594816896261,18,18,13.1855673108658,2.44948974278317,84.2740198190435,12.4515295131408,-8.44463593278759,-1.04666056724611,21,0.515151515151515,99.6388888888888,1.41666666666666,6.75903614457831,48.1767578817836,34.539832078341,0.515151515151515,9.58333333333333,13,34,33,6.88095238095238,9.58333333333333,12.9326473339569,12.9379577768203,33.0,131.058823529411,47.2016948848237,70.3333333333333,41.9463943623286,1939,23.685438564654,10.8155531747659,33,13,82.4663913834075,2.51515151515151,1310.81666666666,15.4,2077.6096491228,1220.85185185185,12,10,6,6.88095238095238,18.0,18.0,1
Thuraisingham Bhavani,108,1436,10,143.6,0.243968739381583,21,35,7,5,1030,32.0,28,30,20.277100985898,500,50,7.29,27.0,2,22,11.8535975563879,4.47213595499958,41.016713091922,30.7103064066852,-98.9554317548746,-2.05891472868217,39,0.194444444444444,27.9222222222222,2.1,9.18218623481781,37.8945906429928,20.2981936798983,0.567567567567567,14.75,14,28,108,9.1875,14.75,13.7949029126213,13.8823119777158,108.0,49.047619047619,32.0936130717624,13.2962962962962,25.9229627936314,589,27.1108834234519,13.8901943830891,25,18,48.1797800972946,2.28703703703703,835.783333333333,65.05,33.7319832147418,412.3,13,6,3,9.1875,22.0465116279069,8.0,1
Tim Berners-Lee,709,60596,154,393.480519480519,0.240751703450604,76,239,22,28,52178,197.5,108,133,68.7126096125559,16704,200,446.08,204.479827855952,14,76,39.529784365712,2.0,76.5760116179285,9.5319823090633,-65.4977226219552,-1.36619139956655,359,0.107193229901269,42.1784477863462,0.493506493506493,38.7375988497483,246.162547923114,112.071703238001,0.481012658227848,49.2666666666666,60,174,709,25.9013452914798,49.2666666666666,59.9312123307973,59.942553963958,709.0,686.552631578947,228.425042409977,85.4668547249647,122.515305166334,46402,134.773884710651,44.3678063707511,159,76,3436.37879590796,1.96191819464033,28952.7499999999,517.533333333332,529.756420270754,26515.4285714285,59,38,25,25.9013452914798,77.0196078431372,19.75,1
Timo Schneider,62,1376,20,68.8,0.704557091653865,21,37,7,6,1257,39.0,25,29,16.2034774153428,493,30,8.26,30.3315017762062,6,21,12.3757916079537,4.12310562561766,60.828488372093,32.0494186046511,-55.3779069767441,-1.095,24,0.338709677419354,23.3032258064516,1.05,6.7461139896373,37.0944739819828,25.7843621858934,0.875,7.86666666666666,12,22,62,6.48529411764705,7.86666666666666,11.87875751503,11.9120639534883,62.0,59.8571428571428,35.4541958024716,22.1935483870967,28.6181760425083,816,27.8747197295327,11.6700975347504,19,11,142.530903818403,3.11290322580645,437.9,26.3833333333333,289.421988150098,590.896551724137,11,10,7,6.48529411764705,22.0232558139534,11.0,1
Timothy B. Boykin,113,4793,29,165.275862068965,0.744139108834032,36,68,11,13,4059,79.5,50,56,29.7259037513585,1755,70,21.58,54.6900356555012,15,37,19.0450702141366,3.60555127546398,57.6465679115376,27.0394325057375,-42.5203421656582,-1.39244272537935,66,0.31858407079646,52.6542569423253,1.24137931034482,10.9354838709677,69.2314957226839,39.2980067348629,1.09090909090909,21.7999999999999,27,40,113,10.7107438016528,21.7999999999999,26.8136714443219,26.8589609847694,113.0,112.75,63.7102817447859,42.4159292035398,53.497663500381,2763,49.4772675074119,19.6363636363636,36,36,244.36765449415,3.29203539823008,1646.36666666666,45.4333333333333,234.558932748185,1776.21428571428,26,18,8,10.7107438016528,37.0136986301369,19.0,1
"Tingjian Zhang,",11,281,25,11.24,4.25757575757575,5,11,4,3,265,40.0,8,10,6.3863273980921,160,9,2.25,13.6014705087354,7,6,5.83811119790686,1.41421356237309,85.4092526690391,8.89679715302491,-4.98220640569395,-1.06299212598425,4,0.454545454545454,5.1090909090909,0.2,0.932203389830508,16.7630546142402,13.1339255365636,0.15625,2.39285714285714,5,8,11,0.806451612903225,2.39285714285714,4.9375,4.94306049822064,11.0,53.0,16.2788205960997,25.5454545454545,14.1421356237309,240,7.41619848709566,2.00804832225624,6,4,27.4424603174603,5.36363636363636,48.5119047619047,2.78571428571428,423.09659090909,120.0,4,4,3,0.806451612903225,6.36363636363636,2.0,1
Toby Murray,129,1957,38,51.5,0.233392963625521,22,41,7,6,1397,45.5,31,34,22.585514396013,624,56,10.83,32.155870381627,2,24,12.7793241559789,6.24499799839839,46.65304036791,24.7317322432294,-91.6709248850281,-2.12805587892898,46,0.170542635658914,8.78294573643411,0.578947368421052,7.16666666666666,44.2379927211893,28.9076114544249,0.55,13.65,14,22,129,5.69411764705882,13.65,13.8539325842696,13.91364333163,129.0,63.5,37.3764631820615,15.1705426356589,31.6385840391127,913,30.0333148353624,11.1924344195217,21,15,312.331304662922,3.06976744186046,674.766666666666,59.1857142857142,37.8450858250276,590.764705882352,13,19,9,5.69411764705882,23.0222222222222,12.0,1
Tomoaki Ishiyama,11,332,12,27.6666666666666,5.03030303030303,7,11,4,3,329,25.0,8,10,6.62485749544573,188,9,2.46,15.6843871413581,7,7,6.71679073793878,1.41421356237309,84.3373493975903,14.7590361445783,-6.02409638554216,-0.978658536585365,7,0.636363636363636,17.6060606060606,0.583333333333333,1.97435897435897,18.2208671582886,15.3948043183406,0.4375,1.98333333333333,6,11,11,1.88461538461538,1.98333333333333,5.91408934707903,5.92469879518072,11.0,47.0,18.138357147217,30.1818181818181,13.2287565553229,280,8.77496438739212,3.63212165163939,10,6,24.9177197802197,3.54545454545454,103.216666666666,3.23333333333333,3309.93939393939,196.0,5,5,3,1.88461538461538,9.13333333333333,1.11111111111111,1
Tomohiro Takaki,76,1314,94,13.9787234042553,0.449077238550922,20,35,7,6,1169,46.5,26,29,16.5051296881734,572,31,7.25,29.6310647800581,6,21,12.157220500575,3.60555127546398,58.5235920852359,30.441400304414,-74.2009132420091,-1.18582375478927,25,0.263157894736842,3.67861142217245,0.212765957446808,7.27272727272727,36.2491379207837,25.7714312110652,0.204081632653061,9.2,15,22,76,7.01754385964912,9.2,14.8049751243781,14.8508371385083,76.0,58.45,34.1906419945575,17.2894736842105,30.4959013639538,769,26.4575131106459,11.8469775551818,20,15,77.4969808612611,2.75,474.599999999999,31.9833333333333,139.3889292196,530.344827586206,14,10,4,7.01754385964912,21.0243902439024,11.0,1
"Torsten Hoefler,",379,12252,218,56.2018348623853,0.170143035689487,63,99,12,15,8191,99.5,82,89,55.2594732543353,4209,156,44.06,76.8309833335484,1,63,26.3204833690152,8.30662386291807,34.9738818152138,32.3947110675808,-129.84818805093,-2.74965261695229,182,0.166226912928759,9.34225751010626,0.288990825688073,18.3810623556581,110.688752816173,39.9808287391177,0.283783783783783,33.3833333333333,31,54,379,17.4845814977973,33.3833333333333,30.8422159887798,30.9265426052889,379.0,130.015873015873,90.5041435515523,32.3271767810026,79.1738593223798,4222,78.9746794865291,33.1892849329604,48,35,1413.41545896913,3.42744063324538,4003.39999999999,135.058333333333,66.7404995373676,2988.60674157303,30,38,17,17.4845814977973,64.007874015748,32.0,1
Torvalds Linus,269,2108,80,26.35,0.0580476387167837,24,38,6,6,1229,37.0,31,33,23.8297459486957,600,60,10.04,29.5127091267474,0,25,12.7619967708426,4.89897948556635,30.977229601518,27.3244781783681,-237.23908918406,-4.91711229946524,43,0.0892193308550185,2.35092936802974,0.3,13.4220374220374,45.912961132996,26.0800051124739,0.285714285714285,15.8666666666666,16,41,269,6.77647058823529,15.8666666666666,15.7687564234326,15.8932637571157,269.0,51.2083333333333,35.0570962859162,7.83643122676579,29.7993288515026,653,30.199337741083,12.7528543517773,26,24,121.329823407611,1.78810408921933,1324.99285714285,207.97619047619,10.9567394513028,474.90909090909,15,8,4,6.77647058823529,25.0204081632653,13.0,1
Toshio Endo,147,2178,47,46.3404255319148,0.200220628792057,23,44,8,7,1639,48.0,32,36,22.5224688856587,630,58,12.83,35.1425667816111,3,23,13.4871316685468,3.74165738677394,50.9641873278236,24.2883379247015,-106.15243342516,-1.81016042780748,48,0.156462585034013,7.2505427702996,0.489361702127659,7.10294117647058,46.6690475583121,25.5293948224394,0.450980392156862,12.6333333333333,13,22,147,6.08045977011494,12.6333333333333,12.887763055339,12.9338842975206,147.0,71.2608695652173,40.4845649599943,14.8163265306122,33.2264954516723,1110,31.8119474411737,11.8258435095617,21,18,122.586656574177,3.23809523809523,666.2,57.65,45.0537276134943,709.166666666666,12,11,5,6.08045977011494,24.063829787234,6.5,1
Tsuyoshi Hamada,88,1408,29,48.551724137931,0.359550561797752,20,37,8,7,1158,56.0,29,32,18.02952425731,567,37,8.01,30.0832179129826,6,21,12.1716943821603,3.0,55.2556818181818,28.4090909090909,-80.2556818181818,-1.36363636363636,31,0.227272727272727,11.0344827586206,0.689655172413793,5.5,37.5233260785874,22.3830292855993,0.606060606060606,9.18333333333333,13,20,88,5.26315789473684,9.18333333333333,12.8484210526315,12.8977272727272,88.0,57.9,34.0293990543471,16.0,33.466401061363,758,27.2029410174708,10.2597835208515,18,12,77.9810285582566,3.63636363636363,429.633333333333,28.5833333333333,81.9478260869565,473.75,12,9,5,5.26315789473684,21.0,21.0,1
Ullman Jeffrey,39,105523,62,1701.98387096774,135.285897435897,39,39,32,39,105523,1514.0,39,39,23.7203242974438,35898,39,514.6,274.023721600886,39,39,42.8214341251672,5.56776436283002,98.5586080759644,1.44139192403551,0.0,0.0,39,1.0,1701.98387096774,0.629032258064516,13.9541284403669,324.843039020385,260.399308754842,0.493670886075949,19.8261904761904,39,40,39,13.9541284403669,19.8261904761904,39.9855860807596,39.9855860807596,39.0,2705.71794871794,324.843039020385,2705.71794871794,242.993827082088,104002,39.0,23.3283306126759,39,39,3702.32404075924,2.79487179487179,63353.7452380952,19.8261904761904,0.0256410256410256,104002.0,39,39,30,13.9541284403669,28.886075949367,-1.00228050171037,1
Umesh Waghmare,247,14053,24,585.541666666666,0.458828522920203,57,114,14,18,11039,123.0,80,90,49.9239325095116,3570,144,66.71,88.1986394452884,12,59,26.8416196538257,4.12310562561766,55.4330036291183,23.1196185867786,-55.618017505159,-1.70824053452115,157,0.23076923076923,135.125,2.375,16.1086956521739,118.545349972067,49.363146557885,2.03571428571428,27.1999999999999,31,59,247,13.8846153846153,27.1999999999999,30.8991370615263,30.9359567352166,247.0,193.666666666666,105.066645516072,56.8947368421052,83.7317144217171,7790,80.6101730552664,28.132242657191,50,37,1132.10874265569,3.53846153846153,3593.43333333333,81.6261904761904,208.381220968812,4933.66666666666,30,31,14,13.8846153846153,58.0086956521739,29.5,1
V. Aho Alfred,227,27460,153,179.477124183006,1.06113300873328,57,165,17,25,25392,219.0,81,98,45.1252442342165,8172,117,184.93,137.33535597216,31,57,31.5159251893997,1.41421356237309,80.8448652585579,11.8317552804078,-27.9570284049526,-1.15919635636146,125,0.251101321585903,45.0669430767901,0.372549019607843,23.3978300180831,165.710591091818,112.781299108369,0.363057324840764,34.7666666666666,44,144,227,22.7202797202797,34.7666666666666,43.9245244509755,43.9326656955571,227.0,445.473684210526,159.348674296336,120.969162995594,111.727346697216,22143,96.9793792514676,35.9868857232178,112,54,617.165364684551,2.43612334801762,12780.4499999999,112.099999999999,1530.85242619338,12879.0918367346,43,23,11,22.7202797202797,58.0173913043478,19.3333333333333,1
V. Wilkes Maurice,105,1958,72,27.1944444444444,0.351841868823,19,42,7,6,1488,40.0,26,31,19.9782730382118,660,55,12.52,33.391615714128,5,19,12.3300541989292,1.73205080756887,57.55873340143,18.4371807967313,-59.3973442288049,-1.78861003861003,41,0.18095238095238,4.92089947089947,0.263888888888888,14.3525179856115,44.2492937796751,35.9513560244951,0.25,17.75,19,39,105,14.44,17.75,18.7791411042944,18.8345250255362,105.0,78.3157894736842,38.5746030439718,18.647619047619,27.5680975041804,1127,28.248893783651,16.5638159854545,37,19,43.1031780772835,1.32380952380952,1636.81666666666,94.9666666666666,59.0375683890577,690.74193548387,18,6,3,14.44,20.076923076923,5.5,1
VLADIMIR VAPNIK,281,274106,57,4808.87719298245,6.91819994447389,83,281,28,40,271260,373.0,116,150,59.1169545023136,133194,144,2432.67,481.051972244164,54,83,53.3041201318051,1.41421356237309,96.4484542476268,2.5132612930764,-4.9564766914989,-1.0198513938807,158,0.295373665480427,1420.41568333645,1.45614035087719,35.3378787878787,523.551334636824,288.969115996848,1.36065573770491,44.4166666666666,64,282,281,28.0040650406504,44.4166666666666,63.9852350341502,63.9855202002145,281.0,3268.19277108433,520.826266618725,975.466192170818,175.951697917354,264371,152.718695646603,48.2113824565733,281,77,14565.6993014756,2.34875444839857,181602.183333333,155.3,92974.3356599635,146285.286666666,63,47,29,28.0040650406504,84.0299401197604,14.5,1
Valentina Salapura,40,1452,30,48.4,1.77073170731707,21,38,7,6,1343,43.0,27,30,16.4304909291053,512,30,8.03,30.9515750810843,21,21,12.518258816311,4.0,62.1212121212121,30.3719008264462,-19.7658402203856,-1.12779552715654,26,0.525,25.4099999999999,0.7,7.36842105263157,38.1051177665153,25.5742383399128,0.617647058823529,10.4,14,24,40,7.47457627118644,10.4,13.8488372093023,13.8836088154269,40.0,63.9523809523809,36.6469644036173,36.3,30.0499584026334,902,28.248893783651,12.5286113234833,23,19,70.9801815895373,2.85,577.05,16.9333333333333,447.255963302752,631.4,13,8,4,7.47457627118644,22.0930232558139,4.6,1
Vernon Austel,13,469,15,31.2666666666666,5.15384615384615,9,13,6,4,457,47.0,11,13,8.19390748615139,276,13,2.56,20.0748598998847,13,9,7.8233100026701,2.44948974278317,80.1705756929637,17.2707889125799,-4.26439232409381,-1.01333333333333,9,0.692307692307692,21.6461538461538,0.6,2.6,21.6564078277077,18.2208671582886,0.272727272727272,3.06666666666666,8,13,13,2.53125,3.06666666666666,7.88578088578088,7.8955223880597,13.0,50.7777777777777,21.3775583264319,36.076923076923,20.5669638012031,376,10.8166538263919,4.77297077300919,11,7,20.1530125430125,3.46153846153846,135.616666666666,4.51666666666666,1373.92948717948,260.307692307692,7,6,3,2.53125,10.4210526315789,1.55555555555555,1
Vikram Gavini,101,1876,16,117.25,0.364201125994952,24,42,8,7,1567,50.0,32,36,20.2855063860224,663,41,10.71,34.2198772645373,6,24,13.6558527267103,4.12310562561766,54.1044776119403,30.7036247334754,-83.2622601279317,-1.33559066967644,36,0.237623762376237,27.8613861386138,1.5,7.41284403669724,43.3128156554154,28.2945813422523,1.41176470588235,11.3261904761904,14,22,101,6.0,11.3261904761904,13.861475409836,13.9099147121535,101.0,65.2916666666666,39.5853508257789,18.5742574257425,34.6410161513775,991,31.749015732775,12.0,19,13,462.666739632916,3.23762376237623,527.180952380952,39.8190476190476,103.689977418794,660.666666666666,13,19,11,6.0,25.0204081632653,12.5,1
Vinton Cerf,119,4218,65,64.8923076923077,0.590756302521008,31,63,10,11,3483,82.0,44,50,27.3505594798103,1458,70,20.55,50.5865594797669,12,32,17.5847425597615,4.24264068711928,59.7913703176861,22.7833096254148,-47.2498814604077,-1.47499100395825,62,0.260504201680672,16.9047188106011,0.476923076923076,12.3791946308724,64.946131524518,44.5608198607999,0.44927536231884,24.5261904761904,29,53,119,13.927536231884,24.5261904761904,28.7674970344009,28.814129919393,119.0,112.354838709677,59.016946718718,35.4453781512605,50.4182506638221,2522,44.1927595879687,20.7786819405949,45,31,143.617214409135,2.50420168067226,2280.40714285714,74.1261904761904,167.967689933116,1563.63999999999,28,12,5,13.927536231884,32.063492063492,7.2,1
Vishal Subramanian,7,107,4,26.75,3.82142857142857,4,7,3,2,103,35.0,7,6,4.37142857142857,70,4,0.83,9.1104335791443,4,4,4.39504481983684,1.41421356237309,85.0467289719626,14.9532710280373,-7.47663551401869,0.0,3,0.571428571428571,15.2857142857142,1.0,1.75,10.3440804327886,7.31436941916389,0.8,1.58333333333333,4,7,7,1.45454545454545,1.58333333333333,3.9126213592233,3.91588785046728,7.0,25.75,10.1488915650922,15.2857142857142,11.8321595661992,87,5.29150262212918,2.4120907566221,6,3,63.0,2.28571428571428,40.8333333333333,3.58333333333333,0.142857142857142,58.0,3,4,4,1.45454545454545,5.44444444444444,1.0,1
Viswanathan Kumaran,7,4,24,0.166666666666666,0.142857142857142,1,2,1,0,3,3.0,1,1,2.33333333333333,3,2,0.04,1.73205080756887,0,2,1.31607401295249,1.0,50.0,25.0,-125.0,0.0,0,0.142857142857142,0.0238095238095238,0.0416666666666666,0.466666666666666,2.0,1.73205080756887,0.03125,1.0,2,4,7,1.0,1.0,1.66666666666666,1.75,3.2,3.0,1.73205080756887,0.571428571428571,1.73205080756887,2,1.41421356237309,1.0,1,1,0.21875,2.14285714285714,3.2,4.53333333333333,1.71428571428571,2.0,1,0,0,1.0,2.66666666666666,1.33333333333333,1
Vitali A Morozov,1,0,0,0.0,0.0,0,0,0,0,0,0.0,1,1,0.0,0,0,0.0,0.0,0,1,0.0,1.0,0.0,0.0,0.0,0.0,0,0.0,0.0,0.0,0.0,0.0,0.0,0.0,0.0,1,2,1,0.0,0.25,0.0,0.0,0.25,0.0,0.0,0.0,0.0,0,0.0,0.0,0,0,0.0,4.0,0.0,0.25,0.0,0.0,0,0,0,0.0,1.0,1.0,1
W. Bemer Robert,9,114,24,4.75,2.53333333333333,9,9,3,1,114,11.0,9,9,7.62093592681828,90,9,0.48,9.69535971483265,9,9,5.64623599992658,3.0,28.9473684210526,71.0526315789473,0.0,0.0,9,1.0,4.75,0.375,8.1,10.6770782520313,8.57321409974112,0.136363636363636,8.5,9,10,9,8.1,8.5,8.38461538461538,8.43859649122807,9.0,12.6666666666666,10.6770782520313,12.6666666666666,9.9498743710662,33,9.0,8.53814968245462,9,9,1.95040757314272,1.11111111111111,109.0,8.5,0.111111111111111,33.0,8,1,0,8.1,9.47368421052631,-1.22222222222222,1
W. Dunwell Stephen,4,21,47,0.446808510638297,2.1,2,4,2,1,20,10.0,2,3,3.2,14,3,0.2,3.74165738677394,2,2,2.48820158539398,1.0,76.1904761904761,19.047619047619,-9.52380952380952,0.0,1,0.5,0.223404255319148,0.0425531914893617,0.888888888888888,4.58257569495584,4.47213595499958,0.0246913580246913,0.75,3,5,4,0.666666666666666,0.75,2.8,2.8095238095238,4.0,10.0,4.47213595499958,5.25,4.47213595499958,16,2.82842712474619,1.15470053837925,2,2,0.354896972500302,2.25,7.0,2.25,105.0,10.6666666666666,2,0,0,0.666666666666666,4.0,1.16666666666666,1
W. Finin Timothy,21,466,41,11.3658536585365,2.01731601731601,7,21,5,4,454,61.0,9,12,7.14300580740209,276,11,3.91,19.7737199332851,6,7,7.23616865398794,1.73205080756887,86.9098712446352,10.5150214592274,-18.0257510729613,-0.995525727069351,6,0.333333333333333,3.78861788617886,0.170731707317073,3.0,21.5870331449229,16.9410743460974,0.155555555555555,4.33333333333333,7,19,21,2.88235294117647,4.33333333333333,6.9191011235955,6.92274678111588,21.0,64.8571428571428,21.3072757526625,22.1904761904761,20.6639783197718,405,12.1243556529821,4.49182263543823,13,6,16.7568836667894,2.33333333333333,187.5,11.1666666666666,839.539682539682,236.25,6,4,2,2.88235294117647,8.26666666666666,2.0,1
W. Floyd Robert,72,7825,30,260.833333333333,2.97754946727549,27,72,11,13,7589,111.0,36,44,20.9088594059184,3594,42,59.91,76.2430324685475,19,28,19.170475680651,1.41421356237309,87.6677316293929,9.31629392971246,-12.5111821086261,-1.05054200542005,35,0.375,97.8125,0.9,13.8857142857142,88.4590300647706,72.4143171847483,0.421875,21.8166666666666,25,73,72,14.58,21.8166666666666,24.9231385108086,24.9263897763578,72.0,281.074074074074,87.1148666990887,108.680555555555,54.7448627726839,6860,44.0908153700972,19.8408669165437,71,27,148.090976211756,1.94444444444444,5071.91666666666,51.7,3494.81667843691,4209.54545454545,24,11,6,14.58,28.0363636363636,10.0,1
W. Lampson Butler,113,12945,55,235.363636363636,2.00978108989287,41,113,16,18,12438,177.0,55,67,29.6970437147913,4662,64,75.95,97.7599099835919,32,41,25.1174829783654,3.74165738677394,83.0977211278485,12.985708767864,-18.8798764001545,-1.07192381588839,60,0.362831858407079,85.3974255832663,0.745454545454545,19.7991452991452,113.776095907708,91.0530980618818,0.694915254237288,25.7999999999999,34,100,113,16.3203883495145,25.7999999999999,33.9094386694386,33.9158748551564,113.0,303.365853658536,111.525781772646,114.557522123893,85.1880273277882,10757,68.0661443009665,25.8676617097505,89,38,342.425731789801,2.07079646017699,7957.96666666666,74.3,2810.38749541812,6582.64179104477,33,19,11,16.3203883495145,42.0722891566265,6.71428571428571,1
W. Lawson Harold,9,318,29,10.9655172413793,7.06666666666666,9,9,5,4,318,29.0,9,9,7.62093592681828,168,9,1.72,15.5884572681198,9,9,7.19256116376656,2.0,74.5283018867924,25.4716981132075,0.0,0.0,9,1.0,10.9655172413793,0.310344827586206,6.75,17.832554500127,17.832554500127,0.157894736842105,7.5,9,10,9,6.75,7.5,9.74528301886792,9.74528301886792,9.0,35.3333333333333,17.832554500127,35.3333333333333,16.1554944214035,237,9.0,7.79422863405994,9,9,7.54088981471436,1.33333333333333,262.0,7.5,0.111111111111111,237.0,9,3,1,6.75,9.36842105263157,-1.18181818181818,1
W. Wah Benjamin,19,2104,16,131.5,11.0736842105263,19,19,9,9,2104,83.0,19,19,13.1810482770852,1043,19,8.34,39.0384425918862,19,19,13.8239579784101,2.64575131106459,82.8422053231939,17.157794676806,0.0,0.0,19,1.0,131.5,1.1875,7.68085106382978,45.8693797647188,40.0458071046978,0.452380952380952,8.95,17,20,19,7.68085106382978,8.95,16.8714213962832,16.8783269961977,19.0,110.736842105263,45.8693797647188,110.736842105263,39.7114593033295,1743,19.0,12.080404389455,19,18,65.0018606338234,2.47368421052631,1047.68333333333,8.95,0.0526315789473684,1743.0,16,10,4,7.68085106382978,19.4102564102564,-1.09090909090909,1
Wallach Steve,7,13,39,0.333333333333333,0.464285714285714,2,3,1,0,7,3.5,2,2,3.9079365079365,10,5,0.07,2.0,0,5,1.93185165257813,2.23606797749979,23.076923076923,30.7692307692307,-30.7692307692307,-2.0,0,0.285714285714285,0.0952380952380952,0.0512820512820512,1.75,3.60555127546398,1.87082869338697,0.0465116279069767,2.0,3,4,7,2.0,2.0,2.42857142857142,2.69230769230769,7.0,3.5,2.64575131106459,1.85714285714285,2.64575131106459,3,2.44948974278317,2.0,3,2,1.05067829457364,1.14285714285714,12.0,6.5,2.16666666666666,3.0,2,1,0,2.0,3.2,2.0,1
"Wanwang Yin,",36,501,23,21.7826086956521,0.752252252252252,8,22,6,4,434,45.0,13,16,9.60013142039332,252,20,3.73,18.275666882497,7,8,7.5441288042941,2.64575131106459,73.8522954091816,12.7744510978043,-31.1377245508982,-1.24331550802139,8,0.222222222222222,4.84057971014492,0.347826086956521,2.08695652173913,22.3830292855993,16.062378404209,0.266666666666666,4.04285714285714,7,9,36,1.88235294117647,4.04285714285714,6.90348525469168,6.92814371257485,36.0,54.25,20.8326666559996,13.9166666666666,18.9736659610102,370,13.2664991614216,3.88057000058132,11,8,30.9260457579343,3.83333333333333,139.888095238095,11.4023809523809,90.1467661691542,185.0,6,6,3,1.88235294117647,10.0588235294117,1.36842105263157,1
Warren Teitelman,39,1485,27,55.0,1.90384615384615,12,38,7,5,1389,51.0,18,22,12.1443934925696,613,25,12.01,31.9530906173409,9,13,10.4475315517386,1.0,83.8383838383838,9.69696969696969,-15.3535353535353,-1.10804597701149,15,0.307692307692307,16.9230769230769,0.444444444444444,8.21052631578947,38.5356977359953,35.0309387066157,0.193548387096774,11.7,12,40,39,8.47058823529411,11.7,11.9119359534206,11.9185185185185,39.0,115.75,37.2692903071684,38.076923076923,24.7386337537059,1245,21.3541565040626,10.0820166050016,38,10,33.1978154948917,1.46153846153846,1444.16666666666,32.9499999999999,550.92548076923,679.090909090909,11,5,3,8.47058823529411,13.12,4.0,1
Watanabe Tadashi,279,11591,52,222.903846153846,0.296748591909882,55,92,12,13,6896,94.0,75,81,54.2348125805056,3483,168,36.62,70.2566722810011,9,56,24.2578317755144,9.0,33.396600810974,26.097834526788,-65.7837977741351,-5.01418439716312,230,0.197132616487455,43.9416184174248,1.0576923076923,16.0177453027139,107.661506584294,54.8218326338451,0.785714285714285,31.7999999999999,30,49,279,14.1355140186915,31.7999999999999,29.8327034016311,29.9274437063238,279.0,125.381818181818,83.0421579681067,41.5448028673835,71.9027120489902,3871,71.1336769751149,27.882849047901,41,31,365.231712310452,3.4336917562724,3644.64999999999,98.6166666666667,61.02086487188,2628.45679012345,29,16,6,14.1355140186915,56.018018018018,19.3333333333333,1
Wei Xue,49,13109,13,1008.38461538461,10.7012244897959,49,49,16,22,13109,214.0,49,49,28.8915107575608,6680,49,38.74,98.737024463977,49,49,27.8784089521164,6.32455532033675,81.6843390037378,18.3156609962621,0.0,0.0,49,1.0,1008.38461538461,3.76923076923076,9.12927756653992,114.494541354599,54.5732687922087,2.33333333333333,10.0023809523809,35,50,49,9.12927756653992,10.0023809523809,34.8939644101999,34.9118163094057,49.0,267.530612244897,114.494541354599,267.530612244897,102.401171868294,10708,49.0,21.1502860680525,49,45,1177.28749281764,5.36734693877551,2702.15714285714,10.0023809523809,0.0204081632653061,10708.0,34,43,22,9.12927756653992,49.1111111111111,-1.02298850574712,1
"Wei Xue,",319,36997,23,1608.5652173913,0.724862852664576,105,170,17,23,23005,157.0,141,151,97.3600122328709,13601,319,89.57,127.792801049198,64,106,38.5459038564099,14.247806848775,32.3810038651782,29.7997134902829,-22.9153715166094,-4.02259267383198,319,0.329153605015674,529.465040207169,4.56521739130434,19.1618993135011,192.346042329963,61.177698145327,3.5,50.809126984127,40,63,319,19.5478723404255,50.809126984127,39.8909833715596,39.9588885585317,319.0,219.095238095238,151.673992497065,115.978056426332,128.393925089935,11980,133.603892158873,45.3048186812912,59,49,3535.87500599812,5.47962382445141,7511.67261904761,64.386507936508,190.68576244195,8330.46357615894,39,55,24,19.5478723404255,106.004739336492,53.5,1
"Weile Jia,",22,898,9,99.7777777777777,3.5494071146245,10,22,5,4,869,35.0,12,15,8.96641029880306,582,14,7.6,26.7955220139485,9,10,8.82426897867967,1.41421356237309,86.7483296213808,11.1358574610245,-11.0244988864142,-1.00921658986175,10,0.454545454545454,45.3535353535353,1.11111111111111,2.19999999999999,29.9666481275433,21.7370651192841,0.769230769230769,3.08571428571428,7,13,22,2.08333333333333,3.08571428571428,6.95604395604395,6.95991091314031,22.0,86.9,29.4788059459673,40.8181818181818,18.7082869338697,769,14.8323969741913,4.56435464587638,12,5,104.005352980352,4.54545454545454,154.15,5.76071428571428,1888.37799043062,512.666666666666,6,8,5,2.08333333333333,11.095238095238,3.66666666666666,1
Weimin Zheng,129,7418,19,390.421052631578,0.884675014907573,44,81,11,12,5371,79.0,61,67,40.8402133650047,2176,122,29.23,62.5459830844475,30,46,21.2356875917559,8.24621125123532,46.3062820167161,26.0986788891884,-22.8228633054731,-2.16419239904988,129,0.341085271317829,133.166870665034,2.31578947368421,9.7025641025641,86.1278120005378,48.2623041306566,1.62962962962962,21.9488095238095,22,37,129,9.97938144329897,21.9488095238095,21.8896672504378,21.9405500134807,129.0,122.068181818181,73.287106642301,57.5038759689922,58.9576118919347,3435,59.6992462263972,20.9545408803236,35,39,601.612124948233,4.53488372093023,1873.82142857142,31.6011904761904,150.880956438425,2255.82089552238,21,22,10,9.97938144329897,45.0224719101123,15.6666666666666,1
Weiqun Zhang,99,3631,30,121.033333333333,0.733535353535353,30,60,10,10,3162,71.0,41,47,24.5228347170686,1224,55,19.63,47.73887304912,12,30,16.9953277886996,3.46410161513775,63.1231065822087,24.7865601762599,-44.8912145414486,-1.26959022286125,48,0.303030303030303,36.6767676767676,1.0,7.67441860465116,60.2577795807313,41.6072910277353,0.9375,11.6107142857142,17,33,99,6.97674418604651,11.6107142857142,16.9001949317738,16.9294960066097,99.0,105.4,56.2316636780381,36.6767676767676,46.1519230368573,2262,42.4264068711928,14.4672846651123,29,20,705.530195828685,3.9090909090909,1002.40238095238,31.7190476190476,266.67936770898,1443.82978723404,16,23,12,6.97674418604651,31.0163934426229,15.5,1
"Wenqiang Zhang,",314,6460,26,248.461538461538,0.130623799413608,40,73,10,10,4433,70.0,55,61,38.5252037715214,1815,110,31.47,55.4075807087802,1,41,19.6987564230025,7.41619848709566,43.8544891640866,24.7678018575851,-138.28173374613,-2.51267375306623,118,0.127388535031847,31.6511513963743,1.53846153846153,9.10144927536231,80.3741251896405,27.7569281229665,1.33333333333333,17.1928571428571,18,29,314,7.27272727272727,17.1928571428571,17.9081665077851,17.9552631578947,314.0,110.825,66.5807780068692,20.5732484076433,52.9150262212918,2833,54.0370243444251,17.0560573084488,26,25,777.31447740426,4.39490445859872,1290.21666666666,84.4678571428572,44.9931969368933,1857.70491803278,17,25,13,7.27272727272727,41.0123456790123,21.0,1
Wenzhao Wu,52,972,23,42.2608695652173,0.705370101596516,19,31,7,5,863,38.0,24,26,15.4723027930941,407,31,4.98,25.7099202643648,8,19,11.1409214260583,3.3166247903554,51.6460905349794,37.1399176954732,-52.9835390946502,-1.19480519480519,23,0.365384615384615,15.4414715719063,0.826086956521739,4.31441048034934,31.1769145362397,14.9753766150272,0.73076923076923,5.79761904761904,10,12,52,3.37383177570093,5.79761904761904,9.8617747440273,9.91666666666666,52.0,45.4210526315789,29.3768616431367,18.6923076923076,26.8700576850888,502,24.2693221990231,8.00642265548839,11,10,221.110714285714,4.40384615384615,194.863095238095,15.7904761904761,147.995059985885,366.846153846153,9,16,9,3.37383177570093,20.1025641025641,4.2,1
Whitfield Diffie,170,8494,75,113.253333333333,0.5843825249398,27,92,12,15,8044,151.0,39,50,23.1460647088836,3047,53,70.02,81.7496177361093,12,27,19.9547626602043,3.3166247903554,86.1196138450671,8.5825288438898,-40.1459854014598,-1.09238845144356,44,0.158823529411764,17.987294117647,0.36,10.2914798206278,92.1628992599515,84.2644646336758,0.341772151898734,16.1333333333333,23,64,170,9.98630136986301,16.1333333333333,22.9386643011025,22.9430186013656,170.0,297.925925925925,89.6883492991146,49.9647058823529,63.8513899613782,7315,49.8397431775084,16.4204182951075,62,24,325.196755049796,2.6235294117647,3900.34999999999,84.6166666666666,893.146875816993,3950.1,22,16,9,9.98630136986301,28.0363636363636,9.66666666666666,1
William Camp,39,6837,80,85.4625,8.76538461538461,39,39,12,15,6837,123.0,39,39,23.7203242974438,3201,39,26.18,69.5053954740205,39,39,22.1818916276595,5.74456264653802,77.7534006143045,22.2465993856954,0.0,0.0,39,1.0,85.4625,0.4875,15.84375,82.6861536171564,57.3951217439252,0.443181818181818,19.2833333333333,35,40,39,15.84375,19.2833333333333,34.8208029762827,34.8309199941494,39.0,175.307692307692,82.6861536171564,175.307692307692,69.2603782836911,5316,39.0,24.8577201287648,39,37,392.115012341513,2.46153846153846,3746.73333333333,19.2833333333333,0.0256410256410256,5316.0,34,26,11,15.84375,39.1898734177215,-1.03174603174603,1
William K. English,22,1747,20,87.35,6.90513833992094,7,22,5,3,1721,38.0,9,13,7.76564460871176,1190,14,16.75,39.7114593033295,5,7,8.90901652887341,1.0,95.7069261591299,2.80480824270177,-4.46479679450486,-1.01410934744268,5,0.318181818181818,27.7931818181818,0.35,3.27659574468085,41.7971290880127,38.9037273278538,0.116666666666666,4.66666666666666,7,23,22,3.5,4.66666666666666,6.97897196261682,6.97939324556382,22.0,245.857142857142,41.484937025383,79.4090909090909,16.3095064303,1672,12.4096736459908,4.94974746830583,22,6,31.6309698254164,2.13636363636363,831.499999999999,12.8333333333333,5256.27097902097,900.307692307692,6,3,2,3.5,8.2,2.5,1
Wirth Niklaus,329,13989,57,245.421052631578,0.257695495993368,45,117,15,19,12732,158.0,63,76,36.1533302834474,3969,95,99.13,98.508882848198,10,47,25.6431763082215,4.58257569495584,76.5387089856315,14.4756594467081,-82.3718636071198,-1.18576388888888,95,0.136778115501519,33.5682290833466,0.789473684210526,24.5115894039735,118.275103043709,90.4779899570424,0.737704918032786,41.9,46,119,329,32.6612903225806,41.9,45.8409519321394,45.8552434055329,329.0,282.933333333333,112.836164415492,42.5197568389057,84.3208159353311,10707,72.5603197346869,38.3374238116768,109,45,360.831974529745,1.83586626139817,11982.4666666666,234.683333333333,430.67744158548,6339.67105263157,45,18,10,32.6612903225806,46.032967032967,12.25,1
Wolfgang Fichtner,390,12322,57,216.175438596491,0.161610597416224,56,101,13,16,8612,94.0,76,84,50.9072244426367,3286,145,55.84,78.8542960148652,5,56,25.4438913546752,7.28010988928051,44.4408375263755,25.4504138938484,-121.676675864307,-2.40710106919507,181,0.143589743589743,31.0405757984705,0.982456140350877,15.5334281650071,111.004504413109,53.1584483870685,0.918032786885245,28.2833333333333,28,55,390,14.7924528301886,28.2833333333333,27.888207330164,27.9408375263755,390.0,153.785714285714,92.8008620649614,31.5948717948717,72.5534285888682,5476,75.2063827078526,28.7815454500026,48,30,577.196946506147,3.6051282051282,3531.36666666666,124.916666666666,73.340980026263,3650.66666666666,27,22,10,14.7924528301886,57.0176991150442,19.3333333333333,1
Wu Xindong,417,18198,213,85.4366197183098,0.208805204640115,60,130,14,17,14567,123.0,84,96,52.4057236315447,5022,148,106.57,101.577556576243,9,60,28.7532841116155,2.44948974278317,60.5945708319595,19.782393669634,-98.0712166172106,-1.59987403275148,171,0.14388489208633,12.2930388083899,0.28169014084507,17.3870743571924,134.899962935502,55.9705653420097,0.276497695852534,30.9761904761904,35,82,417,16.1434977578475,30.9761904761904,34.9075273978081,34.936476535883,417.0,242.783333333333,120.693827514086,43.6402877697841,85.9069263796581,10967,88.3176086632784,31.1224977383058,71,56,1125.14623478215,3.45083932853717,6137.65952380952,164.866666666666,178.752867322495,6854.375,34,30,13,16.1434977578475,61.0165289256198,20.3333333333333,1
Xin (Lucy) Liu,43,5304,14,378.857142857142,5.60676532769556,17,43,9,8,5260,81.0,20,27,13.1953854571873,2687,22,45.97,65.4828221749796,14,17,15.0083224378555,1.0,93.7217194570135,5.44871794871794,-7.40950226244343,-1.00631216526396,18,0.395348837209302,149.780730897009,1.21428571428571,2.7378277153558,72.8285658241324,33.7498971191847,1.0,4.56428571428571,11,29,43,3.01041666666666,4.56428571428571,10.9800478850758,10.9811463046757,43.0,309.411764705882,72.5258574578749,123.348837209302,37.1079506305589,4971,27.0370116691915,7.15381599800647,39,10,1186.0356801695,6.20930232558139,1560.5238095238,8.19880952380953,14745.7928118393,3129.88888888888,10,15,10,3.01041666666666,18.1714285714285,2.71428571428571,1
A. Basu,369,73211,46,1591.54347826086,1.07245294074562,152,255,23,39,53167,253.0,206,224,125.501719863152,24198,369,164.49,195.67319693816,130,154,52.1474596234871,14.7648230602334,41.0635013864036,31.5580991927442,-17.6749395582631,-2.1890909090909,369,0.411924119241192,655.595145516672,3.30434782608695,43.9905882352941,270.575312990671,103.950489858089,2.375,93.3595238095238,89,144,369,42.8645640074211,93.3595238095238,88.8116960486322,88.894223545642,369.0,349.782894736842,230.57970422394,198.40379403794,196.102014268084,30063,196.875595237195,80.7181127698611,133,137,3023.43542170069,3.45528455284552,26290.2452380952,139.12619047619,526.268934225462,20399.8928571428,88,53,22,42.8645640074211,153.003278688524,77.0,0
A. C. Valente,56,256,106,2.41509433962264,0.160401002506265,8,13,3,2,161,14.0,10,11,9.89881249933471,88,21,1.52,10.9087121146357,0,8,5.83245461203306,1.41421356237309,37.890625,25.0,-112.5,-2.73972602739726,7,0.142857142857142,0.345013477088948,0.0754716981132075,3.73333333333333,15.9999999999999,11.5758369027902,0.0727272727272727,5.75,6,9,56,3.04761904761904,5.75,5.81060606060606,5.90234375,56.0,20.125,12.6885775404495,4.57142857142857,10.5830052442583,97,10.1980390271855,4.93770719878694,8,8,17.291575101922,2.14285714285714,126.666666666666,36.65,7.74736842105263,70.5454545454545,5,3,2,3.04761904761904,9.11764705882352,3.33333333333333,0
A. Hirano,159,32124,62,518.129032258064,2.5254716981132,112,159,18,28,27910,191.0,151,159,76.9794255566537,12960,159,76.37,143.020977482326,159,112,41.1898663781205,10.9544511501033,47.8333955920806,39.0486863404308,-3.26235836134976,-1.34272872385113,159,0.70440251572327,364.971393791844,1.80645161290322,22.6853503184713,179.231693625876,107.279130797941,1.72307692307692,36.1785714285714,47,79,159,23.1439114391143,36.1785714285714,46.8800385509382,46.9341302452994,159.0,249.196428571428,167.062862420108,202.037735849056,146.260042390257,15366,133.446618540898,50.912847898942,74,94,2333.17603461928,4.93710691823899,7632.5238095238,36.1785714285714,1338.12843083701,10823.8490566037,46,51,22,23.1439114391143,113.017777777777,23.0,0
A. I. Panasyuk,69,490,36,13.6111111111111,0.202898550724637,11,20,5,4,361,20.0,15,17,12.0982132823153,164,29,3.18,16.3095064303,2,13,7.71894112596254,2.0,48.9795918367346,24.6938775510204,-103.877551020408,-1.73251028806584,13,0.159420289855072,2.16988727858293,0.305555555555555,6.6,22.1359436211786,15.7321327225522,0.224489795918367,10.5,11,19,69,8.06666666666666,10.5,10.7126436781609,10.7959183673469,69.0,32.8181818181818,19.0,7.10144927536231,14.8323969741913,240,14.8323969741913,9.41983722435442,19,9,13.3829001240146,1.66666666666666,417.7,52.1166666666666,19.8730479721379,155.294117647058,10,3,2,8.06666666666666,12.0869565217391,4.66666666666666,0
A. M. Giese,5,13,41,0.317073170731707,0.866666666666666,3,3,2,0,10,5.0,5,3,3.6,9,3,0.1,3.16227766016837,3,3,2.48627040974067,1.73205080756887,30.7692307692307,69.2307692307692,-23.076923076923,0.0,0,0.6,0.190243902439024,0.073170731707317,1.36363636363636,3.60555127546398,3.60555127546398,0.0517241379310344,2.25,3,2,5,1.5,2.25,2.6,2.69230769230769,5.0,3.33333333333333,3.16227766016837,2.6,3.87298334620741,1,3.0,2.12132034355964,3,3,0.40946723516993,2.2,10.0,3.5,0.2,1.0,2,0,0,1.5,4.42857142857142,1.0,0
A. P. Varga,9,94,6,15.6666666666666,2.08888888888888,6,9,3,1,84,13.5,8,8,6.52742159800983,48,9,0.55,8.18535277187245,9,6,4.69728555355725,2.0,51.063829787234,38.2978723404255,-7.44680851063829,-1.0759493670886,4,0.666666666666666,10.4444444444444,1.0,2.34782608695652,9.69535971483265,8.68907359849138,0.162162162162162,3.33333333333333,5,10,9,2.57142857142857,3.33333333333333,4.76119402985074,4.82978723404255,9.0,14.0,9.16515138991168,10.4444444444444,9.0,48,7.34846922834953,3.92792202424786,6,4,2.84370164032165,2.55555555555555,48.75,4.58333333333333,87.7333333333333,36.0,4,1,0,2.57142857142857,7.23076923076923,2.25,0
A. Puglisi,69,7464,25,298.56,3.09068322981366,52,69,11,13,6723,84.0,67,69,36.2493306099302,2756,69,30.07,68.622153857191,69,53,23.4046956503556,7.28010988928051,54.5418006430868,36.2272240085744,-2.61254019292604,-1.20478983382209,69,0.753623188405797,225.001739130434,2.08,12.1627118644067,86.3944442658207,42.6035992219749,1.3,17.4333333333333,23,43,69,12.3470319634703,17.4333333333333,22.8991876692355,22.9351554126473,69.0,129.288461538461,81.9939022122986,108.173913043478,66.0908465674332,4019,59.8999165274877,25.3386199722963,39,25,367.362321063096,4.27536231884058,1956.93333333333,17.4333333333333,1063.68397804,3028.81159420289,22,19,8,12.3470319634703,53.0,53.0,0
A. Roos,639,58524,94,622.595744680851,0.286208920187793,123,208,20,32,35093,185.5,164,178,115.247188557928,16170,381,169.66,156.990445569149,17,123,44.1406085945919,12.8452325786651,34.3226710409404,25.8509329505843,-68.6197115713211,-4.81172069825436,632,0.192488262910798,119.842373389271,1.30851063829787,33.6892413201886,241.917341255231,77.4086728031983,1.12844036697247,69.4595238095239,61,112,639,30.5020161290322,69.4595238095239,60.8605083694978,60.9384867746565,639.0,285.30894308943,187.331257402495,91.5868544600939,151.051315783742,19964,159.949992185057,61.2515141353335,86,122,2743.01435448098,3.65101721439749,17200.6976190476,217.628571428571,138.378353641096,13795.3483146067,60,46,21,30.5020161290322,124.004048582995,62.0,0
Alan E Gelfand,107,7766,81,95.8765432098765,1.34406368985808,27,88,10,11,7570,98.0,34,44,20.1659719312642,3344,45,63.51,76.1380325461592,14,27,19.1920385969356,2.0,88.089106361061,9.38707185166108,-25.1738346639196,-1.03612012987013,31,0.25233644859813,24.1931464174454,0.333333333333333,12.7831858407079,88.1249113474731,47.4380297511044,0.241071428571428,14.0,24,89,107,11.758064516129,14.0,23.928735012798,23.931882565027,107.0,280.37037037037,87.0057469366248,72.5794392523364,51.4392845984467,6841,48.7442304278157,17.8176244750944,54,26,232.197736233827,2.11214953271028,3021.93333333333,60.45,2803.19568949074,4197.88636363636,23,12,6,11.758064516129,28.2181818181818,2.38461538461538,0
Alexander Wynands,45,172,49,3.51020408163265,0.166183574879227,7,12,3,2,123,14.5,9,10,8.29969091035288,58,19,1.23,9.64365076099295,1,8,5.29198973491085,1.0,47.0930232558139,28.4883720930232,-130.232558139534,-1.33684210526315,4,0.155555555555555,0.546031746031746,0.142857142857142,3.0,13.114877048604,9.38083151964686,0.132075471698113,5.0,6,8,45,2.33333333333333,5.0,5.78260869565217,5.85465116279069,45.0,17.5714285714285,11.0905365064094,3.82222222222222,10.0747208398049,74,9.16515138991168,4.04145188432738,6,5,8.27435657401332,2.33333333333333,67.4499999999999,27.3499999999999,11.8306878306878,51.8,5,2,1,2.33333333333333,8.0,8.0,0
Ali Nakisaee,3,20,0,20.0,3.33333333333333,2,3,2,1,19,9.5,2,3,3.2,15,3,0.15,3.87298334620741,3,2,2.42342388908903,1.0,75.0,20.0,0.0,0.0,1,0.666666666666666,13.3333333333333,2.0,0.666666666666666,4.47213595499958,3.08220700148448,0.166666666666666,1.0,2,4,3,0.666666666666666,1.0,1.93333333333333,1.95,3.0,9.5,4.35889894354067,6.66666666666666,4.35889894354067,15,2.44948974278317,1.15470053837925,2,1,1.66666666666666,3.0,6.66666666666666,1.0,126.666666666666,10.0,1,1,1,0.666666666666666,3.6,1.25,0
Aline M. Marques,4,12,10,1.2,1.2,2,3,1,0,9,9.0,2,2,2.86666666666666,9,3,0.11,3.0,1,2,2.10100298961545,1.0,58.3333333333333,33.3333333333333,-16.6666666666666,0.0,0,0.5,0.6,0.2,0.470588235294117,3.46410161513775,2.34520787991171,0.153846153846153,0.65,2,3,4,0.4,0.65,1.88888888888888,1.91666666666666,4.0,4.5,3.0,3.0,4.24264068711928,5,2.44948974278317,0.894427190999915,1,1,3.75757575757575,4.25,2.45,0.983333333333333,33.0,5.0,1,2,1,0.4,3.2,1.5,0
Alnuweiri,171,1571,33,47.6060606060606,0.106827145382836,21,33,7,5,856,35.0,28,30,22.6594898337888,527,60,6.87,24.5356882927705,0,21,11.4870119839944,5.56776436283002,27.7530235518777,28.0712921705919,-156.269891788669,-6.89655172413793,47,0.122807017543859,5.84635832004253,0.636363636363636,7.875,39.6358423652128,21.9810524467475,0.567567567567567,14.75,14,21,171,8.16666666666666,14.75,13.7540029112081,13.8924252068746,171.0,40.7619047619047,29.2574776766555,9.18713450292397,27.1108834234519,415,26.3248931621763,13.0958008537087,17,19,69.7894695497003,2.66666666666666,696.699999999999,78.6666666666666,11.6096786153664,290.5,13,8,3,8.16666666666666,22.0232558139534,11.0,0
Alvaro Luis de Bortoli,1,0,0,0.0,0.0,0,0,0,0,0,0.0,1,1,0.0,0,0,0.0,0.0,0,1,0.0,1.0,0.0,0.0,0.0,0.0,0,0.0,0.0,0.0,0.0,0.0,0.0,0.0,0.0,1,0,1,0.0,0.333333333333333,0.0,0.0,0.333333333333333,0.0,0.0,0.0,0.0,0,0.0,0.0,0,0,0.0,3.0,0.0,0.333333333333333,0.0,0.0,0,0,0,0.0,1.0,1.0,0
Amirthalingam Ramanan,589,27510,218,126.192660550458,0.158326379097004,82,151,16,24,19080,183.0,115,127,73.621444799912,7831,220,105.23,119.691269522885,3,82,34.3977276381156,6.40312423743284,44.9145765176299,24.4420210832424,-120.472555434387,-2.50894687791239,328,0.139219015280135,17.5684179374153,0.376146788990825,29.0776640577965,165.861387911713,83.7696008809044,0.369369369369369,50.95,54,90,589,28.4915254237288,50.95,53.824558116295,53.8978916757542,589.0,232.682926829268,138.130373198656,46.7062818336163,122.498979587586,12356,111.274435518676,48.3353399154879,90,82,1122.10449559535,2.82003395585738,11401.4333333333,267.083333333333,105.712438598505,7977.88976377952,53,34,13,28.4915254237288,83.0242424242424,17.0,0
Amos Israel,859,124135,124,1001.08870967741,0.33607223109619,171,299,23,40,72194,264.0,229,249,165.182347431737,34941,589,351.1,224.588512618076,46,171,56.8942448176314,24.7588368062798,34.7395980182865,23.555806178757,-53.0688363475248,-5.93672044305321,859,0.19906868451688,199.285412520184,1.37903225806451,53.491988346686,352.327972207714,111.840458631092,1.09615384615384,118.209523809523,102,202,859,54.8611632270168,118.209523809523,101.825064736851,101.917823337495,859.0,422.187134502924,268.689411775008,144.511059371362,212.471174515509,42953,226.117226234535,96.8568991441491,191,164,3137.43891367606,3.19674039580908,56689.8238095237,360.32857142857,202.000054305748,29497.8433734939,101,38,19,54.8611632270168,172.002915451895,86.0,0
An-Yi Chen,23,236,24,9.83333333333333,0.855072463768116,7,15,4,3,209,27.5,9,11,7.49524771455044,100,12,1.91,12.92284798332,4,7,5.92240417912193,1.0,70.7627118644067,20.7627118644067,-38.5593220338983,-1.05445544554455,5,0.304347826086956,2.9927536231884,0.291666666666666,1.64285714285714,15.3622914957372,10.210288928331,0.25,2.28333333333333,5,7,23,1.53125,2.28333333333333,4.91623036649214,4.9322033898305,23.0,29.8571428571428,14.4568322948009,10.2608695652173,13.8744369255116,160,10.2469507659595,3.27395021342719,6,4,26.4100683521271,4.26086956521739,46.6166666666666,6.3,110.817391304347,101.818181818181,4,4,3,1.53125,8.06666666666666,4.0,0
AndrAÃŒÂƒÃ‚Â© Valente,199,88687,36,2463.52777777777,4.45663316582914,198,199,25,47,88491,327.0,199,199,104.932536360426,39788,199,223.15,253.148177951175,199,198,62.9664225331978,14.0,55.5740976693314,44.204900379988,0.0,0.0,199,0.994974874371859,2451.14824120603,5.5,44.522033898305,297.803626572948,111.192227898267,3.96,53.6833333333333,85,150,199,44.4489795918367,53.6833333333333,84.8797156543529,84.920439297755,199.0,446.924242424242,297.474368643753,445.663316582914,254.45235310368,49287,198.499370276079,93.8131012129098,148,177,4642.90995766734,4.44723618090452,25582.9404761904,53.6833333333333,201210.166059891,49039.3266331658,84,75,31,44.4489795918367,199.01007556675,40.2,0
Andrew M. Parker,11,504,55,9.16363636363636,7.63636363636363,4,11,3,3,500,133.5,5,8,4.9043401043401,420,7,4.85,20.6881608655772,4,4,6.37801047254557,1.41421356237309,96.031746031746,3.17460317460317,-4.36507936507936,-0.989959839357429,4,0.363636363636363,3.33223140495867,0.0727272727272727,1.69230769230769,22.4499443206436,19.1441897190766,0.0677966101694915,2.16666666666666,5,12,11,1.77777777777777,2.16666666666666,4.968,4.96825396825396,11.0,125.0,22.3606797749978,45.8181818181818,23.1084400165826,484,6.6332495807108,2.66666666666666,11,4,18.5923138430784,2.36363636363636,189.5,6.36666666666666,5727.27272727272,242.0,4,3,2,1.77777777777777,6.44444444444444,1.14285714285714,0
Andrew Taylor,199,54718,45,1215.95555555555,2.74964824120603,147,199,22,34,48328,226.5,194,199,97.1124466591628,22044,199,145.84,185.081063320913,199,147,50.249790566126,12.92284798332,49.0990167769289,39.4915749844658,-2.55674549508388,-1.28652334993038,199,0.738693467336683,898.218425460636,3.26666666666666,37.3601532567049,233.918789326552,99.3955202433411,2.82692307692307,62.8,73,118,199,37.515625,62.8,72.8506740407881,72.9052596951643,199.0,328.761904761904,219.836302734557,274.964824120603,182.470545568319,26719,171.035084120188,74.2616783745156,111,145,3543.20262026866,3.93467336683417,16490.2999999999,62.8,2135.01839648345,19737.1507537688,72,63,28,37.515625,148.006779661016,49.3333333333333,0
Andrzej Roslanowski,48,615,21,29.2857142857142,0.522959183673469,16,23,5,3,422,22.0,20,21,15.4348335358131,273,32,2.41,18.138357147217,1,16,9.03626460604895,4.58257569495584,29.5934959349593,41.6260162601626,-54.3089430894309,-2.05434782608695,25,0.333333333333333,9.76190476190476,0.761904761904761,7.6039603960396,24.7991935352744,17.0293863659264,0.470588235294117,10.9166666666666,11,15,48,7.31428571428571,10.9166666666666,10.6960486322188,10.8373983739837,48.0,26.375,20.5426385841741,12.8125,18.7616630392937,166,19.1833260932508,10.817974460525,13,15,26.5615382452272,2.10416666666666,307.583333333333,26.2,31.7055084745762,126.47619047619,10,5,2,7.31428571428571,17.030303030303,8.5,0
Angeliki Zavou,16,119,107,1.11214953271028,0.875,5,10,3,2,101,21.0,6,8,6.02049041429846,54,10,1.01,8.60232526704262,3,5,4.63128016449565,1.73205080756887,68.0672268907563,21.0084033613445,-34.453781512605,-1.06185567010309,3,0.3125,0.347546728971962,0.0467289719626168,1.7391304347826,10.9087121146357,9.72111104761179,0.0413223140495867,1.6,4,5,16,1.08695652173913,1.6,3.90217391304347,3.92436974789916,16.0,20.2,10.0498756211208,7.4375,10.2469507659595,76,7.07106781186547,2.33126202060078,4,3,4.39973578583908,2.875,27.9833333333333,9.26666666666666,60.6442307692307,47.5,3,2,1,1.08695652173913,6.09090909090909,3.0,0
Anke Troltzsch,12,51,15,3.4,0.653846153846153,3,7,2,1,46,10.0,4,5,4.43059163059163,30,6,0.46,5.47722557505166,1,4,3.33001396063188,1.0,72.5490196078431,17.6470588235294,-43.1372549019607,-0.886363636363636,2,0.25,0.85,0.2,1.44,7.14142842854285,6.16441400296897,0.176470588235294,2.66666666666666,3,8,12,1.8,2.66666666666666,2.9,2.92156862745098,12.0,15.3333333333333,6.78232998312526,4.25,5.47722557505166,37,4.58257569495584,2.32379000772445,6,2,6.81410256410256,2.08333333333333,43.5,8.5,39.1,22.2,2,2,1,1.79999999999999,4.42857142857142,1.75,0
Anne P. Leigh,4,22,30,0.733333333333333,2.2,2,4,2,1,22,11.0,4,3,3.0,15,2,0.22,3.87298334620741,2,2,2.55318128170954,1.0,81.8181818181818,18.1818181818181,-9.09090909090909,0.0,1,0.5,0.366666666666666,0.0666666666666666,0.5,4.69041575982343,4.69041575982343,0.0384615384615384,0.7,2,4,4,0.571428571428571,0.7,1.93333333333333,1.95454545454545,4.0,11.0,4.69041575982343,5.5,4.69041575982343,18,2.82842712474619,1.06904496764969,2,1,0.568461538461538,4.0,8.9,1.15,0.25,12.0,1,1,0,0.571428571428571,4.4,1.0,0
Annette Aboulafia,10,41,2,20.5,0.745454545454545,4,6,2,1,34,8.0,5,5,5.19322899322899,24,8,0.28,5.29150262212918,2,5,3.401535771885,1.73205080756887,43.9024390243902,39.0243902439024,-41.4634146341463,-1.0,1,0.4,8.2,2.0,1.6,6.40312423743284,5.19615242270663,0.129032258064516,2.16666666666666,3,5,10,1.6,2.16666666666666,2.8,2.90243902439024,10.0,8.5,5.8309518948453,4.1,5.65685424949238,18,4.89897948556635,2.5298221281347,3,2,1.37652947719688,2.5,18.4999999999999,4.58333333333333,19.9142857142857,14.4,2,1,0,1.6,5.22222222222222,2.33333333333333,0
Anon,669,6260,162,38.6419753086419,0.02793208843674,34,70,11,12,4381,77.0,45,52,31.8177029454718,1464,84,40.82,56.471231613982,0,34,18.7416224842603,3.46410161513775,52.0607028753993,18.4664536741214,-315.399361022364,-2.14790626200537,76,0.0508221225710014,1.96386720552141,0.209876543209876,30.207171314741,79.1201617794097,48.3195957488608,0.173469387755102,20.4499999999999,25,56,669,13.287356321839,20.4499999999999,24.8571782791966,24.9079872204472,669.0,128.85294117647,66.1891229734916,9.35724962630792,51.1663952218641,3225,48.7852436706018,21.2548844960994,50,29,138.879465170747,1.12556053811659,3979.88333333333,641.066666666666,22.3914672629536,2108.65384615384,24,11,6,13.287356321839,35.0144927536231,17.5,0
Atsuki Inada,69,32608,90,362.311111111111,13.5022774327122,69,69,21,33,32608,337.0,69,69,39.1482189614698,14679,69,111.67,152.495901584272,69,69,37.4460682801322,7.93725393319377,85.399288518155,14.6007114818449,0.0,0.0,69,1.0,362.311111111111,0.766666666666666,14.3403614457831,180.576853444731,108.001003081761,0.638888888888888,17.6214285714285,54,70,69,14.3403614457831,17.6214285714285,53.9027118761472,53.9138554955839,69.0,472.579710144927,180.576853444731,472.579710144927,152.489343889991,27847,69.0,31.4560795357437,69,68,1252.57055633415,4.81159420289855,8000.94047619047,17.6214285714285,0.0144927536231884,27847.0,53,44,18,14.3403614457831,68.4748201438849,-1.00947867298578,0
Atsushi Toyama,39,181,26,6.96153846153846,0.232051282051282,6,12,3,2,136,16.0,9,10,7.9849916983718,65,19,1.36,9.9498743710662,1,7,5.23363728053646,2.23606797749979,55.2486187845303,19.8895027624309,-84.5303867403315,-1.46391752577319,6,0.153846153846153,1.07100591715976,0.23076923076923,1.48101265822784,13.4536240470737,11.6619037896906,0.214285714285714,2.9,4,6,39,1.28571428571428,2.9,3.9090909090909,3.95027624309392,39.0,22.6666666666666,11.6619037896906,4.64102564102564,9.79795897113271,100,8.48528137423857,2.77746029931765,5,3,12.4639415709849,4.05128205128205,39.1833333333333,11.65,14.0262108262108,60.0,3,3,1,1.28571428571428,7.3076923076923,2.2,0
Ayanendranath Basu,48,1178,13,90.6153846153846,1.0017006802721,18,33,6,4,1003,32.5,23,26,16.1526347571872,429,35,6.8,25.3574446662119,5,18,11.0515343578564,1.73205080756887,57.6400679117147,27.5042444821731,-30.8149405772495,-1.3388625592417,25,0.375,33.9807692307692,1.38461538461538,6.85714285714285,34.322004603461,22.7027898432476,0.545454545454545,9.83333333333333,12,26,48,7.04347826086956,9.83333333333333,11.8568047337278,11.8972835314091,48.0,55.7222222222222,31.6701752442262,24.5416666666666,24.1867732448956,679,24.3721152139078,11.259778359082,20,12,46.1013684910236,2.625,476.849999999999,20.2833333333333,140.658809523809,470.076923076923,11,6,3,7.04347826086956,19.1351351351351,3.66666666666666,0
B. B. Broms,318,8426,69,122.115942028985,0.166124484927347,40,88,11,11,6598,74.0,56,63,37.1177902935092,2074,100,52.02,68.4762732630799,5,41,21.0167459001861,1.41421356237309,59.3164016140517,18.9888440541182,-110.277711844291,-1.68565488565488,102,0.125786163522012,15.3604958527025,0.579710144927536,20.516129032258,91.7932459389033,58.590101553078,0.547945205479452,31.7499999999999,33,83,318,21.6216216216216,31.7499999999999,32.8351046698872,32.8784713980536,318.0,164.95,81.228073964609,26.4968553459119,54.4058820349417,4998,59.3295878967653,29.4085848837523,71,40,191.970987260202,1.94968553459119,5739.18333333333,207.4,95.6379932014918,3173.33333333333,32,12,5,21.6216216216216,41.037037037037,11.0,0
B. Meandzija,89,1668,34,49.0588235294117,0.416479400749063,23,40,8,8,1490,53.0,30,33,18.3426128097959,672,37,9.21,33.166247903554,8,23,13.3775494400518,2.82842712474619,57.6139088729016,31.7146282973621,-80.2757793764988,-1.18365817091454,29,0.258426966292134,12.678122934567,0.676470588235294,8.18799999999999,40.8411557133242,29.0459406228592,0.560975609756097,11.1166666666666,15,23,89,6.08045977011494,11.1166666666666,14.8355704697986,14.8824940047961,89.0,64.7826086956521,38.6005181312375,18.7415730337078,34.9141805001921,961,30.3315017762062,11.8258435095617,22,18,85.7586883086761,2.80898876404494,608.249999999999,43.6428571428571,156.881706855195,669.787878787878,14,11,5,6.08045977011494,24.0425531914893,8.33333333333333,0
B. P. Sarkar,19,104,27,3.85185185185185,0.547368421052631,5,10,3,2,92,19.0,7,8,6.11105550795953,57,10,0.85,8.48528137423857,3,6,4.5698204153373,1.73205080756887,64.4230769230769,24.0384615384615,-55.7692307692307,-1.0,4,0.263157894736842,1.01364522417154,0.185185185185185,2.02127659574468,10.1980390271855,9.59166304662543,0.0892857142857142,3.33333333333333,6,9,19,2.27272727272727,3.33333333333333,5.72826086956521,5.75961538461538,19.0,18.4,9.59166304662543,5.47368421052631,9.74679434480896,67,7.07106781186547,3.37099931231621,7,4,2.16161679921442,2.47368421052631,51.4166666666666,9.7,41.9649122807017,41.875,5,1,0,2.27272727272727,6.18181818181818,2.66666666666666,0
B. Schnabel,29,5801,21,276.238095238095,13.335632183908,28,29,13,14,5774,158.5,29,29,18.4455099634763,2700,29,23.21,67.7642973843896,29,28,19.4062676523147,3.16227766016837,86.0196517841751,13.514911222203,0.0,0.0,29,0.96551724137931,266.71264367816,1.33333333333333,10.5454545454545,76.1642960973184,52.6339560866683,0.528301886792452,12.95,26,30,29,10.3157894736842,12.95,25.8888888888888,25.8922599551801,29.0,206.214285714285,75.9868409660514,200.03448275862,66.6183157997858,4990,28.49561369755,16.9953554026727,29,27,158.062681831146,2.6551724137931,2201.5,12.95,42777.7445721583,4817.93103448275,25,14,7,10.3157894736842,29.0701754385964,6.4,0
Bai Zhang,39,5691,23,247.434782608695,7.29615384615384,39,39,12,13,5691,101.0,39,39,23.7203242974438,2232,39,22.47,64.2728558568856,39,39,21.0422850485442,6.0,73.2735898787559,26.726410121244,0.0,0.0,39,1.0,247.434782608695,1.69565217391304,7.3125,75.4387168501691,46.97598170494,1.18181818181818,8.2,22,33,39,7.3125,8.2,21.9004514672686,21.9225092250922,39.0,145.923076923076,75.4387168501691,145.923076923076,62.7614531380528,4170,39.0,16.8874953737965,33,25,398.3644900283,5.33333333333333,1183.18928571428,8.2,0.0256410256410256,4170.0,21,24,10,7.3125,39.3164556962025,-1.0377358490566,0
Barbara Simons,19,2583,43,60.0697674418604,13.5947368421052,19,19,10,10,2583,114.0,19,19,13.1810482770852,1161,19,10.79,43.9089968002003,19,19,14.5907298569648,3.0,86.0240030971738,13.9759969028261,0.0,0.0,19,1.0,60.0697674418604,0.441860465116279,6.22413793103448,50.8232230382922,45.0998891351187,0.345454545454545,7.41666666666666,17,20,19,6.22413793103448,7.41666666666666,16.8936877076411,16.9008904374758,19.0,135.947368421052,50.8232230382922,135.947368421052,46.5403051128803,2222,19.0,10.8746779579744,19,18,93.0784444204334,3.05263157894736,961.166666666666,7.41666666666666,0.0526315789473684,2222.0,16,11,6,6.22413793103448,18.6410256410256,-1.03846153846153,0
Bart Jongejan,529,26977,71,379.957746478873,0.192438563327032,87,139,15,21,15808,153.0,117,126,82.1438602058601,8413,270,73.6,108.411254028352,2,87,33.7367814689027,13.3790881602596,30.8633280201653,28.0572339400229,-101.460503391778,-5.39865278628291,367,0.164461247637051,62.4883250352778,1.22535211267605,22.6937869822485,164.246765569371,61.6060156149637,1.16,45.9428571428572,40,71,529,19.5077319587628,45.9428571428572,39.8516531746805,39.9436186380991,529.0,181.701149425287,125.729869164013,50.9962192816635,115.373307138176,8239,109.968177215047,41.1967557025109,56,43,1311.14095050953,3.8336483931947,7115.72380952381,166.85238095238,73.1442795056886,5688.83333333333,39,36,13,19.5077319587628,88.0057142857142,44.0,0
Ben Niu,1,0,0,0.0,0.0,0,0,0,0,0,0.0,1,1,0.0,0,0,0.0,0.0,0,1,0.0,1.0,0.0,0.0,0.0,0.0,0,0.0,0.0,0.0,0.0,0.0,0.0,0.0,0.0,1,0,1,0.0,0.5,0.0,0.0,0.5,0.0,0.0,0.0,0.0,0,0.0,0.0,0,0,0.0,2.0,0.0,0.5,0.0,0.0,0,0,0,0.0,1.0,1.0,0
Benoit Gosselin,199,92376,34,2716.94117647058,4.64201005025125,185,199,26,49,89766,320.0,199,199,104.209284651264,35820,199,272.79,251.069711434892,199,185,61.4942302545438,13.4164078649987,60.3251926907421,37.049666580064,-0.176452758292197,-1.05094118049459,199,0.92964824120603,2525.79958616612,5.44117647058823,48.0613577023498,303.934203405934,123.2468908488,3.93617021276595,63.8928571428572,93,168,199,48.9628040057224,63.8928571428572,92.8743020078412,92.9083744695591,199.0,485.221621621621,299.609746169913,464.201005025125,243.310501211928,55541,191.872353401942,95.1741495420823,172,185,4329.43066019369,3.84924623115577,31283.9428571428,63.8928571428572,17218.698805367,51633.5929648241,92,69,29,48.9628040057224,186.005390835579,62.0,0
Bernhard Rumpe,2,1,3,0.333333333333333,0.333333333333333,1,1,1,0,0,0.0,2,1,1.0,1,1,0.01,1.0,0,1,1.0,1.0,0.0,100.0,0.0,0.0,0,0.5,0.166666666666666,0.333333333333333,0.333333333333333,1.0,1.0,0.0303030303030303,0.2,1,3,2,0.2,0.2,-1.0,-1.0,0.2,0.0,0.0,0.5,0.0,-1,1.0,0.447213595499957,0,0,0.0303030303030303,3.0,0.2,1.2,0.5,-1.0,0,0,0,0.2,2.33333333333333,1.0,0
Bernhard Selk,499,71841,80,898.0125,0.575879759519038,143,232,20,32,43620,221.0,190,204,132.550479146619,25056,456,168.89,176.547444048335,61,143,48.6993573317826,18.6547581061776,32.2531701952923,28.4642474353085,-31.57667627121,-4.59086229086229,499,0.286573146292585,257.34626753507,1.7875,19.4274435066702,268.031714541395,93.6018458982276,1.36190476190476,96.3095238095238,83,135,499,41.7326530612244,96.3095238095238,82.798023489832,82.9064044208738,499.0,305.034965034965,208.854016001608,143.969939879759,177.772326305305,23171,182.142801120439,77.2513390677152,127,140,2190.82300128341,7.36072144288577,28282.3790429042,196.460018859028,222.528215780982,16242.4166666666,82,39,15,41.7326530612244,144.010452961672,36.25,0
Bernhard Selk (1),499,71841,80,898.0125,0.575879759519038,143,232,20,32,43620,221.0,190,204,132.550479146619,25056,456,168.89,176.547444048335,61,143,48.6993573317826,18.6547581061776,32.2531701952923,28.4642474353085,-31.57667627121,-4.59086229086229,499,0.286573146292585,257.34626753507,1.7875,19.4274435066702,268.031714541395,93.6018458982276,1.36190476190476,96.3095238095238,83,135,499,41.7326530612244,96.3095238095238,82.798023489832,82.9064044208738,499.0,305.034965034965,208.854016001608,143.969939879759,177.772326305305,23171,182.142801120439,77.2513390677152,127,140,2190.82300128341,7.36072144288577,28282.3790429042,196.460018859028,222.528215780982,16242.4166666666,82,39,15,41.7326530612244,144.010452961672,36.25,0
Bill Cheng,40,466,38,12.2631578947368,0.568292682926829,10,21,5,5,420,56.0,14,15,9.6489040591379,280,15,3.74,18.7082869338697,5,11,7.84281811943738,2.23606797749979,70.8154506437768,21.4592274678111,-56.6523605150214,-1.05445544554455,11,0.25,3.06578947368421,0.263157894736842,3.50877192982456,21.5870331449229,19.09624744987,0.238095238095238,4.53333333333333,8,12,40,2.56410256410256,4.53333333333333,7.87435897435897,7.89484978540772,40.0,42.0,20.4939015319191,11.65,23.6643191323984,320,14.4913767461894,5.06369683541833,10,6,30.6098986379474,2.85,127.266666666666,20.2333333333333,139.152777777777,213.333333333333,7,5,3,2.56410256410256,11.0,11.0,0
Bill Cheng (1),40,466,38,12.2631578947368,0.568292682926829,10,21,5,5,420,56.0,14,15,9.6489040591379,280,15,3.74,18.7082869338697,5,11,7.84281811943738,2.23606797749979,70.8154506437768,21.4592274678111,-56.6523605150214,-1.05445544554455,11,0.25,3.06578947368421,0.263157894736842,3.50877192982456,21.5870331449229,19.09624744987,0.238095238095238,4.53333333333333,8,12,40,2.56410256410256,4.53333333333333,7.87435897435897,7.89484978540772,40.0,42.0,20.4939015319191,11.65,23.6643191323984,320,14.4913767461894,5.06369683541833,10,6,30.6098986379474,2.85,127.266666666666,20.2333333333333,139.152777777777,213.333333333333,7,5,3,2.56410256410256,11.0,11.0,0
Bin-Jun Wang,159,338989,50,6779.78,26.6500786163522,154,159,46,126,338520,1625.5,159,159,83.7509181008578,161861,159,890.89,494.836336580085,159,154,82.6141318702301,11.5325625946707,92.8655502095938,6.99609721849381,-0.0778786332299868,-1.00195760686995,159,0.968553459119496,6566.57937106918,3.08,42.2172413793103,582.227618719689,226.070180268394,1.94936708860759,59.8595238095238,153,160,159,42.2745098039215,59.8595238095238,152.931636880104,152.93184439613,159.0,2198.18181818181,581.8247158724,2132.00628930817,500.326893140874,314804,156.480030674843,80.6862721273199,159,152,10385.9810117225,3.64779874213836,160173.123809523,59.8595238095238,1538863.047029,304904.503144654,152,135,57,42.2745098039215,155.52427184466,1.71779141104294,0
Bin-Jun Wang (1),159,338989,50,6779.78,26.6500786163522,154,159,46,126,338520,1625.5,159,159,83.7509181008578,161861,159,890.89,494.836336580085,159,154,82.6141318702301,11.5325625946707,92.8655502095938,6.99609721849381,-0.0778786332299868,-1.00195760686995,159,0.968553459119496,6566.57937106918,3.08,42.2172413793103,582.227618719689,226.070180268394,1.94936708860759,59.8595238095238,153,160,159,42.2745098039215,59.8595238095238,152.931636880104,152.93184439613,159.0,2198.18181818181,581.8247158724,2132.00628930817,500.326893140874,314804,156.480030674843,80.6862721273199,159,152,10385.9810117225,3.64779874213836,160173.123809523,59.8595238095238,1538863.047029,304904.503144654,152,135,57,42.2745098039215,155.52427184466,1.71779141104294,0
Bo Yang,19,48991,21,2332.90476190476,257.847368421052,19,19,19,19,48991,2162.0,19,19,13.1810482770852,25686,19,206.14,187.874958416495,19,19,30.5014921163634,4.24264068711928,99.2631299626462,0.736870037353799,0.0,0.0,19,1.0,2332.90476190476,0.904761904761904,3.25225225225225,221.339106350414,152.810612633198,0.655172413793103,3.42380952380952,19,20,19,3.25225225225225,3.42380952380952,19.9926312996264,19.9926312996264,19.0,2578.47368421052,221.339106350414,2578.47368421052,202.677083065649,48630,19.0,7.86083919138362,19,19,3954.70944446909,5.84210526315789,8890.04523809523,3.42380952380952,0.0526315789473684,48630.0,19,19,19,3.25225225225225,-13.2820512820512,-1.00154202004626,0
Bo Yang (1),19,48991,21,2332.90476190476,257.847368421052,19,19,19,19,48991,2162.0,19,19,13.1810482770852,25686,19,206.14,187.874958416495,19,19,30.5014921163634,4.24264068711928,99.2631299626462,0.736870037353799,0.0,0.0,19,1.0,2332.90476190476,0.904761904761904,3.25225225225225,221.339106350414,152.810612633198,0.655172413793103,3.42380952380952,19,20,19,3.25225225225225,3.42380952380952,19.9926312996264,19.9926312996264,19.0,2578.47368421052,221.339106350414,2578.47368421052,202.677083065649,48630,19.0,7.86083919138362,19,19,3954.70944446909,5.84210526315789,8890.04523809523,3.42380952380952,0.0526315789473684,48630.0,19,19,19,3.25225225225225,-13.2820512820512,-1.00154202004626,0
Bo You,12,25,12,2.08333333333333,0.32051282051282,3,4,2,0,19,6.0,4,4,4.54170274170274,12,6,0.19,3.87298334620741,0,4,2.72937533930076,1.41421356237309,40.0,36.0,-84.0,-0.8125,0,0.25,0.520833333333333,0.25,0.818181818181818,5.0,3.39116499156263,0.075,1.74999999999999,3,2,12,1.0,1.74999999999999,2.73333333333333,2.84,12.0,6.33333333333333,4.35889894354067,2.08333333333333,4.24264068711928,10,3.46410161513775,1.73205080756887,2,2,0.828794409613375,3.66666666666666,8.58333333333333,3.7095238095238,6.59722222222222,7.5,2,1,0,1.0,4.14285714285714,2.5,0
Bo You (1),12,25,12,2.08333333333333,0.32051282051282,3,4,2,0,19,6.0,4,4,4.54170274170274,12,6,0.19,3.87298334620741,0,4,2.72937533930076,1.41421356237309,40.0,36.0,-84.0,-0.8125,0,0.25,0.520833333333333,0.25,0.818181818181818,5.0,3.39116499156263,0.075,1.74999999999999,3,2,12,1.0,1.74999999999999,2.73333333333333,2.84,12.0,6.33333333333333,4.35889894354067,2.08333333333333,4.24264068711928,10,3.46410161513775,1.73205080756887,2,2,0.828794409613375,3.66666666666666,8.58333333333333,3.7095238095238,6.59722222222222,7.5,2,1,0,1.0,4.14285714285714,2.5,0
Bradley Jones,151,6893,110,62.6636363636363,0.600644823980481,31,82,13,15,6347,118.0,43,52,25.5783645488421,2436,60,48.96,72.4499827467198,15,31,19.8182208486297,3.74165738677394,78.1372406789496,13.941679965182,-46.0322065863919,-1.15623392214028,51,0.205298013245033,12.8647200481637,0.281818181818181,14.9076433121019,83.0240928887513,51.6978400580398,0.271929824561403,16.05,23,50,151,9.7070707070707,16.05,22.9186007399932,22.9297838386769,151.0,204.74193548387,79.668061354598,45.6490066225165,60.4814021001497,5386,50.4182506638221,17.3470225664,47,22,213.358722962754,2.07947019867549,2374.31666666666,100.283333333333,530.648800426946,3210.88461538461,22,15,8,9.7070707070707,32.031746031746,11.0,0
Bradley Jones (1),151,6893,110,62.6636363636363,0.600644823980481,31,82,13,15,6347,118.0,43,52,25.5783645488421,2436,60,48.96,72.4499827467198,15,31,19.8182208486297,3.74165738677394,78.1372406789496,13.941679965182,-46.0322065863919,-1.15623392214028,51,0.205298013245033,12.8647200481637,0.281818181818181,14.9076433121019,83.0240928887513,51.6978400580398,0.271929824561403,16.05,23,50,151,9.7070707070707,16.05,22.9186007399932,22.9297838386769,151.0,204.74193548387,79.668061354598,45.6490066225165,60.4814021001497,5386,50.4182506638221,17.3470225664,47,22,213.358722962754,2.07947019867549,2374.31666666666,100.283333333333,530.648800426946,3210.88461538461,22,15,8,9.7070707070707,32.031746031746,11.0,0
Brian Parfett,29,1174,29,40.4827586206896,2.69885057471264,18,29,7,6,1031,29.5,24,27,15.8121393186672,448,29,6.2,27.3861278752583,29,18,11.1907596334425,2.64575131106459,60.2214650766609,27.5979557069846,-4.59965928449744,-1.26519337016574,29,0.620689655172413,25.1272294887039,0.620689655172413,4.97142857142857,34.2636833980236,29.8328677803525,0.4,10.2666666666666,12,19,29,4.37837837837837,10.2666666666666,11.86123853211,11.896933560477,29.0,57.2777777777777,32.1091887160046,40.4827586206896,23.0434372436058,707,22.8473193175917,8.87754531448929,15,17,42.9339178954188,3.62068965517241,333.483333333333,10.85,291.872196768748,471.333333333333,11,6,2,4.37837837837837,19.1081081081081,4.4,0
Brian Parfett (1),29,1174,29,40.4827586206896,2.69885057471264,18,29,7,6,1031,29.5,24,27,15.8121393186672,448,29,6.2,27.3861278752583,29,18,11.1907596334425,2.64575131106459,60.2214650766609,27.5979557069846,-4.59965928449744,-1.26519337016574,29,0.620689655172413,25.1272294887039,0.620689655172413,4.97142857142857,34.2636833980236,29.8328677803525,0.4,10.2666666666666,12,19,29,4.37837837837837,10.2666666666666,11.86123853211,11.896933560477,29.0,57.2777777777777,32.1091887160046,40.4827586206896,23.0434372436058,707,22.8473193175917,8.87754531448929,15,17,42.9339178954188,3.62068965517241,333.483333333333,10.85,291.872196768748,471.333333333333,11,6,2,4.37837837837837,19.1081081081081,4.4,0
Bruno Cuervo Parrino,733,24973,320,78.040625,0.092832635096706,76,153,17,22,20241,153.0,103,117,61.5966839569542,6345,168,143.76,119.899958298574,5,78,33.4440410495804,6.85565460040104,58.2268850358387,23.1289792976414,-181.299803788091,-1.54031899345491,205,0.103683492496589,8.09152455661664,0.2375,23.1634095634095,158.028478446133,78.647874066869,0.234567901234567,35.6190476190476,41,89,733,18.7532467532467,35.6190476190476,40.9031007751938,40.9359308052696,733.0,266.328947368421,142.270868416552,34.0695770804911,107.833204533668,14465,107.833204533668,37.7524403614753,85,49,1003.11814337748,3.28103683492496,8908.74761904761,329.761904761904,148.666580228595,9396.06837606837,40,28,13,18.7532467532467,77.0,77.0,0
Bruno Cuervo Parrino (1),733,24973,320,78.040625,0.092832635096706,76,153,17,22,20241,153.0,103,117,61.5966839569542,6345,168,143.76,119.899958298574,5,78,33.4440410495804,6.85565460040104,58.2268850358387,23.1289792976414,-181.299803788091,-1.54031899345491,205,0.103683492496589,8.09152455661664,0.2375,23.1634095634095,158.028478446133,78.647874066869,0.234567901234567,35.6190476190476,41,89,733,18.7532467532467,35.6190476190476,40.9031007751938,40.9359308052696,733.0,266.328947368421,142.270868416552,34.0695770804911,107.833204533668,14465,107.833204533668,37.7524403614753,85,49,1003.11814337748,3.28103683492496,8908.74761904761,329.761904761904,148.666580228595,9396.06837606837,40,28,13,18.7532467532467,77.0,77.0,0
C. Annal Deva Priya Darshini,11,3,13,0.23076923076923,0.0454545454545454,1,1,1,0,0,0.0,1,1,1.53333333333333,3,3,0.03,1.0,0,3,1.0,1.73205080756887,0.0,33.3333333333333,-266.666666666666,0.0,0,0.0909090909090909,0.0209790209790209,0.0769230769230769,0.916666666666666,1.73205080756887,1.0,0.032258064516129,1.0,2,2,11,1.0,1.0,1.0,1.66666666666666,3.0,0.0,0.0,0.272727272727272,0.0,-1,1.0,1.0,1,1,0.124430641821946,1.09090909090909,3.0,10.5,0.136363636363636,-1.0,1,0,0,1.0,2.0,2.0,0
C. Annal Deva Priya Darshini (1),11,3,13,0.23076923076923,0.0454545454545454,1,1,1,0,0,0.0,1,1,1.53333333333333,3,3,0.03,1.0,0,3,1.0,1.73205080756887,0.0,33.3333333333333,-266.666666666666,0.0,0,0.0909090909090909,0.0209790209790209,0.0769230769230769,0.916666666666666,1.73205080756887,1.0,0.032258064516129,1.0,2,2,11,1.0,1.0,1.0,1.66666666666666,3.0,0.0,0.0,0.272727272727272,0.0,-1,1.0,1.0,1,1,0.124430641821946,1.09090909090909,3.0,10.5,0.136363636363636,-1.0,1,0,0,1.0,2.0,2.0,0
C. D. Yan,179,86476,25,3459.04,5.36784605834885,173,179,27,49,85461,338.0,179,179,94.2329265699878,33840,179,232.13,246.469064995994,179,173,60.1598718823779,12.0,64.4167167769092,34.609602664323,-0.224339701188769,-1.01570095217918,179,0.966480446927374,3343.09452513966,6.92,44.5568345323741,294.068019342464,114.44383929287,3.2037037037037,58.2630952380952,99,158,179,44.0132352941176,58.2630952380952,98.8574735842336,98.8889402840094,179.0,493.994219653179,292.337134144808,483.106145251396,241.813978090597,55532,175.974429960719,87.2598974666046,155,167,2582.74360683268,3.88268156424581,25746.075,58.5964285714285,49133.3867487625,53670.5921787709,98,56,23,44.0132352941176,174.00576368876,58.0,0
C. D. Yan (1),179,86476,25,3459.04,5.36784605834885,173,179,27,49,85461,338.0,179,179,94.2329265699878,33840,179,232.13,246.469064995994,179,173,60.1598718823779,12.0,64.4167167769092,34.609602664323,-0.224339701188769,-1.01570095217918,179,0.966480446927374,3343.09452513966,6.92,44.5568345323741,294.068019342464,114.44383929287,3.2037037037037,58.2630952380952,99,158,179,44.0132352941176,58.2630952380952,98.8574735842336,98.8889402840094,179.0,493.994219653179,292.337134144808,483.106145251396,241.813978090597,55532,175.974429960719,87.2598974666046,155,167,2582.74360683268,3.88268156424581,25746.075,58.5964285714285,49133.3867487625,53670.5921787709,98,56,23,44.0132352941176,174.00576368876,58.0,0
C. G. Zhang,229,1432001,24,59666.7083333333,54.3763432694133,228,229,74,214,1431910,4663.0,229,229,119.743767068853,679983,229,3953.52,1024.27291285086,229,228,129.549906605502,14.1774468787578,96.3634801931004,3.63016506273389,0.0,0.0,229,0.995633187772925,59406.155021834,9.5,43.0082372322899,1196.66244196097,378.413908975143,6.9090909090909,53.7039682539682,220,230,229,42.8910891089108,53.7039682539682,219.966402548757,219.966507704952,229.0,6280.30701754386,1196.62441893854,6253.27947598253,1031.09844340877,1379926,228.499452953393,98.889677503932,229,223,102868.393243122,5.30131004366812,354441.825396825,53.7039682539682,98397070.4885071,1373900.12227074,219,217,188,42.8910891089108,229.564551422319,1.35135135135135,0
C. H. Calisher,109,16889,52,324.788461538461,2.81718098415346,68,109,14,20,14728,122.0,94,104,50.9751265060638,5046,109,73.3,102.029407525477,109,68,29.9941967462247,7.6157731058639,60.2285511279531,27.3787672449523,-4.10918349221386,-1.31401722787783,109,0.623853211009174,202.620324629498,1.3076923076923,17.8173076923076,129.957685421063,96.6105584291903,1.19298245614035,34.8595238095238,36,71,109,16.6931407942238,34.8595238095238,35.8954242786409,35.9274675824501,109.0,216.588235294117,121.358971650224,154.94495412844,91.0823802938856,10104,86.0929730001235,33.6917434100288,69,64,1026.55159979732,3.81651376146789,5556.64047619047,35.3095238095238,1095.34904026966,6606.46153846153,35,26,16,16.6931407942238,69.0072992700729,34.5,0
C. I. Chang,449,18005,94,191.542553191489,0.178223212076218,59,129,16,22,14739,167.0,83,97,50.1258293698448,5382,140,99.95,105.204562638699,5,59,29.1706841339165,5.09901951359278,62.5270758122743,19.3335184670924,-109.65287420161,-1.52250455294423,171,0.131403118040089,25.1692887267213,0.627659574468085,19.550553505535,134.182711255958,53.0693463261092,0.60204081632653,31.3023809523809,39,94,449,17.4924623115577,31.3023809523809,38.8883907868295,38.9198000555401,449.0,249.813559322033,121.404283285228,40.1002227171492,99.2622788374315,11258,87.2410453857586,32.1256171362031,88,45,748.079984147422,3.01781737193763,8701.53809523809,199.545238095238,180.96668175997,6847.64948453608,38,27,12,17.4924623115577,60.0252100840336,15.5,0
Caikou Chen,7,13,4,3.25,0.464285714285714,2,3,1,0,6,6.0,2,2,3.46349206349206,8,5,0.08,2.44948974278317,0,4,1.96563051084283,2.0,30.7692307692307,30.7692307692307,-38.4615384615384,-1.2,0,0.285714285714285,0.928571428571428,0.5,0.608695652173913,3.60555127546398,2.82842712474619,0.1,1.25,2,1,7,0.666666666666666,1.25,1.83333333333333,1.92307692307692,7.0,3.0,2.44948974278317,1.85714285714285,3.46410161513775,2,2.44948974278317,1.15470053837925,1,1,0.777941176470588,3.28571428571428,4.83333333333333,2.25,2.97142857142857,2.0,1,1,0,0.666666666666666,3.0,3.0,0
Camilla Silversjo Holmqvist,863,8605,309,27.8478964401294,0.0230810909403029,46,77,11,12,4975,88.0,62,67,44.608752354858,2304,131,39.71,61.2372435695794,0,46,21.4609641561547,6.0,33.2248692620569,24.59035444509,-394.549680418361,-5.56978417266187,153,0.0533024333719582,1.48436064454919,0.148867313915857,22.0544444444444,92.7631392310543,46.0944079519896,0.146964856230031,28.5499999999999,30,50,863,15.674074074074,28.5499999999999,29.7882145555275,29.9022661243463,863.0,108.152173913043,70.5336798983294,9.97103128621089,63.6238948823474,2859,59.514704065466,26.8515810969746,43,43,237.465898241359,2.08574739281575,4016.52857142857,577.40238095238,13.6655318592008,1962.89552238805,29,14,5,15.674074074074,47.021505376344,16.0,0
Carl Bruninx,123,797,53,15.0377358490566,0.104510883818515,14,25,6,4,484,36.0,20,22,16.2379754831666,288,40,4.5,20.3469899493758,0,18,8.98800732648474,3.0,37.8920953575909,24.5922208281053,-153.952321204516,-3.16431924882629,23,0.113821138211382,1.71161221046172,0.264150943396226,5.83728813559322,28.2311884269862,21.1423745118659,0.179487179487179,10.9333333333333,11,17,123,4.66666666666666,10.9333333333333,10.7685185185185,10.8745294855708,123.0,34.5714285714285,22.0,6.47967479674796,22.4499443206436,288,18.7082869338697,8.08290376865476,14,9,17.9587695678325,2.39837398373983,404.299999999999,70.9166666666666,10.7922342768578,183.272727272727,10,4,1,4.66666666666666,15.0,15.0,0
Carl Christian Liebe,70,1250,28,44.6428571428571,0.503018108651911,18,34,7,6,1035,45.0,25,28,16.8180152929438,504,37,7.26,27.8388218141501,8,18,11.4284380922827,2.82842712474619,56.8799999999999,25.9199999999999,-57.52,-1.41148325358851,28,0.257142857142857,11.4795918367346,0.642857142857142,5.43103448275862,35.3553390593273,26.3185612575358,0.5625,10.4666666666666,13,39,70,5.89090909090909,10.4666666666666,12.8376550169109,12.8848,70.0,57.5,32.1714158842908,17.8571428571428,28.4604989415154,711,24.7386337537059,10.2973959638523,23,15,55.8718911018458,3.31428571428571,620.433333333333,27.5166666666666,85.9634551495016,457.071428571428,12,8,4,5.89090909090909,19.1351351351351,3.66666666666666,0
Cedric Teyssie,199,11128,37,300.756756756756,0.559195979899497,57,97,13,16,7791,109.5,78,85,50.6804805505635,3445,145,36.1,76.0,21,57,25.3846991554085,7.28010988928051,41.3281811646297,29.1966211358734,-43.2242990654205,-2.36507249513092,177,0.28643216080402,86.1464077142469,1.54054054054054,15.6024759284731,105.489335953924,50.362920978869,0.826086956521739,30.5333333333333,32,46,199,15.3254716981132,30.5333333333333,31.8365090166723,31.9136412652767,199.0,136.684210526315,88.2666414904294,55.9195979899497,79.0031644935821,4542,74.3572457800852,29.5559111988186,43,38,289.171841942175,3.65326633165829,3185.61666666666,59.8333333333334,133.797867385709,3045.81176470588,31,16,6,15.3254716981132,58.0347826086956,11.6,0
Chang-Heon Kim,1,0,0,0.0,0.0,0,0,0,0,0,0.0,1,1,0.0,0,0,0.0,0.0,0,1,0.0,1.0,0.0,0.0,0.0,0.0,0,0.0,0.0,0.0,0.0,0.0,0.0,0.0,0.0,1,0,1,0.0,0.25,0.0,0.0,0.25,0.0,0.0,0.0,0.0,0,0.0,0.0,0,0,0.0,4.0,0.0,0.25,0.0,0.0,0,0,0,0.0,1.0,1.0,0
Changseob Park,1,0,0,0.0,0.0,0,0,0,0,0,0.0,1,1,0.0,0,0,0.0,0.0,0,1,0.0,1.0,0.0,0.0,0.0,0.0,0,0.0,0.0,0.0,0.0,0.0,0.0,0.0,0.0,1,0,1,0.0,0.333333333333333,0.0,0.0,0.333333333333333,0.0,0.0,0.0,0.0,0,0.0,0.0,0,0,0.0,3.0,0.0,0.333333333333333,0.0,0.0,0,0,0,0.0,1.0,1.0,0
Chao-Shi Chen,17,267,21,12.7142857142857,1.74509803921568,5,16,3,2,247,14.0,7,9,6.4728451146327,174,11,2.34,13.1909059582729,4,5,5.47143731178354,1.0,83.1460674157303,9.36329588014981,-14.6067415730337,-1.08225108225108,5,0.294117647058823,3.73949579831932,0.238095238095238,1.51785714285714,16.3401346383681,15.2643375224737,0.108695652173913,2.86666666666666,5,14,17,1.92307692307692,2.86666666666666,4.93162393162393,4.94007490636704,17.0,49.4,15.7162336455017,15.7058823529411,8.36660026534075,222,8.94427190999916,3.10086836473021,9,4,9.94028913528913,3.29411764705882,98.0,6.15,193.967647058823,123.333333333333,4,2,1,1.92307692307692,6.81818181818181,1.4,0
Charlie C. Chen,57,2729,40,68.225,1.65093768905021,21,52,9,9,2598,84.0,28,34,16.6946477821729,1032,36,16.04,42.8602379834736,20,21,14.8551392227787,2.82842712474619,79.0399413704653,16.1597654818614,-22.6823012092341,-1.07655116841257,26,0.368421052631578,25.1355263157894,0.525,7.52830188679245,52.2398315464359,31.8559256654079,0.477272727272727,9.08333333333333,18,32,57,6.78461538461538,9.08333333333333,17.8802320762536,17.894100403078,57.0,123.714285714285,50.9705797494986,47.8771929824561,42.0,2157,33.0454232837166,11.9363697612349,30,17,171.618203030199,2.78947368421052,919.416666666666,25.0,949.503415026114,1332.26470588235,17,15,8,6.78461538461538,22.3255813953488,2.0,0
Chen Weirong,3,9,95,0.0947368421052631,1.5,2,3,1,0,6,6.0,2,2,2.86666666666666,6,3,0.06,2.44948974278317,3,2,1.96563051084283,1.0,44.4444444444444,44.4444444444444,0.0,0.0,0,0.666666666666666,0.0631578947368421,0.0210526315789473,1.0,3.0,2.82842712474619,0.0161290322580645,1.5,2,2,3,1.33333333333333,1.5,1.83333333333333,1.88888888888888,3.0,3.0,2.44948974278317,3.0,3.46410161513775,2,2.44948974278317,1.63299316185545,2,1,0.208506527720859,2.0,7.33333333333333,1.83333333333333,24.0,2.0,1,0,0,1.33333333333333,3.2,1.5,0
Cheng-Chin Chiang,9,450,17,26.4705882352941,10.0,9,9,6,5,450,50.0,9,9,7.62093592681828,280,9,2.1,18.7349939951951,9,9,7.92428005597996,2.82842712474619,82.0,18.0,0.0,0.0,9,1.0,26.4705882352941,0.529411764705882,2.69999999999999,21.2132034355964,20.2607995893548,0.3,2.95,9,10,9,2.7,2.95,9.82,9.82,9.0,50.0,21.2132034355964,50.0,21.2132034355964,369,9.0,4.92950301754649,9,9,22.3725978382156,3.33333333333333,141.283333333333,2.95,0.111111111111111,369.0,9,7,2,2.69999999999999,8.57894736842105,-1.07692307692307,0
Cheng-Wen Wei,35,254,35,7.25714285714285,0.403174603174603,10,15,4,2,199,18.5,13,14,10.2836597569985,120,19,1.31,12.1243556529821,1,12,6.62017384141156,3.46410161513775,38.9763779527559,39.3700787401574,-76.771653543307,-1.42207792207792,12,0.285714285714285,2.0734693877551,0.285714285714285,2.82258064516129,15.9373774505092,12.4766448481419,0.27027027027027,4.23333333333333,6,8,35,2.7027027027027,4.23333333333333,5.80916030534351,5.9015748031496,35.0,19.9,14.1067359796658,7.25714285714285,13.6014705087354,99,12.2474487139158,5.19875244910036,6,5,15.6257325632325,3.54285714285714,70.6166666666666,11.9166666666666,26.2576623376623,70.7142857142857,5,4,2,2.7027027027027,11.047619047619,6.0,0
Cheryl S. Scott,302,12966,52,249.346153846153,0.283391253032588,61,110,13,16,10344,114.0,82,91,49.1675634193886,4161,131,59.4,85.6562899033106,5,61,27.3034068574835,7.54983443527075,51.5502082369273,28.6981335801326,-93.6217800401048,-1.60222672064777,146,0.201986754966887,50.3646204788588,1.17307692307692,22.7713226205191,113.868345030565,66.8568833938799,1.08928571428571,32.8999999999999,37,61,302,17.8038277511961,32.8999999999999,36.8446974236069,36.9000462748727,302.0,169.573770491803,101.705457080728,42.933774834437,83.3906469575575,6623,81.9145896650895,32.9550222701027,60,60,685.897371497676,2.67880794701986,4794.48333333333,165.3,174.434176943505,4439.5934065934,36,27,12,17.8038277511961,62.0081300813008,31.0,0
Chi-geun Lee,199,21856,32,683.0,1.09829145728643,83,140,16,23,16261,150.0,113,123,69.1714533863982,7254,199,58.14,109.311481556147,70,84,33.4326919597615,7.87400787401181,42.8806734992679,31.5199487554904,-18.4525988286969,-2.01479207368127,199,0.417085427135678,284.869346733668,2.59375,25.848200312989,147.83774890061,71.7866879820247,1.38333333333333,49.8428571428571,50,73,199,25.050909090909,49.8428571428571,49.8101375929147,49.8901445827232,199.0,195.915662650602,127.518626090465,109.829145728643,111.579568022106,9372,107.796103825694,45.5985246970278,78,58,619.821200949588,3.2110552763819,8392.43095238095,77.4761904761905,319.201383144498,6324.19512195121,49,25,9,25.050909090909,84.0059880239521,42.5,0
Chia-Yun Wu,5,98,3,32.6666666666666,6.53333333333333,2,5,2,2,98,49.0,5,4,3.0,92,2,0.98,7.21110255092797,2,2,3.74077966927393,1.41421356237309,95.9183673469387,4.08163265306122,-4.08163265306122,0.0,2,0.4,13.0666666666666,0.666666666666666,0.454545454545454,9.89949493661166,7.0,0.0952380952380952,0.333333333333333,3,6,5,0.333333333333333,0.333333333333333,2.95918367346938,2.95918367346938,5.0,49.0,9.89949493661166,19.6,9.89949493661166,94,3.16227766016837,0.816496580927726,4,2,5.44444444444444,4.4,16.3333333333333,1.78333333333333,0.2,47.0,2,2,2,0.333333333333333,12.2,1.0,0
Chiho Matsumoto,110,4451,24,185.458333333333,0.729074529074529,33,66,9,9,3845,56.0,45,51,27.5895228589488,1209,60,27.08,52.0384473250307,9,35,17.7840896711516,6.24499799839839,61.9186699618063,24.4664120422377,-43.4733767692653,-1.32671149144254,55,0.3,55.6374999999999,1.375,8.12080536912751,66.7158152164837,41.6143004266562,1.17857142857142,13.1833333333333,15,34,110,7.61538461538461,13.1833333333333,14.9345575959933,14.9559649516962,110.0,116.515151515151,62.0080639917099,40.4636363636363,42.9883705204093,2756,46.6690475583121,15.8526872267036,30,14,286.393604130635,4.06363636363636,1096.75,28.9999999999999,256.73709870987,1783.29411764705,14,17,8,7.61538461538461,34.0298507462686,12.0,0
Chijun Zhang,4,4,11,0.363636363636363,0.4,2,2,1,0,2,2.0,4,2,2.66666666666666,4,2,0.04,2.0,0,2,1.68179283050742,1.41421356237309,0.0,100.0,-50.0,0.0,0,0.5,0.181818181818181,0.181818181818181,0.727272727272727,2.0,1.41421356237309,0.0444444444444444,0.666666666666666,1,1,4,0.666666666666666,0.666666666666666,1.0,1.0,4.0,1.0,1.41421356237309,1.0,2.0,-2,2.0,1.15470053837925,0,0,0.117647058823529,2.75,1.33333333333333,1.49999999999999,0.25,-2.0,0,0,0,0.666666666666666,3.4,1.0,0
Chin-Min Hsiung,2,20,3,6.66666666666666,6.66666666666666,2,2,2,1,20,10.0,2,2,3.0,16,2,0.16,4.0,2,2,2.44948974278317,1.0,80.0,20.0,0.0,0.0,1,1.0,6.66666666666666,0.666666666666666,1.33333333333333,4.47213595499958,4.47213595499958,0.0555555555555555,1.5,2,3,2,1.33333333333333,1.5,2.8,2.8,2.0,10.0,4.47213595499958,10.0,4.47213595499958,16,2.0,1.63299316185545,2,2,0.595959595959596,1.5,12.0,1.5,0.5,16.0,2,1,0,1.33333333333333,2.2,-1.66666666666666,0
Christian Meusel,2,0,0,0.0,0.0,0,0,0,0,0,0.0,2,1,0.0,0,0,0.0,0.0,0,2,0.0,1.0,0.0,0.0,0.0,0.0,0,0.0,0.0,0.0,0.0,0.0,0.0,0.0,0.0,1,0,2,0.0,1.0,0.0,0.0,1.0,0.0,0.0,0.0,0.0,0,0.0,0.0,0,0,0.0,2.0,0.0,1.0,0.0,0.0,0,0,0,0.0,1.0,1.0,0
Christina-Maria Kastorini,130,394,262,1.50381679389312,0.0462712859659424,8,19,5,3,310,35.5,12,14,9.9378544553857,192,22,3.3,16.0,0,8,6.88410771603938,2.44948974278317,62.4365482233502,16.243654822335,-226.142131979695,-1.13304721030042,8,0.0615384615384615,0.0925425719318849,0.0305343511450381,6.3030303030303,19.8494332412792,16.9115345252877,0.0276816608996539,6.53333333333333,9,19,130,4.57142857142857,6.53333333333333,8.79354838709677,8.83756345177665,130.0,38.75,17.606816861659,3.03076923076923,16.8522995463527,246,12.3288280059379,6.04743156814763,15,8,10.9977706199471,1.26923076923076,283.533333333333,117.983333333333,11.1849816849816,140.571428571428,8,4,1,4.57142857142857,9.23529411764705,2.4,0
Christophe Aubrun,46,447,27,16.5555555555555,0.413506012950971,12,20,5,4,332,32.0,16,17,12.0986139325832,192,29,2.46,15.6843871413581,1,12,7.90116014338171,2.44948974278317,44.7427293064876,32.2147651006711,-67.7852348993288,-1.59760956175298,13,0.260869565217391,4.31884057971014,0.444444444444444,3.26627218934911,21.1423745118659,12.4163870214594,0.387096774193548,5.61666666666666,8,11,46,3.51219512195121,5.61666666666666,7.81647940074906,7.8903803131991,46.0,27.6666666666666,18.2208671582886,9.71739130434782,19.5959179422654,188,15.4919333848296,6.49202136960551,10,7,27.9061815635345,3.67391304347826,136.016666666666,13.7166666666666,32.4542000844238,132.705882352941,7,6,2,3.51219512195121,13.08,4.33333333333333,0
Christophe Dessimoz,95,10952,15,730.133333333333,2.40175438596491,46,95,14,18,10554,150.0,58,69,31.074733464723,3886,63,55.42,88.9044430835714,44,46,25.204632179745,5.3851648071345,77.045288531775,19.3206720233747,-16.8918918918918,-1.06482934484111,61,0.484210526315789,353.538245614035,3.06666666666666,12.4501424501424,104.651803615608,54.148165338484,2.42105263157894,15.7666666666666,31,54,95,11.6263736263736,15.7666666666666,30.9036815068493,30.917823228634,95.0,229.434782608695,102.732662770902,115.284210526315,83.0662386291807,8438,66.1059755241536,23.1260283406638,54,34,1124.18219099441,3.69473684210526,3034.94285714285,31.0261904761904,3057.05919069029,5625.33333333333,30,32,18,11.6263736263736,47.0967741935483,5.0,0
Chungte Teng,3,1,2,0.5,0.166666666666666,1,1,1,0,0,0.0,3,1,1.0,1,1,0.01,1.0,0,1,1.0,1.0,0.0,100.0,-100.0,0.0,0,0.333333333333333,0.166666666666666,0.5,0.75,1.0,1.0,0.0294117647058823,0.5,1,1,3,0.5,0.5,-5.0,-5.0,0.5,0.0,0.0,0.333333333333333,0.0,-1,1.0,0.707106781186547,0,0,0.03125,1.33333333333333,0.5,2.5,0.333333333333333,-1.0,0,0,0,0.5,2.33333333333333,1.0,0
Chunxia Yu,3,0,10,0.0,0.0,0,0,0,0,0,0.0,3,1,0.0,0,0,0.0,0.0,0,3,0.0,1.0,0.0,0.0,0.0,0.0,0,0.0,0.0,0.0,0.0,0.0,0.0,0.0,0.0,1,3,3,0.0,0.95,0.0,0.0,0.95,0.0,0.0,0.0,0.0,0,0.0,0.0,0,0,0.0,3.66666666666666,0.0,0.95,0.0,0.0,0,0,0,0.0,1.0,1.0,0
ClAÃŒÂƒÃ‚Â¡udia J. Barenco Abbas,41,170,19,8.94736842105263,0.197444831591173,6,12,3,2,127,27.0,8,9,7.57370951279429,81,17,1.33,10.3923048454132,1,7,5.12836394406133,1.73205080756887,57.0588235294117,21.1764705882352,-101.764705882352,-1.26470588235294,4,0.146341463414634,1.30937098844672,0.31578947368421,1.65100671140939,13.0384048104052,11.5325625946707,0.260869565217391,2.65,4,11,41,1.5,2.65,3.91666666666666,3.94705882352941,41.0,21.1666666666666,11.2694276695846,4.14634146341463,12.7279220613578,91,8.48528137423857,3.0,5,3,10.4252550554021,3.63414634146341,42.4499999999999,12.7833333333333,14.9044166117336,60.6666666666666,3,3,1,1.5,7.0,7.0,0
Colin Dixon,101,1449,51,28.4117647058823,0.28130460104834,11,38,5,5,1405,22.0,13,17,10.0546249236299,737,20,13.93,33.6154726279432,4,11,9.87484989318161,1.0,88.6128364389234,8.35058661145617,-64.8723257418909,-0.986822840409956,11,0.108910891089108,3.09435061153174,0.215686274509803,4.78879310344827,38.0657326213485,31.1448230047948,0.2,3.76666666666666,7,22,101,3.025,3.76666666666666,6.97287113790504,6.9751552795031,101.0,127.727272727272,37.4833296279826,14.3465346534653,15.556349186104,1284,20.4450483002608,5.76844866493583,18,6,85.5235767871648,2.29702970297029,368.916666666666,53.55,458.110936093609,830.823529411764,6,5,5,3.025,12.3043478260869,1.625,0
Congcong Zhang,37,413,14,29.5,0.587482219061166,8,20,5,5,361,53.0,12,14,9.20531276378261,260,20,3.34,17.8605710994917,5,8,7.1405236401683,2.23606797749979,71.912832929782,15.4963680387409,-43.3414043583535,-1.18987341772151,8,0.216216216216216,6.37837837837837,0.571428571428571,1.89743589743589,20.3224014329015,12.4799839743486,0.444444444444444,3.05238095238095,6,9,37,1.45454545454545,3.05238095238095,5.92163009404388,5.93946731234866,37.0,45.125,19.0,11.1621621621621,20.591260281974,297,12.6491106406735,3.41121146168976,8,5,27.9281512605041,4.21621621621621,91.1285714285714,10.5690476190476,77.4911642411642,169.714285714285,5,5,3,1.45454545454545,9.35294117647058,2.0,0
D. Bruschi,316,7186,183,39.2677595628415,0.143473226051191,44,78,11,12,5159,84.5,61,67,39.9038708544217,2346,110,32.35,60.9015599143404,2,45,21.3451292562352,5.8309518948453,44.8510993598664,26.9412747008071,-138.338435847481,-2.16309823677581,117,0.139240506329113,5.46766272393995,0.240437158469945,12.8860055607043,84.770277810091,50.143045380192,0.237837837837837,20.7666666666666,24,38,316,11.2558139534883,20.7666666666666,23.860458981799,23.9263846367937,316.0,117.25,71.8261790714221,22.7405063291139,60.9754048777045,3223,58.5832740635072,22.2543437097904,37,23,969.605997663806,3.41455696202531,2143.36904761904,121.628571428571,57.8777859654162,2116.59701492537,23,30,12,11.2558139534883,45.0112359550561,23.0,0
D. Gaudrau,3,9,1,9.0,1.5,2,3,1,0,8,4.0,2,2,3.2,6,3,0.05,2.23606797749979,3,2,1.99201375122479,1.41421356237309,44.4444444444444,44.4444444444444,0.0,0.0,0,0.666666666666666,6.0,2.0,1.2,3.0,2.82842712474619,0.0064102564102564,1.33333333333333,2,2,3,1.0,1.33333333333333,1.8,1.88888888888888,3.0,4.0,2.82842712474619,3.0,2.82842712474619,4,2.44948974278317,1.41421356237309,2,2,0.028877071481573,1.66666666666666,5.66666666666666,2.33333333333333,24.0,4.0,1,0,0,1.0,3.4,1.33333333333333,0
D. R. Goucher,1,14,0,14.0,14.0,1,1,1,1,14,14.0,1,1,2.0,14,1,0.14,3.74165738677394,1,1,1.93433642026766,1.0,92.8571428571428,7.14285714285714,0.0,0.0,1,1.0,14.0,1.0,0.25,3.74165738677394,3.74165738677394,0.0526315789473684,0.25,1,2,1,0.25,0.25,1.92857142857142,1.92857142857142,1.0,14.0,3.74165738677394,14.0,3.74165738677394,13,1.0,0.5,1,1,0.736842105263157,4.0,3.5,0.25,1.0,13.0,1,1,0,0.25,-2.66666666666666,-1.15384615384615,0
D. Wessel,299,10513,217,48.4470046082949,0.234403567447045,47,100,13,16,8983,122.5,65,74,37.552190170114,3105,86,62.98,81.1972905951916,7,47,24.3345193566707,5.19615242270663,64.8815751926186,21.0120802815561,-98.5446589936269,-1.34518635585407,86,0.157190635451505,7.61541544009987,0.216589861751152,19.7096774193548,102.532921542302,51.3925601434219,0.191056910569105,21.9166666666666,30,75,299,12.1373626373626,21.9166666666666,29.8917910447761,29.920003804813,299.0,191.127659574468,94.7786895879026,35.1605351170568,75.8781918603758,6774,68.5565460040104,23.8842216527155,55,42,322.703145188424,2.38461538461538,3694.58333333333,179.749999999999,214.092806545531,4302.4054054054,29,18,7,12.1373626373626,48.0105263157894,24.0,0
D. Yen,639,50767,63,805.825396825396,0.248273669796557,105,195,20,29,30935,195.0,145,161,102.948587491131,12744,334,168.13,150.229823936527,17,105,40.9299796539325,14.696938456699,39.2183898989501,21.7168633167214,-71.377075659385,-4.47331786542923,616,0.164319248826291,132.412623891497,1.66666666666666,26.7417297728178,225.315334586885,86.9508002646707,1.54411764705882,62.2547619047619,61,102,639,28.125,62.2547619047619,60.8564650532275,60.9290877932515,639.0,294.619047619047,175.883484159258,79.4475743348982,143.090880212541,19910,143.090880212541,54.3426627982104,95,101,3815.86043485027,3.92644757433489,15604.1404761904,201.449999999999,123.9265183567,12984.7826086956,60,55,25,28.125,106.014218009478,26.75,0
Daehee Kim,52,709,24,29.5416666666666,0.514513788098693,10,26,5,5,665,41.0,14,16,9.8632812439122,292,18,6.24,22.8910462845191,5,10,8.44616590183431,1.0,79.6897038081805,14.1043723554301,-52.8913963328631,-1.04285714285714,10,0.192307692307692,5.68108974358974,0.416666666666666,2.79569892473118,26.6270539113886,20.8662406772278,0.357142857142857,3.99285714285714,7,13,52,2.27272727272727,3.99285714285714,6.94059405940594,6.94922425952045,52.0,66.5,25.7875939164552,13.6346153846153,20.2484567313165,565,16.1245154965971,4.76731294622796,12,6,37.5313350686644,3.57692307692307,158.069047619047,16.1595238095238,206.068618881118,353.125,6,6,3,2.27272727272727,11.095238095238,4.0,0
Daniele Cenni,709,48915,55,889.363636363636,0.194342358807286,109,181,18,27,26747,172.5,145,157,106.360538230193,13515,353,134.56,138.057958843378,14,112,40.1883977920524,16.2788205960997,30.6143309823162,24.2890728815291,-88.6047224777675,-9.8259274357929,701,0.153737658674189,136.728683164508,1.98181818181818,28.0003623188405,221.167357446798,77.2310942509033,1.4931506849315,60.95,52,84,709,25.1716101694915,60.95,51.863536201469,51.9468261269549,709.0,245.385321100917,163.5451008132,68.9915373765867,137.122208266932,14866,140.459958707099,52.3803924047403,75,102,1984.15041302085,3.89280677009873,13861.9904761904,219.604761904761,83.9945930362035,10320.9808917197,51,37,15,25.1716101694915,110.0,110.0,0
David Brett,166,1360,70,19.4285714285714,0.0981170189741,15,36,6,5,1170,34.5,20,24,14.5953181741902,704,31,11.32,30.4138126514911,4,16,10.8060646070134,2.0,70.5882352941176,16.5441176470588,-153.676470588235,-1.16487804878048,18,0.0903614457831325,1.75559380378657,0.214285714285714,10.8260869565217,36.8781778291715,29.9081928574763,0.202702702702702,11.6166666666666,14,32,166,6.61764705882352,11.6166666666666,13.8531711555169,13.8757352941176,166.0,78.0,34.2052627529741,8.19277108433735,22.7486263321546,945,23.2379000772445,9.96316746232607,23,14,44.7323514056585,1.38554216867469,626.866666666666,145.733333333333,55.4767641996557,590.625,13,5,4,6.61764705882353,16.0,16.0,0
David Carl,589,6983,121,57.7107438016528,0.0401887715461425,34,72,8,7,4337,58.0,46,52,37.3932087587537,1964,110,39.49,53.5163526410386,2,34,17.9742055568091,1.41421356237309,45.5534870399541,16.5544894744379,-232.307031361878,-3.7109692396982,129,0.0577249575551782,3.33135023642818,0.28099173553719,18.7158878504672,83.5643464642667,53.4758512477049,0.272,27.15,28,55,589,13.1363636363636,27.15,27.821060382916,27.8956036087641,589.0,127.558823529411,65.8559033041078,11.855687606112,44.407206622349,3181,49.4772675074119,21.133773057274,43,34,340.973697813966,1.81663837011884,3868.73333333333,451.799999999999,19.4323949915752,2079.88461538461,27,11,5,13.1363636363636,35.0434782608695,9.0,0
David J. Brown,449,14217,122,116.532786885245,0.140727542687453,60,109,14,19,9892,117.0,83,92,54.4821788157213,3960,160,61.63,84.6758525200661,1,61,27.0452424698309,6.6332495807108,44.6789055356263,25.3217978476471,-134.170359428852,-2.39568470506351,202,0.133630289532294,15.5723100514805,0.491803278688524,18.0321285140562,119.235061957462,64.0795079048936,0.48780487804878,29.6999999999999,30,54,449,15.0,29.6999999999999,29.8846048298573,29.9408454666948,449.0,164.866666666666,99.4585340732508,31.663697104677,83.7854402626136,6292,80.8702664766229,30.0,53,26,1692.01858172464,3.32739420935412,4382.72619047618,182.709523809523,73.8844346039264,4103.47826086956,29,40,19,15.0,61.0,61.0,0
David J. Taylor,262,8116,178,45.5955056179775,0.235567294575218,48,83,12,14,5733,89.0,67,73,43.1156977089746,2652,120,32.76,64.5755371638517,3,49,22.5101562896248,6.24499799839839,42.8413011335633,28.3883686545096,-97.7944800394283,-2.24785346307956,131,0.183206106870229,8.35337507504931,0.269662921348314,16.1437740693196,90.0888450364416,59.2768926311087,0.263736263736263,24.4666666666666,26,40,262,12.3208556149732,24.4666666666666,25.8531139835487,25.9229916214884,262.0,119.4375,75.7165767847437,30.9770992366412,65.3605385534727,3429,63.118935352238,24.3187390610351,38,43,437.389988073783,2.97328244274809,2625.93333333333,121.233333333333,76.6931951550419,2254.68493150684,25,19,8,12.3208556149732,49.0,49.0,0
Derek Lackaff,6,80,15,5.33333333333333,3.8095238095238,3,6,2,1,75,7.0,4,5,4.45079365079365,62,5,0.69,7.87400787401181,5,4,3.60128434421104,1.0,82.5,11.25,-5.0,-1.01369863013698,1,0.5,2.66666666666666,0.2,1.63636363636363,8.94427190999915,8.27647267862342,0.157894736842105,2.83333333333333,4,7,6,1.8,2.83333333333333,3.88,3.8875,6.0,25.0,8.66025403784438,13.3333333333333,4.58257569495584,66,4.24264068711928,2.32379000772445,6,3,5.43421052631578,1.83333333333333,36.1666666666666,3.83333333333333,200.0,39.5999999999999,3,2,1,1.79999999999999,4.42857142857142,1.75,0
Detlef HAÃŒÂƒÃ‚Â¼hnlein,39,1066,76,14.0263157894736,1.36666666666666,19,32,7,5,873,36.5,24,27,16.5649820179302,392,39,5.13,25.6124969497313,18,19,11.1208995307333,2.82842712474619,49.812382739212,33.8649155722326,-19.1369606003752,-1.39727891156462,24,0.487179487179487,6.83333333333333,0.25,7.26470588235294,32.649655434629,24.6819772303598,0.211111111111111,12.3666666666666,13,25,39,6.56363636363636,12.3666666666666,12.8077436582109,12.8649155722326,39.0,45.9473684210526,29.5465734053883,27.3333333333333,26.3343881645273,512,24.6576560118759,11.1673224592599,21,19,45.725474743413,2.61538461538461,552.316666666666,20.1499999999999,140.122605363984,360.296296296296,12,8,3,6.56363636363636,20.051282051282,6.66666666666666,0
Deyou Tang,9,54,16,3.375,1.2,5,7,2,1,42,6.5,5,6,5.62974802974803,25,8,0.37,5.56776436283002,3,5,3.80346637876736,2.23606797749979,40.7407407407407,46.2962962962963,-20.3703703703703,-1.04651162790697,1,0.555555555555555,1.875,0.3125,1.15384615384615,7.34846922834953,5.61248608016091,0.277777777777777,1.80833333333333,3,4,9,1.13636363636363,1.80833333333333,2.87096774193548,2.92592592592592,9.0,8.4,6.48074069840786,6.0,5.70087712549569,17,5.91607978309961,2.38365647311398,2,1,18.8730158730158,4.33333333333333,13.0083333333333,2.39166666666666,40.2857142857142,14.1666666666666,2,2,2,1.13636363636363,6.18181818181818,2.0,0
Dimitris Stavrinoudis,14,154,14,11.0,1.46666666666666,7,12,4,2,132,16.0,9,10,7.65825556863381,84,12,0.77,9.64365076099295,9,7,5.46558009295152,2.44948974278317,53.8961038961038,31.8181818181818,-16.8831168831168,-1.20689655172413,7,0.5,5.5,0.5,2.13043478260869,12.4096736459908,11.489125293076,0.25,3.58333333333333,5,7,14,2.04166666666666,3.58333333333333,4.82795698924731,4.89610389610389,14.0,18.8571428571428,11.489125293076,11.0,10.5830052442583,83,9.16515138991168,3.78043207407125,5,5,8.02399792845613,3.28571428571428,46.9166666666666,4.61666666666666,66.0,58.1,4,3,1,2.04166666666666,8.26666666666666,2.2,0
Domenico Raucci,42,315,21,15.0,0.348837209302325,8,17,3,2,245,14.0,10,12,9.37039794523001,178,20,2.37,13.7840487520902,2,8,6.22648196747724,1.41421356237309,60.0,20.3174603174603,-66.3492063492063,-1.37878787878787,5,0.19047619047619,2.85714285714285,0.38095238095238,3.26213592233009,17.7482393492988,12.2065556157337,0.347826086956521,4.91666666666666,5,11,42,2.56,4.91666666666666,4.92660550458715,4.94920634920634,42.0,30.625,15.6524758424985,7.5,10.5830052442583,181,11.6619037896906,4.5254833995939,10,4,71.9411616161616,2.45238095238095,123.166666666666,22.25,30.6048387096774,120.666666666666,4,6,3,2.56,9.05882352941176,4.5,0
Dongping Hu,81,747,40,18.675,0.224932249322493,14,26,6,5,589,30.0,20,22,14.2124920995638,290,30,5.02,20.3224014329015,1,16,9.2973538779306,2.23606797749979,52.6104417670682,26.2382864792503,-104.41767068273,-1.49662921348314,20,0.172839506172839,3.22777777777777,0.35,3.0,27.3313007374328,19.7167441531303,0.333333333333333,4.89285714285714,7,11,81,2.39024390243902,4.89285714285714,6.91283292978208,6.95180722891566,81.0,42.0714285714285,24.2693221990231,9.22222222222222,20.4939015319191,393,19.0787840283389,5.78475709378936,9,6,170.048709623709,4.66666666666666,138.649999999999,21.7071428571428,34.3790436005625,250.090909090909,6,14,7,2.39024390243902,15.0344827586206,8.0,0
E. Dimitriadou,350,5262,42,125.285714285714,0.0856654456654456,38,67,10,11,3927,77.0,51,57,32.8885076230053,1740,82,27.82,53.4696175411794,1,38,19.2432109985748,5.3851648071345,47.9095400988217,27.4420372481946,-200.646142151273,-1.81589648798521,79,0.108571428571428,13.6024489795918,0.904761904761904,9.88112927191679,72.5396443332886,42.7016783432845,0.826086956521739,17.7166666666666,23,36,350,10.6176470588235,17.7166666666666,22.8432642487046,22.9080197643481,350.0,103.342105263157,62.6657801355731,15.0342857142857,54.092513345194,2483,50.4579032461714,20.0865773150951,35,28,370.685602086178,3.84571428571428,1653.5,105.566666666666,45.9606344311047,1655.33333333333,22,20,9,10.6176470588235,39.012987012987,19.5,0
E. Koutsoloukas,30,166,17,9.76470588235294,0.356989247311827,9,12,3,1,128,12.0,10,11,9.16033496608455,90,17,0.86,9.8488578017961,0,9,5.78500223867503,3.0,28.3132530120481,48.7951807228915,-89.7590361445783,-1.4020618556701,9,0.3,2.92941176470588,0.529411764705882,2.03007518796992,12.8840987267251,8.0,0.428571428571428,3.13333333333333,4,6,30,2.07692307692307,3.13333333333333,3.85245901639344,3.94578313253012,30.0,14.2222222222222,11.3137084989847,5.53333333333333,10.3923048454132,47,10.3923048454132,4.32346015273735,4,2,9.18985146690254,4.43333333333333,40.2833333333333,7.08333333333333,18.638596491228,38.4545454545454,3,3,1,2.07692307692307,10.1578947368421,2.75,0
E. W. Kamen,207,3401,53,64.1698113207547,0.157980304719435,29,54,10,10,2527,63.0,40,45,26.7960718128782,1212,69,19.08,42.9301758673313,2,31,16.0968047147182,3.46410161513775,50.4263451925904,24.728021170244,-126.933254925022,-1.83563218390804,56,0.140096618357487,8.98997356667578,0.547169811320754,13.078431372549,58.3180932472933,39.2958861290423,0.508771929824561,20.95,23,43,207,12.5522388059701,20.95,22.7905668541756,22.8576889150249,207.0,87.1379310344827,50.2692749102272,16.4299516908212,42.743420546325,1686,39.5727178748187,19.0791751753878,40,27,107.898004474634,2.21739130434782,1942.28809523809,121.485714285714,49.6981733985078,1086.53333333333,22,11,3,12.5522388059701,30.0,30.0,0
Edgard Lawson,279,11180,227,49.2511013215859,0.286226318484383,52,101,13,15,8982,114.0,71,80,43.2506053953164,3440,118,54.59,81.2096053432104,6,52,25.1810748497419,6.32455532033675,56.1538461538461,24.1860465116279,-85.912343470483,-1.59487929773226,129,0.186379928315412,9.17941673377228,0.229074889867841,24.5067567567567,105.73551910309,65.5623113279776,0.2007722007722,45.3166666666666,49,60,279,32.9756097560975,45.3166666666666,48.7365351629502,48.7939177101967,279.0,172.730769230769,94.7734139935878,40.0716845878136,76.9935062196806,6278,72.4706837279737,41.4093190878221,85,52,198.349614866972,2.12186379928315,8094.4,183.033333333333,163.750623734186,4080.7,48,12,5,32.9756097560975,53.0380952380952,11.2,0
Ekaterina Kutsy,22,467,47,9.93617021276595,1.84584980237154,6,21,5,5,463,79.0,7,10,6.11475191475191,290,8,3.96,19.8997487421324,5,6,7.08113794381331,2.23606797749979,91.4346895074946,7.70877944325481,-19.0578158458244,-0.963203463203463,5,0.272727272727272,2.70986460348162,0.127659574468085,2.2,21.6101827849743,15.7162336455017,0.0923076923076923,2.51666666666666,7,15,22,1.71428571428571,2.51666666666666,6.92224622030237,6.92291220556745,22.0,77.1666666666666,21.51743479135,21.2272727272727,21.7715410570772,427,11.2249721603218,3.20713490294909,11,6,19.4462146549103,2.72727272727272,125.366666666666,12.4333333333333,2457.05681818181,256.2,6,5,3,1.71428571428571,7.46153846153846,1.42857142857142,0
Elyes Ben Hamida,88,3276,17,192.705882352941,0.836567926455566,30,56,9,9,2717,52.5,41,46,25.7824435014585,1008,60,17.42,43.4856298103177,10,31,16.2563258018595,5.29150262212918,55.4639804639804,27.4725274725274,-36.050061050061,-1.45703839122486,55,0.34090909090909,65.6951871657754,1.76470588235294,9.16666666666666,57.2363520850167,32.4353202543153,1.66666666666666,15.6333333333333,17,33,88,9.18367346938775,15.6333333333333,16.8819732595666,16.9218559218559,88.0,90.5666666666666,52.1248501196885,37.2272727272727,39.6862696659688,1817,40.9878030638383,16.5985000551746,31,19,397.323151521681,3.27272727272727,1178.78333333333,30.0333333333333,180.941860465116,1185.0,16,19,9,9.18367346938775,31.0327868852459,11.0,0
Emad Al-Hammadi,1,0,0,0.0,0.0,0,0,0,0,0,0.0,1,1,0.0,0,0,0.0,0.0,0,1,0.0,1.0,0.0,0.0,0.0,0.0,0,0.0,0.0,0.0,0.0,0.0,0.0,0.0,0.0,1,2,1,0.0,1.0,0.0,0.0,1.0,0.0,0.0,0.0,0.0,0,0.0,0.0,0,0,0.0,1.0,0.0,1.0,0.0,0.0,0,0,0,0.0,1.0,1.0,0
Emi Kaneko,12,122,22,5.54545454545454,1.56410256410256,3,11,3,2,117,35.0,4,6,4.39884559884559,78,6,1.17,9.53939201416945,3,3,4.30097826898024,1.73205080756887,88.5245901639344,7.37704918032786,-17.2131147540983,-0.964912280701754,3,0.25,1.38636363636363,0.136363636363636,1.28571428571428,11.0453610171872,10.8166538263919,0.0789473684210526,1.98333333333333,4,9,12,0.9,1.98333333333333,3.92307692307692,3.92622950819672,12.0,39.0,10.8166538263919,10.1666666666666,10.2469507659595,108,5.74456264653802,1.64316767251549,6,3,5.40240447957839,2.33333333333333,47.2666666666666,8.23333333333333,237.899999999999,54.0,3,3,1,0.899999999999999,7.42857142857142,1.08,0
Enrique FernAÃŒÂƒÃ‚Â¡ndez,170,3153,94,33.5425531914893,0.216924664602683,26,54,8,8,2543,42.5,35,40,24.1266565292664,925,59,21.16,42.7668095606861,5,27,15.1037379548668,2.23606797749979,59.2134475103076,21.4398985093561,-99.3973993022518,-1.52271567126084,48,0.152941176470588,5.13003754693366,0.276595744680851,8.26168224299065,56.1515805654658,27.5495225090416,0.265306122448979,13.6,15,30,170,7.42857142857142,13.6,14.9091330551692,14.9378369806533,170.0,97.8076923076923,50.4281667324918,18.5470588235294,33.2415402771893,1867,37.4699879903903,13.897584579446,27,12,139.629722733889,3.14705882352941,974.15,67.6333333333333,77.3199517839922,1213.55,14,9,5,7.42857142857142,27.0188679245283,14.0,0
Eric Salmon,65,2041,40,51.025,0.951515151515151,17,45,8,7,1893,66.0,23,29,14.9324082640133,712,32,15.42,37.3898381916798,11,17,12.6947355023227,1.41421356237309,79.421852033317,14.1597256246937,-33.5129838314551,-1.1008356545961,21,0.261538461538461,13.3449999999999,0.425,6.46198830409356,45.177427992306,30.0124973969178,0.25,8.08333333333333,13,25,65,4.18840579710144,8.08333333333333,12.9190101237345,12.9294463498285,65.0,111.35294117647,43.5086198356141,31.4,33.4962684488884,1604,27.6586333718786,8.43818099774617,22,16,64.0807739678408,2.63076923076923,567.733333333333,39.6666666666666,457.816793893129,940.275862068965,12,7,4,4.18840579710144,18.0285714285714,9.0,0
Esther J.G. van der Drift,3,0,0,0.0,0.0,0,0,0,0,0,0.0,3,1,0.0,0,0,0.0,0.0,0,3,0.0,1.0,0.0,0.0,0.0,0.0,0,0.0,0.0,0.0,0.0,0.0,0.0,0.0,0.0,1,4,3,0.0,1.83333333333333,0.0,0.0,1.83333333333333,0.0,0.0,0.0,0.0,0,0.0,0.0,0,0,0.0,2.0,0.0,1.83333333333333,0.0,0.0,0,0,0,0.0,1.0,1.0,0
Estrin Gerald,81,1853,45,41.1777777777777,0.557964468533574,25,42,7,6,1499,48.5,33,36,21.2004753518643,703,47,9.14,32.8633534503099,5,26,13.6469998053438,4.35889894354067,48.5159201295197,33.7290879654614,-57.7981651376146,-1.45245901639344,39,0.308641975308641,12.7091906721536,0.555555555555555,10.8870967741935,43.0464865000617,28.5312693957582,0.333333333333333,17.0333333333333,19,35,81,10.2459016393442,17.0333333333333,18.753986332574,18.825148407987,81.0,59.96,38.7169213652118,22.8765432098765,34.8209706929603,874,32.4037034920393,16.0046099916119,26,25,35.6102645489298,2.29629629629629,873.833333333333,45.8666666666666,105.969154564899,606.944444444444,18,5,2,10.2459016393442,26.0,26.0,0
Eva MarAÃŒÂƒÃ‚Â­a De la Plaza HernAÃŒÂƒÃ‚Â¡ndez,189,1392,60,23.2,0.0775271512113617,19,33,7,5,917,40.0,26,29,19.8076696153732,450,51,7.56,26.2678510731273,0,21,11.3359067718781,3.87298334620741,39.9425287356321,25.933908045977,-197.916666666666,-2.60954446854663,37,0.1005291005291,2.33227513227513,0.316666666666666,6.43548387096774,37.3095162123552,25.9486672747047,0.306451612903225,10.6833333333333,12,19,189,5.55384615384615,10.6833333333333,11.8246376811594,11.9130747126436,189.0,48.2631578947368,30.2820078594534,7.36507936507936,27.5680975041804,556,25.0399680510978,10.2724425977017,16,10,74.2026609926373,2.95238095238095,488.25,74.1166666666667,14.2184795321637,364.275862068965,11,8,3,5.55384615384615,20.1025641025641,4.8,0
Evans David,379,91153,146,624.335616438356,1.26583807804471,160,292,23,40,70451,271.0,215,236,129.205790005973,26080,379,309.03,221.650625986032,139,160,55.1759589287845,12.6491106406735,49.2040854387677,28.084648887036,-15.7285004333373,-1.81882664101947,379,0.422163588390501,263.571764195612,1.0958904109589,58.9310009718173,301.915551106597,109.625252469588,0.914285714285714,109.349999999999,107,192,379,56.5121412803532,109.349999999999,106.813930381214,106.876734720744,379.0,440.31875,265.426072570122,240.509234828496,208.230641357125,44851,216.1480973777,95.0891297933497,189,158,2533.5161313362,2.71503957783641,44019.1666666666,181.416666666666,818.477253545665,30407.4576271186,106,42,17,56.5121412803532,161.01246105919,32.8,0
F De Hoog,79,5276,43,122.697674418604,1.66962025316455,45,71,10,10,4191,71.0,59,64,35.7895938122356,2068,79,16.12,55.0,79,45,20.483015930925,6.85565460040104,41.9067475360121,38.3813495072024,-9.26838514025777,-1.60401234567901,79,0.569620253164557,69.8910803650279,1.04651162790697,14.8744769874476,72.6360791893395,47.4949120082,0.88235294117647,25.4666666666666,25,45,79,14.2605633802816,25.4666666666666,24.8137128072445,24.8908263836239,79.0,93.1333333333333,64.737933238558,66.7848101265822,56.5243310442503,2166,56.5243310442503,25.332298595127,38,29,226.057988172942,3.0253164556962,1992.71666666666,29.3333333333333,272.019668938656,1522.96875,24,16,7,14.2605633802816,46.010989010989,23.0,0
F. Paradis,209,9768,103,94.8349514563106,0.445112781954887,51,91,11,12,6774,77.5,66,71,46.8968673748126,2709,139,43.2,67.141641326378,4,53,22.6711303211016,7.93725393319377,43.2432432432432,26.6277641277641,-52.3648648648648,-2.43046020849224,159,0.24401913875598,23.1415431783341,0.495145631067961,14.5217983651226,98.8331928048466,48.9965985213939,0.463636363636363,28.9749999999999,27,43,209,13.6178010471204,28.9749999999999,26.872932330827,26.9307944307944,209.0,132.823529411764,82.304313374209,46.7368421052631,62.8689112359996,4173,68.1248853210044,26.3535169076755,36,49,688.166624739299,3.51196172248803,2660.725,73.8916666666667,108.385643006599,2997.50704225352,26,22,10,13.6178010471204,52.0,52.0,0
Fang Dong,109,13533,18,751.833333333333,2.25738115095913,70,109,13,17,11577,116.0,93,100,51.0710233785664,5032,109,44.6,90.3991150399161,109,70,29.0366650246115,8.24621125123532,49.3386536614202,36.2077883691716,-5.71196334885095,-1.38534571723426,109,0.642201834862385,482.82874617737,3.88888888888888,14.7868217054263,116.331423097974,55.7997535836852,2.25806451612903,25.5964285714285,29,48,109,14.4542772861356,25.5964285714285,28.8958139534883,28.9420675386093,109.0,165.385714285714,107.596468343528,124.155963302752,90.1110426085504,6677,87.3498712076898,31.8087945390814,47,31,785.083213066083,4.73394495412844,3173.07619047619,25.5964285714285,734.84334721675,4673.9,28,29,13,14.4542772861356,71.0141843971631,24.0,0
Fangfang Dong,4,40,2,20.0,4.0,3,4,2,1,40,6.0,4,4,3.8,29,3,0.35,5.3851648071345,3,3,3.17344017233939,1.0,77.5,22.5,0.0,0.0,1,0.75,15.0,1.5,0.923076923076923,6.32455532033675,4.79583152331271,0.176470588235294,0.916666666666666,3,5,4,0.9,0.916666666666666,2.88571428571428,2.9,4.0,13.3333333333333,6.32455532033675,10.0,4.24264068711928,31,3.46410161513775,1.64316767251549,3,2,2.61960784313725,3.25,10.9166666666666,1.24999999999999,0.25,23.25,2,1,1,0.899999999999999,4.71428571428571,1.0,0
Feng Minyi,2,0,3,0.0,0.0,0,0,0,0,0,0.0,2,1,0.0,0,0,0.0,0.0,0,2,0.0,1.0,0.0,0.0,0.0,0.0,0,0.0,0.0,0.0,0.0,0.0,0.0,0.0,0.0,1,0,2,0.0,0.45,0.0,0.0,0.45,0.0,0.0,0.0,0.0,0,0.0,0.0,0,0,0.0,4.5,0.0,0.45,0.0,0.0,0,0,0,0.0,1.0,1.0,0
Filip Krynicki,641,3430,229,14.9781659388646,0.0166698256715315,27,47,7,6,1719,49.0,37,40,30.6400192383608,966,90,16.92,35.2987251894455,0,28,14.3052142408377,6.48074069840786,29.6501457725947,21.2536443148688,-434.227405247813,-31.3370786516853,85,0.0421216848673947,0.6309055855684,0.117903930131004,11.4162269129287,58.5662018573853,37.9165750914645,0.11587982832618,20.6666666666666,19,37,641,8.89024390243902,20.6666666666666,18.7773195876288,18.9055393586005,641.0,63.6666666666666,41.4608248832557,5.35101404056162,36.3730669589464,990,35.6230262611137,15.4931141274391,29,19,110.60420173324,2.36505460218408,1661.32619047619,388.109523809523,5.5480228710336,668.25,18,8,3,8.89024390243902,28.0,28.0,0
Francisco J. Andujar,87,939,252,3.72619047619047,0.245297805642633,15,28,6,5,680,34.5,21,23,15.7139550880728,324,40,5.75,22.8910462845191,2,15,9.81950820751938,2.0,50.0532481363152,23.961661341853,-88.9243876464323,-1.83225806451612,22,0.172413793103448,0.642446633825944,0.0595238095238095,11.25,30.6431068920891,21.2583316999868,0.0547445255474452,13.75,15,28,87,11.8421052631578,13.75,14.7117647058823,14.7912673056443,87.0,45.3333333333333,26.0768096208105,10.7931034482758,22.7486263321546,455,20.4939015319191,13.3278497495795,26,15,31.0080963377645,1.33333333333333,800.75,76.4166666666666,30.7426512153759,296.739130434782,14,5,3,11.8421052631578,16.0322580645161,8.0,0
Frederick L. Crabbe,30,155,22,7.04545454545454,0.333333333333333,8,12,3,2,120,11.5,10,11,8.69798312764336,72,14,0.91,8.94427190999916,0,9,5.50964116785221,2.82842712474619,36.1290322580645,41.2903225806451,-90.9677419354838,-1.34408602150537,7,0.266666666666666,1.87878787878787,0.363636363636363,4.52830188679245,12.4498995979887,10.0,0.307692307692307,6.33333333333333,7,8,30,3.2,6.33333333333333,6.64356435643564,6.76774193548387,30.0,15.0,10.9544511501033,5.16666666666666,9.59166304662543,56,9.79795897113271,5.0596442562694,7,8,7.94412751230761,1.76666666666666,84.3333333333333,21.1666666666666,17.7142857142857,40.7272727272727,6,3,1,3.2,9.05882352941176,5.0,0
Fu-Mei Lin,20,282,31,9.09677419354838,1.34285714285714,7,16,4,3,246,26.5,9,11,7.86483108466774,176,15,2.3,14.560219778561,4,8,6.1045094597397,1.41421356237309,72.3404255319149,17.3758865248226,-21.9858156028368,-1.13419913419913,4,0.35,3.18387096774193,0.225806451612903,2.33333333333333,16.7928556237466,14.3178210632763,0.162790697674418,3.87619047619047,6,11,20,1.81481481481481,3.87619047619047,5.89539748953974,5.91134751773049,20.0,35.1428571428571,15.6843871413581,14.1,13.6198384718762,197,10.5830052442583,3.5642255405212,8,7,13.4022753490322,3.0,86.3857142857143,10.8095238095238,123.010344827586,125.363636363636,5,3,2,1.81481481481481,8.0,8.0,0
G. Matsumoto,399,21924,52,421.615384615384,0.274736842105263,75,126,15,18,12904,133.0,102,110,72.523322050446,6144,230,65.22,97.2573904646839,10,75,30.6588109908064,9.79795897113271,33.5431490603904,25.6568144499178,-70.0328407224958,-5.23977604673807,368,0.18796992481203,79.2510121457489,1.44230769230769,20.4405737704918,148.067552151036,76.9492256837801,1.29310344827586,42.0833333333333,39,62,399,18.9393939393939,42.0833333333333,38.8473411565704,38.9341361065499,399.0,172.053333333333,113.595774569303,54.9473684210526,99.8749217771908,7279,97.2111104761179,37.6889180722204,58,58,1040.80640808862,3.66917293233082,6737.00833333333,132.991666666666,79.7274337324585,4962.95454545454,38,29,12,18.9393939393939,76.0066225165562,38.0,0
G. S. Biradar,13,63,26,2.42307692307692,0.692307692307692,5,7,3,1,47,13.5,6,6,5.91522725640372,39,9,0.42,6.48074069840786,3,5,3.96135430925396,1.73205080756887,42.8571428571428,39.6825396825396,-44.4444444444444,-1.11111111111111,3,0.384615384615384,0.931952662721893,0.192307692307692,2.24137931034482,7.93725393319377,5.74456264653802,0.166666666666666,2.41666666666666,4,5,13,1.5625,2.41666666666666,3.78571428571428,3.85714285714285,13.0,9.4,6.85565460040104,4.84615384615384,8.21583836257749,22,5.91607978309961,2.79508497187473,3,3,4.23979500891265,2.23076923076923,22.7499999999999,7.41666666666666,22.9090909090909,18.3333333333333,3,3,0,1.5625,6.09090909090909,3.0,0
G. Williams,849,234285,93,2519.19354838709,0.6493036790688,227,445,33,62,161166,398.0,314,350,208.119048045097,59388,741,753.44,335.660542810739,107,227,73.7012890273149,24.2487113059642,46.7964231598267,21.9941524211964,-29.0560641953176,-2.64447792643277,849,0.267373380447585,673.565295034005,2.44086021505376,70.2087431693989,484.029957750551,166.971222875115,1.86065573770491,152.935714285714,143,279,849,70.2987721691678,152.935714285714,142.853562532226,142.913933883944,849.0,709.982378854625,401.454854248893,275.95406360424,300.576113488746,109637,317.828570144346,126.324270361641,266,225,6112.89459187408,3.23321554770318,97868.9095238095,353.745238095236,608.247003033971,71107.4257142857,142,60,31,70.2987721691678,228.004395604395,76.3333333333333,0
Gabriela Carneiro,9,196,18,10.8888888888888,4.35555555555555,4,9,2,1,191,11.5,5,6,5.04963924963925,161,6,1.84,12.6885775404495,4,5,4.69422403837606,1.0,89.2857142857142,8.16326530612245,-7.65306122448979,-0.984210526315789,2,0.444444444444444,4.8395061728395,0.222222222222222,1.71428571428571,14.0,13.8202749610852,0.181818181818181,3.16666666666666,5,10,9,2.28571428571428,3.16666666666666,4.91623036649214,4.91836734693877,9.0,47.75,13.8202749610852,21.7777777777777,6.78232998312526,175,6.0,3.02371578407381,9,4,10.1111111111111,2.33333333333333,81.2499999999999,5.16666666666666,831.911111111111,116.666666666666,4,2,1,2.28571428571428,5.33333333333333,2.0,0
Gail Lyons,7,7,63,0.111111111111111,0.25,2,2,1,0,4,4.0,2,2,2.86666666666666,4,3,0.06,2.0,0,2,1.84775906502257,1.0,28.5714285714285,57.1428571428571,-114.285714285714,0.0,0,0.285714285714285,0.0317460317460317,0.0317460317460317,0.7,2.64575131106459,2.44948974278317,0.0298507462686567,0.75,2,5,7,0.666666666666666,0.75,1.75,1.85714285714285,7.0,2.0,2.0,1.0,2.82842712474619,0,2.0,1.15470053837925,1,1,0.296499796499796,2.85714285714285,3.5,3.53333333333333,6.0,0.0,1,0,0,0.666666666666666,3.2,1.5,0
Gamba Jonah,13,11,3,3.66666666666666,0.12087912087912,2,2,1,0,4,4.0,2,2,3.46349206349206,8,5,0.08,2.0,0,4,1.84775906502257,2.0,18.1818181818181,36.3636363636363,-154.545454545454,0.666666666666666,0,0.153846153846153,0.564102564102564,0.666666666666666,0.896551724137931,3.3166247903554,2.44948974278317,0.0952380952380952,1.49999999999999,2,2,13,0.8,1.49999999999999,1.75,1.9090909090909,13.0,2.0,2.0,0.846153846153846,2.82842712474619,0,2.0,1.26491106406735,1,1,0.543609022556391,2.23076923076923,4.16666666666666,6.66666666666666,1.01538461538461,0.0,1,0,0,0.8,3.0,3.0,0
Gang Chen,29,38025,21,1810.71428571428,87.4137931034482,29,29,28,29,38025,1088.0,29,29,18.4981415424237,22148,29,130.43,168.896417960831,29,29,31.8685462532709,5.29150262212918,97.7882971729125,2.21170282708744,0.0,0.0,29,1.0,1810.71428571428,1.38095238095238,5.9225352112676,195.0,132.921342655471,1.03571428571428,7.82420634920635,29,30,29,5.9225352112676,7.82420634920635,29.9778829717291,29.9778829717291,29.0,1311.20689655172,195.0,1311.20689655172,177.628826489396,37184,29.0,13.1054767607577,29,29,2948.9009879854,4.89655172413793,10843.1757936507,7.82420634920635,0.0344827586206896,37184.0,29,29,29,5.9225352112676,17.2203389830508,-1.00265604249668,0
Gaowen Liu,32,112,216,0.518518518518518,0.212121212121212,4,9,3,1,71,12.0,6,7,6.89564837344724,38,18,0.75,6.16441400296897,1,8,4.01156044865891,1.0,49.1071428571428,14.2857142857142,-63.3928571428571,-2.35294117647058,3,0.125,0.0648148148148148,0.0185185185185185,1.20754716981132,10.5830052442583,7.6811457478686,0.0170212765957446,2.98333333333333,4,11,32,1.06666666666666,2.98333333333333,3.85483870967741,3.91964285714285,32.0,17.75,8.42614977317635,3.5,6.9282032302755,55,6.0,2.06559111797728,4,4,5.5050667149833,3.3125,38.75,14.0428571428571,6.06097560975609,31.4285714285714,3,2,1,1.06666666666666,5.55555555555555,1.66666666666666,0
Gary S. Robinson,64,342,43,7.95348837209302,0.164423076923076,9,18,4,3,284,20.0,12,14,9.6446986333914,129,20,2.72,14.3178210632763,1,9,6.92767348591157,1.73205080756887,59.3567251461988,23.6842105263157,-126.900584795321,-1.19827586206896,9,0.140625,1.11845930232558,0.209302325581395,4.36363636363636,18.4932420089069,14.560219778561,0.191489361702127,4.2,7,13,64,2.7,4.2,6.85185185185185,6.89473684210526,64.0,31.5555555555555,16.8522995463527,5.34375,13.4164078649987,203,12.7279220613578,4.92950301754649,9,6,15.3156533018447,2.0625,127.516666666666,43.6333333333333,26.165948275862,130.5,6,4,2,2.69999999999999,10.3157894736842,1.85714285714285,0
Ge-fei Yu,9,5,10,0.5,0.111111111111111,1,1,1,0,2,2.0,1,1,2.67619047619047,4,4,0.04,1.41421356237309,0,4,1.18920711500272,2.0,20.0,20.0,-100.0,0.0,0,0.111111111111111,0.0555555555555555,0.1,0.264705882352941,2.23606797749979,1.41421356237309,0.0476190476190476,0.65,1,2,9,0.2,0.65,-6.19999999999999,-6.19999999999999,9.0,2.0,1.41421356237309,0.555555555555555,1.41421356237309,1,1.0,0.447213595499957,0,0,0.328664799253034,3.77777777777777,1.35,2.71666666666666,0.37037037037037,1.0,0,0,0,0.2,2.33333333333333,1.5,0
Gieseke Wolfram,27,14,11,1.27272727272727,0.037037037037037,2,3,1,0,5,5.0,2,2,3.63132423132423,8,7,0.12,2.23606797749979,0,4,1.91057099838579,2.0,21.4285714285714,28.5714285714285,-307.142857142857,6.5,0,0.074074074074074,0.0942760942760942,0.181818181818181,1.45945945945945,3.74165738677394,2.64575131106459,0.0689655172413793,2.0,3,3,27,2.0,2.0,2.42857142857142,2.71428571428571,13.25,2.5,2.23606797749979,0.518518518518518,3.16227766016837,1,2.44948974278317,2.0,3,2,0.559662077053381,1.37037037037037,14.0,22.75,0.518518518518518,1.0,2,0,0,2.0,3.0,3.0,0
Gongyi Shi,3,337,2,168.5,56.1666666666666,2,3,2,2,335,167.5,3,3,3.4,288,3,1.91,13.8202749610852,3,3,5.08136546226358,1.41421356237309,98.2195845697329,1.18694362017804,0.0,0.0,2,0.666666666666666,112.333333333333,1.0,0.666666666666666,18.3575597506858,18.3030052177231,0.0666666666666666,1.5,3,4,3,0.5,1.5,2.98805970149253,2.98813056379821,3.0,167.5,18.3030052177231,112.333333333333,18.3030052177231,331,2.44948974278317,1.0,3,2,11.6928571428571,3.0,85.75,1.5,18815.8333333333,220.666666666666,2,2,2,0.5,31.4,1.01398601398601,0
Gottfried Mayer,202,4226,316,13.3734177215189,0.206116178120275,36,61,10,10,3193,69.0,47,52,31.0900934276653,1330,78,21.1,48.9795875850338,4,36,17.9394972398803,6.16441400296897,45.740653099858,30.6672976810222,-117.794604827259,-1.77503308337009,72,0.178217821782178,2.38338137611229,0.113924050632911,15.4394904458598,65.00769185258,39.6219636060607,0.1125,20.8333333333333,22,39,202,11.3684210526315,20.8333333333333,21.828804347826,21.8956460009465,202.0,88.6944444444444,56.5066367783466,20.9207920792079,49.8397431775084,1897,46.8614980554399,20.2302535301645,32,28,174.834969293843,2.33168316831683,1651.28333333333,116.966666666666,67.7565071451979,1313.30769230769,21,14,6,11.3684210526315,37.0136986301369,18.5,0
Granville Sewell,94,1704,120,14.2,0.381634938409854,20,40,8,7,1459,49.0,28,32,18.0779449110912,702,38,11.02,33.1963853453956,6,20,12.6535264746144,2.44948974278317,62.1478873239436,23.4741784037558,-72.300469483568,-1.30787977254264,30,0.212765957446808,3.02127659574468,0.166666666666666,10.9302325581395,41.2795348811005,32.218007387174,0.161290322580645,15.5833333333333,18,40,94,8.0,15.5833333333333,17.7917867435158,17.8303990610328,94.0,72.95,38.1968585095685,18.127659574468,31.304951684997,1059,28.2842712474619,12.6491106406735,31,20,94.4319998413688,1.82978723404255,1060.68333333333,70.3166666666666,107.952062527138,661.875,17,10,5,8.0,21.1219512195121,3.83333333333333,0
Gregory Bell,129,3421,73,46.8630136986301,0.407990459153249,29,57,10,10,2874,72.0,39,45,24.9491952880048,1092,60,19.93,47.3392015141785,6,31,16.3034205538012,3.60555127546398,59.4270681087401,24.5834551300789,-68.7810581701257,-1.39728353140916,51,0.224806201550387,10.5350961027928,0.397260273972602,10.6885714285714,58.489315263559,33.7885582211888,0.318681318681318,18.0833333333333,22,38,129,10.1325301204819,18.0833333333333,21.8301232665639,21.8710903244665,129.0,99.103448275862,53.6097006147208,26.5193798449612,45.6946386351834,2033,40.6571027005122,17.1418602693516,34,29,143.25834586667,2.71317829457364,1400.26666666666,69.3833333333333,139.335827558352,1310.15555555555,21,12,5,10.1325301204819,30.0169491525423,15.5,0
Guo-Dong Guo,219,4221,56,75.375,0.175217932752179,36,61,10,10,3149,71.0,49,53,31.3111939420864,1484,72,19.54,48.3528696149463,2,36,17.9842931117982,5.29150262212918,44.7524283345178,30.7036247334754,-131.485429992892,-1.83325698579935,64,0.164383561643835,12.3904109589041,0.642857142857142,9.04128440366972,64.9692234831231,31.187451689055,0.6,13.7857142857142,17,28,219,7.71428571428571,13.7857142857142,16.8791312559017,16.939350864724,219.0,87.4722222222222,56.1159513863928,19.2739726027397,50.5568986390581,1853,46.8614980554399,16.6647617959059,27,26,222.509069669725,3.98173515981735,1068.37142857142,67.697619047619,59.2544427989633,1258.64150943396,16,15,6,7.71428571428571,37.0273972602739,12.3333333333333,0
Guohua Wu,329,18243,22,829.227272727272,0.336059684995855,64,119,15,17,11300,115.0,90,99,64.4136894735633,5148,200,67.31,90.7248587764125,15,66,28.169124867133,10.8166538263919,39.8399386065888,22.452447514115,-55.2595516088362,-3.93800835348428,295,0.194528875379939,161.30864879801,2.9090909090909,12.1640670132871,135.066650213884,62.6168241502766,2.46153846153846,32.6821428571428,31,62,329,13.5181518151815,32.6821428571428,30.8938303645157,30.9506660088801,329.0,176.5625,106.301458127346,55.4498480243161,85.7904423581088,7204,87.2696969170857,29.413631468617,59,30,2383.13330883438,5.26139817629179,4981.73928571428,73.6202380952382,91.6022783759744,4657.13131313131,30,43,20,13.5181518151815,65.0,65.0,0
H J Hay,9,78421,29,2704.1724137931,1742.68888888888,9,9,9,8,78421,10377.0,9,9,7.62093592681828,51885,9,481.76,264.884880655729,9,9,27.1048392893756,2.23606797749979,99.8967113400747,0.103288659925275,0.0,0.0,9,1.0,2704.1724137931,0.310344827586206,2.45454545454545,280.037497489175,270.137619248658,0.23076923076923,3.19999999999999,9,10,9,2.45454545454545,3.19999999999999,9.99896711340074,9.99896711340074,9.0,8713.44444444444,280.037497489175,8713.44444444444,305.602683234293,78340,9.0,4.70009671080384,9,9,3777.40769896769,3.66666666666666,25922.9666666666,3.19999999999999,0.111111111111111,78340.0,9,9,7,2.45454545454545,5.42105263157894,-1.02325581395348,0
H. Guermoud,6,20,13,1.53846153846153,0.952380952380952,2,4,1,1,18,9.0,6,3,3.4,15,3,0.18,3.87298334620741,1,3,2.36749533342228,1.0,70.0,20.0,-30.0,0.0,1,0.333333333333333,0.512820512820512,0.153846153846153,0.6,4.47213595499958,4.24264068711928,0.0714285714285714,0.866666666666666,2,4,6,0.5,0.866666666666666,1.93333333333333,1.95,6.0,9.0,4.24264068711928,3.33333333333333,4.24264068711928,14,2.82842712474619,1.0,2,1,0.835714285714285,3.33333333333333,4.66666666666666,2.36666666666666,30.0,9.33333333333333,1,1,0,0.5,3.2,2.0,0
H. Nabavi,199,3082,58,53.1379310344827,0.154874371859296,29,48,7,6,1886,48.0,38,41,29.3467408834351,950,80,13.59,36.8646171823335,1,30,14.8794996824579,7.07106781186547,34.8475016223231,27.2874756651525,-122.096041531473,-3.71042471042471,76,0.14572864321608,7.74371859296482,0.5,8.27977044476327,55.515763527128,29.6956786979744,0.491525423728813,14.9928571428571,13,31,199,6.95041322314049,14.9928571428571,12.8854415274463,12.9532770927968,199.0,65.0344827586206,43.4281015012169,15.4874371859296,37.3095162123552,1045,37.3095162123552,14.1972526733546,19,13,733.916883538805,3.50251256281407,819.214285714285,64.6761904761905,25.4142606778537,739.146341463414,12,22,11,6.95041322314049,30.0,30.0,0
H. Seidel,619,73765,56,1317.23214285714,0.384412944916358,142,230,20,31,42691,225.0,187,201,133.82868596173,23310,460,177.84,176.187400230549,34,142,48.2873694959518,19.2353840616713,30.731376669152,27.3354571951467,-49.8895139971531,-6.07424015944195,619,0.229402261712439,302.176032771751,2.53571428571428,36.7928003348681,271.597128114418,101.443771303435,2.11940298507462,78.9428571428572,66,104,619,34.5273972602739,78.9428571428572,65.8554863866466,65.9427235138616,619.0,300.640845070422,206.618005023763,119.168012924071,178.745629317194,22527,180.720779104119,70.0206427488273,106,131,3977.28245121509,3.85945072697899,22425.1428571428,188.878571428571,165.017570722123,15914.5970149253,65,53,22,34.5273972602739,143.003508771929,71.5,0
Haifeng Dang,4,4,1,4.0,0.4,1,2,1,0,3,3.0,1,1,2.33333333333333,3,2,0.04,1.73205080756887,0,2,1.31607401295249,1.0,50.0,25.0,-50.0,0.0,0,0.25,1.0,1.0,0.235294117647058,2.0,1.73205080756887,0.0526315789473684,0.45,1,0,4,0.2,0.45,1.0,1.0,4.0,3.0,1.73205080756887,1.0,1.73205080756887,2,1.41421356237309,0.447213595499957,0,0,0.210526315789473,4.25,0.85,0.95,3.0,2.0,0,0,0,0.2,2.66666666666666,1.33333333333333,0
Hajime Seya,26,397,13,30.5384615384615,1.13105413105413,10,19,5,4,343,27.0,13,15,9.86900102014699,208,19,2.84,16.0312195418814,6,11,7.45081246630527,2.0,63.7279596977329,25.1889168765743,-29.2191435768261,-1.16300940438871,11,0.384615384615384,11.7455621301775,0.769230769230769,3.42105263157894,19.9248588451712,13.9702063931305,0.588235294117647,4.66666666666666,7,15,26,3.7037037037037,4.66666666666666,6.88196721311475,6.90931989924433,26.0,34.3,18.5202591774521,15.2692307692307,16.4316767251549,243,13.7840487520902,6.08580619450184,11,6,31.8243384066913,2.92307692307692,152.916666666666,9.7,122.500874125874,162.0,6,6,3,3.7037037037037,11.0,11.0,0
Hari Lalgudi,2,2,1,2.0,0.666666666666666,1,1,1,0,0,0.0,1,1,1.33333333333333,2,2,0.01,1.0,1,2,1.0,1.41421356237309,0.0,50.0,0.0,0.0,0,0.5,1.0,1.0,0.333333333333333,1.41421356237309,1.0,0.0344827586206896,0.666666666666666,1,1,2,0.333333333333333,0.666666666666666,1.0,1.0,2.0,0.0,0.0,1.0,0.0,-1,1.0,0.577350269189625,0,0,0.0701970443349753,3.0,0.666666666666666,0.666666666666666,1.0,-1.0,0,0,0,0.333333333333333,2.0,2.0,0
Harsh Jain,107,965,40,24.125,0.167012807199723,16,28,7,5,635,34.5,23,25,17.6752807914296,343,44,5.04,21.8174242292714,0,19,9.90732639667762,2.64575131106459,39.2746113989637,26.5284974093264,-116.683937823834,-2.67289719626168,34,0.149532710280373,3.60747663551401,0.4,4.87749287749287,31.0644491340181,18.6882315910307,0.363636363636363,10.7999999999999,11,18,107,5.01960784313725,10.7999999999999,10.8015873015873,10.8963730569948,107.0,39.6875,25.1992063367083,9.01869158878504,23.4946802489414,379,21.1660104885167,8.96179253777926,14,11,102.220236425331,3.2803738317757,339.5,41.3833333333333,17.3541489662985,242.56,10,10,4,5.01960784313725,17.060606060606,6.33333333333333,0
Hasmik Gharibyan,5,55,5,11.0,3.66666666666666,4,5,2,1,51,12.0,5,5,4.37142857142857,32,4,0.44,6.6332495807108,4,4,3.71035135474994,1.0,70.9090909090909,29.090909090909,0.0,0.0,2,0.8,8.8,0.8,2.0,7.41619848709566,6.08276253029821,0.181818181818181,3.16666666666666,4,6,5,1.77777777777777,3.16666666666666,3.8235294117647,3.83636363636363,5.0,12.75,7.14142842854285,11.0,6.9282032302755,35,4.47213595499958,2.66666666666666,5,3,2.98950808393532,2.0,51.6666666666666,4.16666666666666,0.2,28.0,3,2,1,1.77777777777777,5.44444444444444,1.0,0
Hassan Khan,209,23026,31,742.774193548387,1.0492595124174,76,146,17,24,17918,159.0,107,120,64.710194325873,6713,190,82.67,115.325625946707,57,78,33.0137042821418,7.0,52.7316946060974,25.0846868757057,-21.7145835142881,-1.77068135961508,206,0.363636363636363,270.099706744868,2.4516129032258,17.9277652370203,151.743204131189,62.0393820136445,2.23529411764705,35.9690476190476,38,73,209,18.1065830721003,35.9690476190476,37.898329001114,37.9405454703378,209.0,235.763157894736,133.8581338582,110.172248803827,109.92724866929,12142,105.337552658109,37.0958260924274,67,41,3398.14825720375,4.23923444976076,6027.16904761904,55.1285714285714,386.46561356049,7689.93333333333,37,57,29,18.1065830721003,77.0196078431372,20.0,0
Hayato Komori,5,55,4,13.75,3.66666666666666,4,5,3,1,55,14.5,5,5,4.51428571428571,42,4,0.35,7.0,4,4,3.81264559469721,1.73205080756887,70.9090909090909,29.090909090909,0.0,0.0,3,0.8,11.0,1.0,1.53846153846153,7.41619848709566,6.70820393249936,0.363636363636363,2.0,4,5,5,2.0,2.0,3.81632653061224,3.83636363636363,5.0,13.75,7.41619848709566,11.0,7.6157731058639,39,4.47213595499958,2.82842712474619,5,3,6.34199134199134,2.6,27.5,2.2,0.2,31.2,3,3,1,2.0,5.66666666666666,1.0,0
He Zhang,489,49582,25,1983.28,0.413855849088101,111,188,18,26,28842,190.0,149,161,108.00986866316,15750,393,133.87,145.048267828333,34,111,40.9012512192339,19.364916731037,33.3205598806018,24.8497438586583,-42.7917389375176,-5.97820263029712,489,0.226993865030674,450.192392638036,4.44,21.4118343195266,222.67015965324,63.4017055367054,3.36363636363636,57.836507936508,46,74,489,21.1337907375643,57.836507936508,45.8927606842133,45.9591585656084,489.0,259.837837837837,169.829326089459,101.394683026584,145.223964964464,16521,144.457606237954,48.4339836465021,73,90,4524.47793356231,5.1840490797546,11078.6515873015,108.32619047619,141.004119954327,11390.254658385,45,60,26,21.1337907375643,112.008968609865,37.6666666666666,0
Hee Beng Kuan Tan,83,1707,32,53.34375,0.489672977624784,22,40,8,8,1426,52.5,30,33,19.3372006206893,672,44,9.33,33.2264954516723,8,22,13.0394783317088,2.82842712474619,55.1845342706502,28.3538371411833,-62.0972466315172,-1.39279588336192,35,0.265060240963855,14.1393072289156,0.6875,8.90731707317073,41.3158565202271,23.2107323287761,0.611111111111111,12.6666666666666,16,27,83,8.64285714285714,12.6666666666666,15.8173701298701,15.8681898066783,83.0,64.8181818181818,37.7624151769984,20.5662650602409,33.9852909359328,942,29.6647939483826,13.7892297516161,26,15,119.017047259753,2.46987951807228,770.833333333333,38.4023809523809,104.368305964069,628.0,15,12,6,8.64285714285714,23.0444444444444,8.0,0
Hee-Suk Pang,123,1252,14,89.4285714285714,0.164175190138998,20,31,6,5,797,30.0,26,28,20.3059865390241,432,57,5.69,23.8537208837531,0,21,11.080774806893,4.24264068711928,31.7092651757188,31.9488817891373,-128.194888178913,-3.11878453038674,42,0.16260162601626,14.5412311265969,1.42857142857142,4.29319371727748,35.3836120259082,18.2738428726235,0.74074074074074,9.7,9,15,123,4.49438202247191,9.7,8.86610878661087,8.94888178913738,123.0,39.85,28.2311884269862,10.1788617886178,24.4948974278317,397,24.8997991959774,9.48090926279954,14,8,84.8140489799158,4.65853658536585,331.566666666666,33.5166666666666,17.8297864736889,283.571428571428,8,8,3,4.4943820224719,21.0243902439024,11.0,0
Henk Post,27,253,43,5.88372093023255,0.669312169312169,8,15,5,3,213,27.5,12,13,8.89091430589501,130,16,1.66,12.8840987267251,5,10,6.35094399979295,2.23606797749979,58.893280632411,25.296442687747,-44.2687747035573,-1.24861878453038,7,0.296296296296296,1.7433247200689,0.186046511627906,4.0754716981132,15.9059737205868,12.8646803302686,0.170212765957446,5.91666666666666,8,16,27,3.36842105263157,5.91666666666666,7.75980392156862,7.80632411067193,27.0,26.625,14.5945195193264,9.37037037037037,14.8323969741913,149,10.9544511501033,5.1910854761844,10,7,14.9940876173634,1.96296296296296,132.116666666666,16.95,49.8972222222222,91.6923076923077,7,4,2,3.36842105263157,9.05882352941176,5.0,0
Henner Graubitz,12,48,21,2.28571428571428,0.615384615384615,4,6,2,1,43,8.0,5,5,5.01545121545121,22,7,0.38,5.65685424949238,1,4,3.5409393019755,1.0,56.25,33.3333333333333,-54.1666666666666,-0.878048780487804,2,0.333333333333333,0.761904761904761,0.19047619047619,1.54838709677419,6.92820323027551,5.95818764390649,0.16,1.58333333333333,3,4,12,1.23076923076923,1.58333333333333,2.875,2.91666666666666,12.0,10.75,6.557438524302,4.0,5.65685424949238,27,4.89897948556635,2.21880078490091,3,2,2.54475703324808,2.58333333333333,15.1666666666666,5.25,34.4,21.6,2,2,0,1.23076923076923,5.22222222222222,2.0,0
Henny C. van der Mei,25,698,10,69.8,2.1476923076923,17,25,6,4,677,31.0,19,21,12.6795929756299,368,20,3.43,21.7944947177033,18,17,10.2094783582054,4.0,55.5873925501432,41.404011461318,-15.7593123209169,-1.00748502994011,18,0.68,47.464,1.7,4.82954545454545,26.4196896272458,18.65699154026,0.425,5.56666666666666,10,22,25,4.98275862068965,5.56666666666666,9.82947368421052,9.88395415472779,25.0,39.8235294117647,26.0192236625153,27.92,22.9564805664979,388,20.6155281280883,9.20363496406306,12,9,21.097518134872,3.52,202.616666666666,7.34999999999999,900.087619047619,314.095238095238,9,4,2,4.98275862068965,18.2,2.5,0
Hirochika Asai,28,146,12,12.1666666666666,0.359605911330049,6,11,4,2,109,21.0,8,9,7.37407454655346,80,14,1.09,10.0498756211208,1,6,5.01871081855462,2.0,54.1095890410958,24.6575342465753,-68.4931506849315,-1.32584269662921,4,0.214285714285714,2.60714285714285,0.5,2.30136986301369,12.0830459735945,10.0747208398049,0.4,4.39999999999999,6,9,28,2.0,4.39999999999999,5.77064220183486,5.82876712328767,28.0,18.1666666666666,10.4403065089105,5.21428571428571,11.2249721603218,73,8.12403840463596,3.46410161513775,6,6,18.6370906870906,2.60714285714285,59.4666666666666,13.85,19.3433179723502,48.6666666666666,5,5,2,2.0,7.07692307692307,3.5,0
Hong Guo,173,4651,25,186.04,0.309016012225101,40,66,10,11,3563,76.0,55,59,33.6754968334881,1755,83,19.1,52.2972274599715,4,43,19.1816527610055,6.70820393249936,43.0660073102558,34.4012040421414,-91.8512147925177,-1.72562620423892,78,0.231213872832369,43.0150289017341,1.6,13.206106870229,68.19824044651,28.6752478850635,0.701754385964912,20.6333333333333,22,34,173,10.958904109589,20.6333333333333,21.8299267258002,21.9051816813588,173.0,89.075,59.6908703236935,26.8843930635838,55.1361950083608,1963,51.3809303146605,20.9369569036085,31,29,134.756350415363,3.02890173410404,1509.23333333333,74.5166666666667,92.4279276794775,1330.84745762711,21,11,4,10.958904109589,41.0,41.0,0
Hongbin Xia,12,50,27,1.85185185185185,0.641025641025641,3,7,3,1,45,12.0,4,5,4.36465756465756,27,7,0.45,6.0,2,3,3.37091695250774,1.73205080756887,72.0,18.0,-42.0,-0.904761904761904,2,0.25,0.462962962962962,0.111111111111111,0.899999999999999,7.07106781186547,5.33853912601565,0.0857142857142857,1.53333333333333,3,5,12,1.0,1.53333333333333,2.88888888888888,2.92,12.0,15.0,6.70820393249936,4.16666666666666,6.0,36,4.58257569495584,1.73205080756887,4,3,3.1425476512444,3.33333333333333,20.4333333333333,3.9,37.5,21.6,2,2,1,1.0,5.0,1.25,0
Hongping Hong,139,1405,33,42.5757575757575,0.144398766700924,21,32,6,5,852,31.0,27,29,21.4488891710957,486,58,6.01,24.5153013442625,0,23,11.4023202674563,5.19615242270663,29.2526690391459,31.3879003558718,-137.010676156583,-3.95625,40,0.151079136690647,6.43230869849574,0.636363636363636,5.52840909090909,37.4833296279826,20.7765893896632,0.567567567567567,10.9666666666666,11,17,139,5.06896551724137,10.9666666666666,10.8245614035087,10.9288256227758,139.0,40.5714285714285,29.1890390386528,10.1079136690647,25.5147016443461,411,25.9229627936314,10.3173773732508,13,8,75.3559749383957,3.79856115107913,401.52619047619,41.3761904761905,15.5731328138212,297.620689655172,10,7,3,5.06896551724137,22.0232558139534,11.5,0
Huaibin Wang,69,676,28,24.1428571428571,0.27991718426501,13,25,6,4,550,34.0,18,21,12.9977016555062,300,29,4.2,20.4939015319191,2,13,9.09121291739872,3.16227766016837,56.3609467455621,25.0,-88.9053254437869,-1.39220183486238,17,0.188405797101449,4.54865424430641,0.464285714285714,3.30996309963099,26.0,17.9814719456815,0.40625,5.47619047619047,8,12,69,2.86440677966101,5.47619047619047,7.87338501291989,7.9275147928994,69.0,42.3076923076923,23.4520787991171,9.79710144927536,21.0237960416286,381,18.0277563773199,6.1022363224963,10,8,51.6868956703995,3.92753623188405,170.154761904761,19.8428571428571,42.765125373821,235.857142857142,7,8,4,2.86440677966101,14.3703703703703,2.09090909090909,0
Huiya Dai,5,54,1,54.0,3.6,4,5,2,1,54,10.5,5,5,4.51428571428571,27,4,0.4,6.32455532033675,4,4,3.75228204772775,1.0,70.3703703703703,29.6296296296296,0.0,0.0,2,0.8,43.2,4.0,1.42857142857142,7.34846922834953,3.67423461417476,0.363636363636363,1.66666666666666,4,5,5,1.6,1.66666666666666,3.8125,3.83333333333333,5.0,13.5,7.34846922834953,10.8,6.48074069840786,38,4.47213595499958,2.5298221281347,4,2,5.39999999999999,2.8,21.1666666666666,1.91666666666666,0.2,30.4,3,2,1,1.6,5.66666666666666,1.0,0
Hung-Wei Hsu,83,692,19,36.4210526315789,0.198508318990246,15,24,5,3,473,29.5,20,21,15.2323203440076,247,38,3.73,18.6815416922694,0,16,9.10669451056816,3.60555127546398,38.0057803468208,32.514450867052,-117.919075144508,-2.03678929765886,22,0.180722891566265,6.58211794546607,0.789473684210526,3.85448916408668,26.3058928759318,17.1221104618171,0.681818181818181,6.41190476190476,7,10,83,2.96052631578947,6.41190476190476,6.87586206896551,6.94797687861271,83.0,31.5333333333333,21.7485631709315,8.33734939759036,21.0356839679626,248,18.9736659610102,6.66392487478978,8,8,82.3108946608946,3.89156626506024,160.580952380952,26.0785714285714,19.9442475785494,177.142857142857,6,9,4,2.96052631578947,16.0,16.0,0
Hussein O. Hamshari,1,0,0,0.0,0.0,0,0,0,0,0,0.0,1,1,0.0,0,0,0.0,0.0,0,1,0.0,1.0,0.0,0.0,0.0,0.0,0,0.0,0.0,0.0,0.0,0.0,0.0,0.0,0.0,1,0,1,0.0,1.0,0.0,0.0,1.0,0.0,0.0,0.0,0.0,0,0.0,0.0,0,0,0.0,1.0,0.0,1.0,0.0,0.0,0,0,0,0.0,1.0,1.0,0
Hyunjeong Park,84,1553,14,110.928571428571,0.43501400560224,19,39,8,7,1340,53.5,27,30,16.8956394870093,600,36,9.95,31.543620591175,7,20,12.2906684341961,2.82842712474619,64.2627173213135,23.2453316162266,-67.0315518351577,-1.24070945945945,27,0.226190476190476,25.0909863945578,1.35714285714285,3.99,39.408120990476,24.6900789792175,0.655172413793103,5.53690476190476,10,17,84,2.98347107438016,5.53690476190476,9.91859296482412,9.94784288473921,84.0,70.5263157894736,36.6060104354462,18.4880952380952,31.8825971338597,979,27.2213151776324,7.5290072661157,14,9,83.3048500067109,4.76190476190476,271.529761904762,21.8416666666666,129.511966126656,620.033333333333,9,10,4,2.98347107438016,20.0,20.0,0
Igor Gashinsky,4,4,25,0.16,0.4,2,2,1,0,2,2.0,4,2,2.66666666666666,4,2,0.04,2.0,0,2,1.68179283050742,1.41421356237309,0.0,100.0,-50.0,0.0,0,0.5,0.08,0.08,1.0,2.0,2.0,0.0434782608695652,0.833333333333333,2,1,4,0.8,0.833333333333333,1.5,1.75,4.0,1.0,1.41421356237309,1.0,2.0,-2,2.0,1.26491106406735,1,1,0.100621118012422,2.0,1.66666666666666,2.33333333333333,0.25,-2.0,1,0,0,0.8,3.4,1.0,0
Indira Kuruganti,4,10,12,0.833333333333333,1.0,1,3,1,0,9,9.0,1,2,2.33333333333333,9,2,0.1,3.0,1,2,1.73205080756887,1.0,80.0,10.0,-20.0,0.0,0,0.25,0.208333333333333,0.0833333333333333,0.666666666666666,3.16227766016837,3.0,0.0303030303030303,1.0,2,3,4,0.5,1.0,1.88888888888888,1.9,4.0,9.0,3.0,2.5,3.0,8,1.73205080756887,0.707106781186547,2,1,0.357963875205254,1.5,5.0,3.0,22.5,4.0,1,1,0,0.5,4.66666666666666,1.11111111111111,0
Insoo Cho,103,103,21,4.9047619047619,0.0192307692307692,6,8,3,1,50,9.0,7,7,7.94739580163054,45,17,0.76,6.08276253029821,0,7,4.24538165755475,3.0,19.4174757281553,34.9514563106796,-519.417475728155,0.0,2,0.058252427184466,0.285714285714285,0.285714285714285,1.79651162790697,10.1488915650922,5.8309518948453,0.206896551724137,3.96785714285714,4,5,103,1.71428571428571,3.96785714285714,3.75675675675675,3.9126213592233,103.0,8.33333333333333,7.07106781186547,1.0,7.34846922834953,14,6.9282032302755,3.20713490294909,3,5,9.18063098722328,3.33980582524271,39.3345238095238,40.3559523809523,1.19148936170212,12.0,3,3,1,1.71428571428571,7.0,7.0,0
Inverardi Pierluigi,6,143,2,71.5,6.8095238095238,5,6,3,2,143,27.0,6,6,5.18095238095238,86,5,0.93,10.9544511501033,5,5,5.05233304818949,1.41421356237309,82.5174825174825,17.4825174825174,0.0,0.0,4,0.833333333333333,59.5833333333333,2.5,1.36363636363636,11.9582607431013,8.55862138431184,0.238095238095238,1.33333333333333,5,7,6,1.31578947368421,1.33333333333333,4.88148148148148,4.88811188811188,6.0,28.6,11.9582607431013,23.8333333333333,11.6189500386222,118,5.47722557505166,2.56494588021288,6,4,7.06015037593985,3.66666666666666,37.0,1.66666666666666,0.166666666666666,98.3333333333333,4,3,2,1.31578947368421,6.72727272727272,1.0,0
Irina Zhelavskaya,7,8,2,4.0,0.285714285714285,2,2,1,0,7,3.5,2,2,3.2,6,3,0.07,2.0,0,2,1.93185165257813,1.41421356237309,37.5,50.0,-100.0,0.0,0,0.285714285714285,1.14285714285714,1.0,0.736842105263157,2.82842712474619,2.64575131106459,0.166666666666666,0.916666666666666,2,1,7,0.571428571428571,0.916666666666666,1.75,1.875,7.0,3.5,2.64575131106459,1.14285714285714,2.64575131106459,3,2.0,1.06904496764969,1,1,0.716666666666666,2.71428571428571,2.41666666666666,3.08333333333333,8.0,3.0,1,1,0,0.571428571428571,3.4,1.33333333333333,0
Irwin Brown,97,3154,126,25.031746031746,0.663580896276036,23,56,9,8,2853,73.5,32,38,19.7087995836853,1192,42,22.43,45.5521678957214,7,23,15.0246776967303,2.0,74.4134432466709,16.7723525681674,-45.1173113506658,-1.16679389312977,36,0.237113402061855,5.93536246113565,0.182539682539682,12.191256830601,56.1604843283958,31.0730322519919,0.176923076923076,14.5166666666666,19,40,97,9.28070175438596,14.5166666666666,18.8820960698689,18.8972733037412,97.0,124.043478260869,53.4134814442945,32.5154639175257,41.1156904356475,2324,35.8887168898527,14.6101382728185,43,23,159.766230490944,1.88659793814432,1947.9,68.5,336.383000815842,1406.63157894736,18,12,6,9.28070175438596,24.0212765957446,12.0,0
J E Yukich,131,2993,35,85.5142857142857,0.346171640064769,29,52,9,8,2256,50.5,39,43,26.4889165007257,875,65,15.61,40.2119385257662,5,30,15.5007002063801,5.91607978309961,48.2459071166054,28.0988974273304,-75.1754092883394,-1.78206724782067,57,0.221374045801526,18.9306434023991,0.828571428571428,13.7644927536231,54.7083174663597,39.1194751157698,0.743589743589743,20.6666666666666,22,39,131,14.0166666666666,20.6666666666666,21.7835051546391,21.8526561977948,131.0,77.7931034482758,47.4973683481516,22.8473282442748,38.2687862363049,1415,38.8329756778952,20.1614318274604,35,29,187.507990049542,2.10687022900763,1606.45,78.6666666666666,73.7374929917626,954.302325581395,21,13,6,14.0166666666666,30.0,30.0,0
J L Munoz,179,10018,40,250.45,0.621849782743637,50,95,12,13,7533,88.0,69,77,44.7308993955332,2816,125,45.98,73.2529862872497,13,50,23.7008386564785,8.0,50.738670393292,24.9550808544619,-40.0678778199241,-1.89320761978064,142,0.279329608938547,69.9581005586592,1.25,13.8975155279503,100.089959536409,71.1758218712479,0.833333333333333,27.6833333333333,28,60,179,14.8809523809523,27.6833333333333,27.8804722085587,27.9272309842283,179.0,150.66,86.7928568489366,55.9664804469273,66.332495807108,5033,68.9202437604511,27.277236279499,55,48,342.779834248165,3.59776536312849,3768.46666666666,58.95,174.289043625893,3268.18181818181,27,16,7,14.8809523809523,51.009900990099,25.5,0
J. Baranger,99,1166,72,16.1944444444444,0.235555555555555,17,33,7,5,950,52.0,25,27,16.3939217211367,468,36,6.93,27.1661554144122,2,19,11.0652409092215,3.0,56.6895368782161,24.7855917667238,-101.029159519725,-1.4207723035952,25,0.171717171717171,2.78086419753086,0.236111111111111,8.415,34.1467421579277,24.5390844708327,0.171717171717171,12.75,16,24,99,7.60526315789473,12.75,15.7530186608122,15.8070325900514,99.0,55.8823529411764,30.8220700148448,11.7777777777777,29.732137494637,661,23.685438564654,11.3705529190189,22,15,34.9922217498289,2.02020202020202,570.866666666666,61.5333333333333,51.8004115226337,416.185185185185,15,7,2,7.60526315789473,18.0285714285714,9.5,0
J. Bradley,199,454138,80,5676.725,22.8210050251256,199,199,50,139,454138,1731.0,199,199,104.942611927177,213480,199,1023.13,573.941634663316,199,199,95.3476498983006,13.4164078649987,91.2799633591551,8.72003664084485,0.0,0.0,199,1.0,5676.72499999999,2.4875,49.50125,673.897618336791,318.286939292638,2.28735632183908,66.8273809523809,193,200,199,49.50125,66.8273809523809,192.917620321393,192.918826436017,199.0,2282.10050251256,673.897618336791,2282.10050251256,586.914814943361,414537,199.0,99.2509382827185,199,198,22162.7353214077,4.02010050251256,157239.80595238,66.8273809523809,0.0050251256281407,414537.0,192,174,88,49.50125,198.942355889724,-1.00475059382422,0
"J. Edward Swan, II",67,335,26,12.8846153846153,0.147058823529411,8,18,4,3,287,38.0,10,12,8.59690035006294,152,19,2.95,15.4596248337403,1,8,6.69543875579224,2.0,68.955223880597,19.1044776119403,-128.65671641791,-1.02290076335877,7,0.119402985074626,1.53846153846153,0.307692307692307,2.06949806949807,18.3030052177231,15.7797338380595,0.266666666666666,3.48333333333333,6,14,67,2.06451612903225,3.48333333333333,5.90458015267175,5.92537313432835,67.0,35.875,16.9410743460974,5.0,17.4355957741626,223,12.0,4.06400406400609,9,8,35.3006471913592,3.86567164179104,96.1833333333333,23.4666666666666,36.875,148.666666666666,5,5,4,2.06451612903225,9.05882352941176,4.5,0
J. Gessner,299,9609,262,36.6755725190839,0.214247491638796,55,90,12,14,6760,88.0,72,78,47.4801140643417,3025,130,39.53,69.0217357069495,5,55,24.0981884948359,7.41619848709566,39.4421896139036,31.4809033198043,-110.56301384119,-2.28522336769759,152,0.183946488294314,6.74634277106895,0.209923664122137,14.5789007092198,98.0255068846879,50.3648356163967,0.206766917293233,25.8261904761904,25,43,299,12.9273504273504,25.8261904761904,24.8767387117483,24.940056197315,299.0,122.90909090909,82.2192191643778,32.1371237458193,69.5701085237043,3735,70.3562363973514,26.6646633862922,40,23,539.656755328649,3.77257525083612,2749.26904761904,102.530952380952,78.3874367672724,2633.65384615384,24,22,8,12.9273504273504,56.018018018018,18.6666666666666,0
J. Ghent,167,1115,122,9.13934426229508,0.0794838893641288,16,29,6,4,718,29.0,21,24,17.0433635127565,273,40,6.63,23.1084400165826,0,16,10.0451437365543,3.60555127546398,42.8699551569506,22.9596412556053,-182.421524663677,-2.57608695652173,22,0.0958083832335329,0.875625797585157,0.131147540983606,6.69674185463659,33.391615714128,20.5345237750152,0.126984126984126,9.53333333333333,11,23,167,5.22448979591836,9.53333333333333,10.8381877022653,10.9103139013452,167.0,44.875,26.7955220139485,6.67664670658682,21.540659228538,462,21.540659228538,9.14285714285714,17,10,72.9665845007307,2.38922155688622,533.561904761904,109.688095238095,12.8626212142643,308.0,10,7,4,5.22448979591836,17.030303030303,8.5,0
J. L. F. Salles,489,76289,43,1774.16279069767,0.636776428362756,140,248,20,35,49864,227.5,189,205,128.933489911738,22479,446,229.75,186.418883163696,64,142,49.0311344430544,19.5192212959431,39.6702014707231,25.6917773204524,-29.4079093971607,-3.21472496713176,489,0.286298568507157,507.940267275407,3.25581395348837,31.7091245947197,276.204634284075,80.1525579110395,2.3728813559322,75.154761904762,65,105,489,31.0126582278481,75.154761904762,64.8868820767743,64.9463094286201,489.0,356.171428571428,223.302485431756,156.010224948875,178.465682975747,30264,186.333035181633,65.8921251129354,103,111,3817.17243786225,4.41513292433537,19110.5833333333,127.959523809524,294.391442075713,20668.0975609756,64,51,22,31.0126582278481,141.007117437722,47.6666666666666,0
J. MacDougall,29,19867,39,509.410256410256,45.671264367816,29,29,21,29,19867,587.0,29,29,18.4981415424237,10528,29,68.86,120.87596948939,29,29,27.1696896477284,5.29150262212918,95.7668495495042,4.23315045049579,0.0,0.0,29,1.0,509.410256410256,0.743589743589743,7.57657657657657,140.950345866904,112.197742104435,0.58,8.01666666666666,29,30,29,7.57657657657657,8.01666666666666,29.957668495495,29.957668495495,29.0,685.068965517241,140.950345866904,685.068965517241,130.472219265252,19026,29.0,14.8229794818963,29,29,836.021678006374,3.82758620689655,5630.99999999999,8.01666666666666,0.0344827586206896,19026.0,29,28,17,7.57657657657657,24.4067796610169,-1.00607902735562,0
J. R. Burch,79,5277,91,57.9890109890109,1.66993670886075,27,72,10,11,4744,83.5,38,46,24.0038753034418,2169,59,36.1,60.0832755431992,15,30,17.4218905277748,1.73205080756887,76.5965510706841,13.8146674246731,-17.0172446465794,-1.21109040074557,51,0.341772151898734,19.8190290721936,0.296703296703296,12.2586206896551,72.642962494656,47.8478491331289,0.284210526315789,18.8666666666666,23,56,79,10.125,18.8666666666666,22.8951018638925,22.9082812203903,79.0,175.703703703703,68.8767014308902,66.7974683544303,47.4815753740332,4015,44.0908153700972,16.5340557637864,47,25,180.575053107141,2.20253164556962,2332.63333333333,49.6666666666666,629.823560314204,2356.6304347826,22,13,6,10.125,28.0,28.0,0
J. S. Chang,999,21457,198,108.368686868686,0.0429569569569569,70,124,14,17,12784,99.5,90,100,67.4969006355396,5110,200,95.75,93.6269192059634,2,71,29.2173810454134,12.0830459735945,36.7432539497599,22.8363704152491,-262.650883161672,-4.89308777804353,354,0.07007007007007,7.59340148229037,0.353535353535353,21.83947532792,146.482080815368,66.2620539866883,0.3125,41.8023809523809,39,71,999,21.4912280701754,41.8023809523809,38.85943736007,38.9327026145313,999.0,182.628571428571,113.06635220082,21.4784784784784,83.4565755348252,7884,93.1665175908169,38.7864146952548,64,44,670.763666403439,3.2052052052052,7520.94166666666,407.965476190475,31.6592723243247,5518.8,38,19,10,21.4912280701754,71.0070921985815,36.0,0
J. S.J. Li,29,373,32,11.65625,0.857471264367816,10,19,5,3,302,24.0,14,15,10.6789421228772,138,20,2.27,15.0665191733193,4,10,7.19356948247094,2.44948974278317,54.1554959785522,26.8096514745308,-31.6353887399463,-1.43333333333333,10,0.344827586206896,4.01939655172413,0.3125,4.02777777777777,19.3132079158279,14.0475383371369,0.277777777777777,7.08333333333333,8,13,29,4.54545454545454,7.08333333333333,7.81716417910447,7.86863270777479,29.0,30.2,17.3781471969827,12.8620689655172,15.4919333848296,202,13.7840487520902,6.74199862463242,12,7,19.9361379569438,2.48275862068965,188.37619047619,13.7928571428571,54.7090820786789,134.666666666666,7,4,2,4.54545454545454,11.095238095238,4.0,0
J. Talavage,138,1675,59,28.3898305084745,0.174642894380148,22,38,7,6,1217,34.0,29,32,20.5997323506821,504,50,9.45,30.1827765455731,2,22,12.4817501250546,4.89897948556635,45.0746268656716,28.8955223880597,-126.268656716417,-1.86529126213592,35,0.159420289855072,4.52591500859739,0.372881355932203,9.51724137931034,40.9267638593622,26.6598949735365,0.349206349206349,12.75,14,28,138,9.3076923076923,12.75,13.832507433102,13.8991044776119,138.0,55.3181818181818,34.8855270850248,12.1376811594202,27.3495886623546,733,28.9136645896019,14.3097599829358,25,14,46.770033017902,2.31159420289855,813.483333333333,72.0833333333333,34.4921719186278,503.9375,13,6,3,9.3076923076923,23.0222222222222,11.5,0
J. Zhu,199,256983,22,11681.0454545454,12.9137185929648,199,199,38,90,256983,860.0,199,199,104.942611927177,99520,199,763.13,427.701999060093,199,199,81.4215326328179,12.6491106406735,84.5900312472031,15.4099687527968,0.0,0.0,199,1.0,11681.0454545454,9.04545454545454,43.5654565456545,506.934907064013,151.172743902683,5.37837837837837,56.3476190476191,142,200,199,43.5654565456545,56.3476190476191,141.911407296498,141.922636905943,199.0,1291.37185929648,506.934907064013,1291.37185929648,413.690705721073,217382,199.0,93.1102886505313,199,192,13276.1480976504,4.56783919597989,76394.3321428571,56.3476190476191,0.0050251256281407,217382.0,141,134,60,43.5654565456545,199.125313283208,-1.00574712643678,0
J.-P. Le Cadre,33,71,14,5.07142857142857,0.126559714795008,4,6,2,1,31,12.0,5,5,6.42000632992902,30,15,0.39,5.09901951359278,0,5,3.38257697316875,3.87298334620741,26.7605633802816,22.5352112676056,-112.676056338028,-12.6666666666666,2,0.121212121212121,0.614718614718614,0.285714285714285,2.31578947368421,8.42614977317635,5.91607978309961,0.0851063829787234,3.0,4,15,33,2.28571428571428,3.0,3.70967741935483,3.87323943661971,33.0,7.75,5.56776436283002,2.15151515151515,6.9282032302755,15,4.89897948556635,3.02371578407381,4,3,1.97100393261383,1.72727272727272,44.6666666666666,22.0,2.09175084175084,12.0,3,1,0,2.28571428571428,5.0,5.0,0
Jack S. Eddy Tan,3,39,0,39.0,6.5,3,3,2,1,39,13.0,3,3,3.8,26,3,0.22,5.91607978309961,3,3,3.20873293299511,1.41421356237309,76.9230769230769,23.076923076923,0.0,0.0,2,1.0,39.0,3.0,0.899999999999999,6.24499799839839,3.60555127546398,0.088235294117647,0.916666666666666,3,4,3,0.9,0.916666666666666,2.88571428571428,2.89743589743589,3.0,13.0,6.24499799839839,13.0,6.24499799839839,30,3.0,1.64316767251549,3,2,1.14705882352941,3.33333333333333,12.6666666666666,0.916666666666666,0.333333333333333,30.0,2,1,0,0.899999999999999,3.42857142857142,-1.66666666666666,0
Jae-An Yi,295,3221,47,68.531914893617,0.0737746220797068,22,55,8,8,2722,63.0,31,36,21.2183888520531,908,56,25.99,46.2925479964108,1,23,14.5160495227683,2.0,69.4815274759391,15.0263893200869,-170.971747904377,-1.3033407572383,37,0.0745762711864406,5.11085467003245,0.468085106382978,5.93778591033851,56.7538544946508,33.3091578998929,0.431372549019607,9.74523809523809,13,35,295,5.09473684210526,9.74523809523809,12.9403232490675,12.9552933871468,295.0,123.727272727272,52.1727898429823,10.9186440677966,37.2290209379725,2238,34.7850542618521,10.5869830700873,33,13,154.013203450666,3.70508474576271,1229.19047619047,110.978571428571,59.5602187425698,1367.66666666666,12,11,6,5.09473684210526,23.0444444444444,8.33333333333333,0
James C. Morelock,2,5,3,1.66666666666666,1.66666666666666,2,2,1,0,3,3.0,2,2,2.66666666666666,4,2,0.03,1.73205080756887,2,2,1.77377122818642,1.41421356237309,20.0,80.0,0.0,0.0,0,1.0,1.66666666666666,0.666666666666666,1.33333333333333,2.23606797749979,2.23606797749979,0.0307692307692307,1.5,2,2,2,1.33333333333333,1.5,1.66666666666666,1.8,2.0,1.5,1.73205080756887,2.5,2.44948974278317,-1,2.0,1.63299316185545,1,2,0.0784119106699751,1.5,3.5,1.5,0.5,-1.0,1,0,0,1.33333333333333,2.6,-3.0,0
James G. Hay,102,4433,39,113.666666666666,0.843898724538359,39,66,10,11,3889,84.0,52,57,29.4084562313676,1764,62,18.75,54.6076917659041,21,40,19.3709365194877,6.0,53.4175501917437,34.3108504398826,-43.1536205729754,-1.27984633569739,60,0.38235294117647,43.4607843137254,1.0,19.3106796116504,66.5807780068692,43.5727361240183,0.672413793103448,26.3333333333333,28,50,102,17.0898876404494,26.3333333333333,27.7786213179471,27.8355515452289,102.0,99.7179487179487,62.3618473106754,43.4607843137254,57.2363520850167,2368,50.7346035758632,25.8167700918904,49,36,135.213677483187,2.01960784313725,2594.08333333333,63.1666666666666,310.696673154555,1620.21052631578,27,13,5,17.0898876404494,40.0379746835443,10.75,0
James Gaskin,24,19,151,0.125827814569536,0.0633333333333333,2,3,1,0,7,3.5,2,2,4.34479954170356,12,10,0.11,2.0,0,6,1.93185165257813,2.44948974278317,15.7894736842105,21.0526315789473,-168.421052631578,-1.66666666666666,0,0.0833333333333333,0.010485651214128,0.0132450331125827,1.6551724137931,4.35889894354067,2.64575131106459,0.0129032258064516,2.0,3,3,24,2.0,2.0,2.42857142857142,2.78947368421052,18.1666666666666,3.5,2.64575131106459,0.791666666666666,2.64575131106459,3,2.44948974278317,2.0,3,2,0.392195428554991,1.20833333333333,18.3333333333333,22.1666666666666,0.461805555555555,3.0,2,0,0,2.0,3.2,2.0,0
James H. Ripper,1,0,0,0.0,0.0,0,0,0,0,0,0.0,1,1,0.0,0,0,0.0,0.0,0,1,0.0,1.0,0.0,0.0,0.0,0.0,0,0.0,0.0,0.0,0.0,0.0,0.0,0.0,0.0,1,0,1,0.0,1.0,0.0,0.0,1.0,0.0,0.0,0.0,0.0,0,0.0,0.0,0,0,0.0,1.0,0.0,1.0,0.0,0.0,0,0,0,0.0,1.0,1.0,0
James S. Crabbe,7,14,52,0.269230769230769,0.5,3,3,1,0,8,4.0,3,3,3.99682539682539,9,5,0.08,2.82842712474619,0,3,2.387502794268,1.73205080756887,14.2857142857142,64.2857142857142,-57.1428571428571,-0.7,0,0.428571428571428,0.115384615384615,0.0576923076923076,1.5,3.74165738677394,3.3166247903554,0.0535714285714285,1.7,3,3,7,1.125,1.7,2.5,2.71428571428571,7.0,2.66666666666666,2.82842712474619,2.0,3.46410161513775,-1,3.0,1.83711730708738,2,2,0.277005261702497,2.0,8.1,4.7,7.33333333333333,-1.0,2,0,0,1.125,4.14285714285714,2.0,0
James Solderitsch,20,86,43,2.0,0.409523809523809,5,9,3,1,74,10.0,7,7,6.12509059567883,40,9,0.66,6.9282032302755,2,6,4.30850271676088,2.23606797749979,56.9767441860465,29.0697674418604,-73.2558139534883,-0.985074626865671,3,0.25,0.5,0.116279069767441,2.22222222222222,9.2736184954957,7.02376916856849,0.106382978723404,3.66666666666666,4,6,20,2.5,3.66666666666666,3.84482758620689,3.8953488372093,20.0,14.8,8.60232526704262,4.3,7.07106781186547,49,6.70820393249936,3.53553390593273,7,5,3.81553839620954,2.25,53.0,11.0333333333333,26.5166666666666,35.0,3,2,1,2.5,6.27272727272727,2.25,0
Jan Neerbek,4,12,12,1.0,1.2,2,3,1,0,9,4.5,3,3,3.54285714285714,6,4,0.09,2.44948974278317,4,3,2.04488154922285,1.0,41.6666666666666,33.3333333333333,-8.33333333333333,-1.0,0,0.5,0.5,0.166666666666666,0.888888888888888,3.46410161513775,3.0,0.0833333333333333,1.83333333333333,2,4,4,1.33333333333333,1.83333333333333,1.83333333333333,1.91666666666666,4.0,4.5,3.0,3.0,3.0,5,2.44948974278317,1.63299316185545,2,1,0.755434782608695,2.25,8.5,2.16666666666666,9.0,3.33333333333333,1,1,0,1.33333333333333,3.2,2.0,0
Jaroslav Keznikl,4,11,1,11.0,1.1,2,3,1,0,9,4.5,4,3,3.4,6,3,0.09,2.44948974278317,3,3,2.04488154922285,1.0,45.4545454545454,36.3636363636363,-18.1818181818181,0.0,0,0.5,5.5,2.0,1.14285714285714,3.3166247903554,3.0,0.0689655172413793,1.5,2,3,4,1.0,1.5,1.83333333333333,1.9090909090909,4.0,4.5,3.0,2.75,3.0,5,2.44948974278317,1.41421356237309,2,1,0.389162561576354,1.75,5.5,2.5,12.375,3.33333333333333,1,0,0,1.0,3.2,2.0,0
Jason Denton,12,265,23,11.5217391304347,3.39743589743589,6,12,5,3,259,31.5,7,10,6.22214256331903,146,9,1.83,13.5277492584686,6,6,6.17805261342132,1.41421356237309,84.1509433962264,13.5849056603773,-9.81132075471698,-0.992156862745098,6,0.5,5.76086956521739,0.260869565217391,2.88,16.2788205960997,14.1539158303747,0.222222222222222,3.33333333333333,7,13,12,3.0,3.33333333333333,6.86100386100386,6.86415094339622,12.0,43.1666666666666,16.093476939431,22.0833333333333,13.7477270848675,223,8.48528137423857,4.24264068711928,11,6,10.7751709401709,2.08333333333333,139.333333333333,6.49999999999999,953.263888888888,133.8,6,4,2,3.0,8.53846153846153,1.09523809523809,0
Jean-Christophe Zapalowicz,333,1153,140,8.23571428571428,0.0207333081584578,17,24,6,3,491,28.5,21,22,18.9043607090178,346,50,5.22,20.3469899493758,0,17,9.58114364850553,13.1529464379659,18.9939288811795,25.0650477016478,-409.713790112749,6.66666666666666,28,0.051051051051051,0.42044187044187,0.121428571428571,6.96309963099631,33.9558536926993,18.0439278798529,0.118055555555555,9.45,11,17,333,5.5576923076923,9.45,10.7237569060773,10.9132697311361,333.0,28.8823529411764,22.1585198061603,3.46246246246246,22.0113607030551,202,20.1990098767241,9.72012187324671,10,17,72.6499665792813,2.44144144144144,520.185714285714,189.17619047619,2.72702469911772,156.090909090909,10,8,3,5.5576923076923,18.0857142857142,4.5,0
Jean-Yves Lazennec,8,3,41,0.073170731707317,0.0833333333333333,1,1,1,0,3,3.0,8,1,2.0,3,1,0.03,1.73205080756887,0,1,1.31607401295249,1.0,66.6666666666666,33.3333333333333,-200.0,0.0,0,0.125,0.0091463414634146,0.024390243902439,0.421052631578947,1.73205080756887,1.73205080756887,0.0222222222222222,0.5,2,1,8,0.5,0.5,1.66666666666666,1.66666666666666,2.25,3.0,1.73205080756887,0.375,1.73205080756887,2,1.0,0.707106781186547,1,1,0.142857142857142,2.375,1.5,4.25,0.125,2.0,1,0,0,0.5,3.0,1.0,0
Jedrzej Ulasiewicz,1,3,0,3.0,3.0,1,1,1,0,3,3.0,1,1,2.0,3,1,0.03,1.73205080756887,1,1,1.31607401295249,1.0,66.6666666666666,33.3333333333333,0.0,0.0,0,1.0,3.0,1.0,0.333333333333333,1.73205080756887,1.73205080756887,0.0277777777777777,0.333333333333333,1,1,1,0.333333333333333,0.333333333333333,1.66666666666666,1.66666666666666,1.0,3.0,1.73205080756887,3.0,1.73205080756887,2,1.0,0.577350269189625,1,1,0.0833333333333333,3.0,1.0,0.333333333333333,1.0,2.0,1,0,0,0.333333333333333,1.0,-2.0,0
Jeff D'Agostino,8,122,23,5.30434782608695,3.38888888888888,3,8,2,2,119,39.0,8,6,4.22857142857142,78,4,1.12,10.5830052442583,3,4,4.1754943485509,1.41421356237309,90.1639344262295,7.37704918032786,-9.83606557377049,0.0,2,0.375,1.9891304347826,0.130434782608695,0.631578947368421,11.0453610171872,9.79795897113271,0.111111111111111,1.06666666666666,3,6,8,0.5625,1.06666666666666,2.96428571428571,2.96721311475409,8.0,39.6666666666666,10.9087121146357,15.25,10.8166538263919,110,4.89897948556635,1.29903810567665,4,2,6.01724310776942,4.75,22.8666666666666,2.06666666666666,604.916666666666,55.0,2,2,2,0.5625,4.57142857142857,1.6,0
Jeff Sidell,4,129,9,14.3333333333333,12.9,2,4,2,1,128,64.0,2,4,3.2,122,3,1.28,11.0453610171872,2,2,3.6735338245306,1.0,96.1240310077519,3.10077519379845,-1.55038759689922,0.0,1,0.5,7.16666666666666,0.222222222222222,0.727272727272727,11.3578166916005,11.3137084989847,0.0714285714285714,1.2,3,5,4,0.666666666666666,1.2,2.96875,2.96899224806201,4.0,64.0,11.3137084989847,32.25,11.3137084989847,124,2.82842712474619,1.15470053837925,4,2,4.61507936507936,2.75,31.4,2.45,4128.0,62.0,2,1,1,0.666666666666666,4.0,1.16666666666666,0
Jeff Stanley,34,2987,35,85.3428571428571,5.02016806722689,21,34,10,10,2947,101.0,24,31,15.1263100167912,1150,27,16.53,48.0312398340913,22,21,15.0856310588866,3.16227766016837,83.8968865082022,14.7639772346836,-7.63307666555071,-1.01026342798494,22,0.617647058823529,52.7117647058823,0.6,6.375,54.6534536877588,46.5510472492295,0.538461538461538,7.0,17,29,34,5.44444444444444,7.0,16.906976744186,16.9142952795446,34.0,140.333333333333,54.2862781925598,87.8529411764706,46.0543157586778,2506,26.7207784317747,10.6926766215636,28,18,120.599095256024,3.29411764705882,823.816666666666,14.3666666666666,6472.56544117647,1697.6129032258,16,12,6,5.44444444444444,22.1395348837209,3.28571428571428,0
Jenny Ching-Chih Chou,9,126,11,11.4545454545454,2.8,4,9,3,1,122,15.5,9,6,4.95873015873015,83,5,1.14,9.1104335791443,4,5,4.4482640059324,1.0,84.1269841269841,12.6984126984126,-12.6984126984126,0.0,3,0.444444444444444,5.09090909090909,0.363636363636363,1.2,11.2249721603218,11.0453610171872,0.117647058823529,1.2,3,6,9,0.941176470588235,1.2,2.96039603960396,2.96825396825396,9.0,30.5,11.0453610171872,14.0,7.87400787401181,106,6.0,1.94028500029066,5,2,5.0032497212932,3.33333333333333,30.85,3.78333333333333,427.0,70.6666666666666,2,2,1,0.941176470588235,5.44444444444444,1.8,0
Ji Liu,379,44749,23,1945.60869565217,0.621427579502846,118,183,17,26,26759,177.0,155,165,108.71050336402,16512,364,96.06,140.900674235434,51,120,41.3272699330587,13.114877048604,28.9458982323627,31.1157791235558,-28.8855616885293,-4.86353173298257,379,0.311345646437994,605.756797063209,5.13043478260869,24.5320899616017,211.53959440256,61.3235211189331,3.27777777777777,62.8222222222222,46,73,379,22.7888707037643,62.8222222222222,45.8720783322804,45.9547475921249,379.0,226.771186440677,163.581783826928,118.07124010554,144.519894824207,12835,146.948970734741,51.8564050339414,72,74,2620.51612778765,4.81002638522427,11098.3027777777,91.336507936508,177.562708164537,9178.96969696969,45,46,18,22.7888707037643,119.0,119.0,0
Ji-Hong Chen,40,164,29,5.6551724137931,0.2,7,11,3,2,109,14.0,9,10,8.59883523393279,66,20,1.0,8.77496438739212,0,8,5.21062466135981,2.44948974278317,36.5853658536585,29.8780487804878,-107.317073170731,-2.0327868852459,6,0.175,0.989655172413793,0.241379310344827,2.15384615384615,12.8062484748656,7.37111479583199,0.212121212121212,3.01666666666666,5,5,40,1.96,3.01666666666666,4.79220779220779,4.90243902439024,40.0,15.5714285714285,10.4403065089105,4.1,9.89949493661166,60,8.77496438739212,3.70405183549042,4,5,10.2652978923215,3.25,49.4999999999999,15.05,8.12545454545454,42.0,4,3,1,1.96,8.13333333333333,3.33333333333333,0
Jia-Chun Lin,49,7756,11,705.090909090909,6.33142857142857,48,49,13,16,7671,125.0,49,49,28.7469638232146,3478,49,27.85,75.2196782763659,49,48,24.048386859829,6.08276253029821,69.8169159360495,29.706034038164,0.0,0.0,49,0.979591836734693,690.701298701298,4.36363636363636,10.9906542056074,88.0681554252159,41.046822857155,2.0,12.3857142857142,30,45,49,11.023923444976,12.3857142857142,29.864747507237,29.8915678184631,49.0,159.8125,87.58424515859,158.285714285714,77.4596669241483,5367,48.4974226119285,23.0032242383291,41,34,489.247826124683,4.36734693877551,1798.85238095238,12.3857142857142,33021.8223938224,5257.4693877551,29,26,12,11.023923444976,49.1134020618556,4.08333333333333,0
Jian-hua Luo,289,13207,28,471.678571428571,0.31516525474287,52,104,12,14,9194,84.0,71,80,49.8519722223654,2867,150,65.36,81.6394512475433,11,53,24.7818930913854,6.85565460040104,49.140607253729,20.4739910653441,-62.9287499053532,-2.46856487674374,217,0.17993079584775,84.869500741473,1.85714285714285,14.1107981220657,114.921712482889,56.9023809025681,1.20930232558139,29.4333333333333,31,57,289,14.6162162162162,29.4333333333333,30.8838259971601,30.9318543196789,289.0,176.807692307692,95.8853482029449,45.6989619377162,66.0908465674332,6490,73.5391052434009,27.568881791673,63,51,648.828584474892,3.68512110726643,5174.60476190476,95.3690476190476,104.698792936796,4218.5,30,21,10,14.6162162162162,53.0095238095238,27.0,0
Jian-long Zhang,19,53,16,3.3125,0.278947368421052,4,6,2,1,33,10.0,5,5,5.61212100592905,24,10,0.37,5.0,0,4,3.44437049852683,1.73205080756887,39.6226415094339,30.188679245283,-81.1320754716981,-1.41666666666666,2,0.210526315789473,0.697368421052631,0.25,1.26666666666666,7.28010988928051,5.24404424085075,0.137931034482758,2.58333333333333,3,4,19,1.06666666666666,2.58333333333333,2.84,2.92452830188679,19.0,8.25,5.74456264653802,2.78947368421052,6.32455532033675,17,4.89897948556635,2.06559111797728,2,2,3.38143652872755,3.1578947368421,17.0,7.28333333333333,6.45065789473684,13.6,2,2,1,1.06666666666666,5.11111111111111,2.5,0
Jianbin Fang,19,125,18,6.94444444444444,0.657894736842105,4,11,3,1,106,13.0,5,7,5.84618941738877,75,11,1.06,8.66025403784438,1,4,4.2527555951297,1.0,72.0,12.8,-32.0,-1.17777777777777,3,0.210526315789473,1.46198830409356,0.222222222222222,1.3103448275862,11.1803398874989,6.73300329224138,0.181818181818181,2.03333333333333,3,13,19,1.0,2.03333333333333,2.95555555555555,2.968,19.0,26.5,10.295630140987,6.57894736842105,7.21110255092797,90,6.6332495807108,2.0,5,2,10.4029627235509,3.05263157894736,35.7666666666666,7.23333333333333,36.7036011080332,51.4285714285714,2,3,1,1.0,5.22222222222222,2.0,0
Jiancong Chen,30,694,29,23.9310344827586,1.49247311827956,12,26,7,5,631,56.0,17,19,11.4157481259908,378,20,3.78,22.1359436211786,11,14,9.18137608414857,2.64575131106459,70.1729106628242,20.7492795389049,-22.0461095100864,-1.14482758620689,15,0.4,9.57241379310344,0.413793103448275,3.42857142857142,26.3438797446389,19.308892597281,0.333333333333333,4.81666666666666,10,15,30,3.0,4.81666666666666,9.85689045936395,9.88328530259366,30.0,52.5833333333333,25.1197133741609,23.1333333333333,25.9229627936314,487,17.6635217326556,6.0,13,9,51.9387302501718,3.5,195.885714285714,11.2428571428571,231.700529100529,307.578947368421,9,7,5,3.0,13.08,5.0,0
Jianying Gu,55,1305,30,43.5,0.847402597402597,18,36,7,5,1216,37.0,23,26,14.683310085197,414,28,8.87,29.7825452236708,7,18,11.6017372190839,1.73205080756887,68.3524904214559,24.8275862068965,-43.9080459770115,-1.09553023663453,22,0.327272727272727,14.2363636363636,0.6,5.26595744680851,36.1247837363768,25.0366398171426,0.529411764705882,6.88333333333333,11,20,55,4.76470588235294,6.88333333333333,10.9000999000999,10.9233716475095,55.0,67.5555555555555,34.8711915483253,23.7272727272727,25.8069758011278,892,25.4558441227157,9.26092359769547,18,9,73.4726258166248,3.41818181818181,377.966666666666,19.4333333333333,324.183861082737,617.538461538461,10,9,4,4.76470588235294,19.1351351351351,3.33333333333333,0
Jiayi Ma,122,5779,118,48.9745762711864,0.770225243236038,33,75,12,13,5105,116.0,49,56,27.9700413686291,1972,65,32.25,61.4491659829488,18,35,19.5798707330252,4.12310562561766,69.492991867105,18.8440906731268,-39.1590240526042,-1.26724910394265,60,0.270491803278688,13.2472214504028,0.279661016949152,7.2410071942446,76.019734279988,30.975797003467,0.270491803278688,11.9428571428571,20,36,122,6.7639751552795,11.9428571428571,19.9144144144144,19.9375324450597,122.0,154.696969696969,71.449282711585,47.3688524590163,61.870833193032,4016,49.749371855331,14.9402536833958,33,19,679.108785658785,4.55737704918032,1278.5238095238,30.3464285714285,358.780403268959,2366.57142857142,19,27,16,6.7639751552795,34.0149253731343,17.5,0
Jicheng Liu,379,1289,40,32.225,0.017900291626163,20,31,6,4,812,28.0,25,27,20.1259715935485,420,50,8.12,23.9165214862027,0,21,11.059707792372,4.58257569495584,33.5143522110162,31.0318076027928,-521.567106283941,-2.30379746835443,40,0.0527704485488126,1.70052770448548,0.5,5.37588652482269,35.9026461420325,22.9601103365525,0.454545454545454,10.4761904761904,9,17,379,4.76190476190476,10.4761904761904,8.88148148148148,8.95034910783553,379.0,40.6,28.49561369755,3.40105540897097,23.6643191323984,412,24.8997991959774,9.75900072948533,13,11,55.5439459357644,3.72031662269129,341.728571428571,115.940476190476,6.19185579926444,305.185185185185,8,6,2,4.76190476190476,21.0,21.0,0
Jie Shen,409,25499,38,671.026315789473,0.3041206989087,67,157,17,25,21872,193.0,96,112,55.4811049664103,6840,150,145.55,128.335497817244,11,67,32.9639126499003,4.89897948556635,68.1713008353268,17.6046119455664,-75.6343386015137,-1.37021462508874,180,0.163814180929095,109.923626302921,1.76315789473684,19.4761904761904,159.684063074559,72.6702926137732,1.59523809523809,41.0630952380952,49,98,409,21.1745283018867,41.0630952380952,48.885492768749,48.9096435154319,409.0,326.447761194029,147.891852378689,62.3447432762836,113.714554917125,17383,102.562176263961,37.6655465409227,98,64,1072.15731991148,3.440097799511,10373.1297619047,163.698809523809,375.959256944823,10398.7589285714,48,31,15,21.1745283018867,68.0148148148148,23.0,0
Jin-Quan Huang,6,6,10,0.6,0.285714285714285,2,2,1,0,3,3.0,2,2,2.86666666666666,4,3,0.05,1.73205080756887,0,2,1.77377122818642,1.41421356237309,16.6666666666666,66.6666666666666,-100.0,0.0,0,0.333333333333333,0.2,0.2,0.857142857142857,2.44948974278317,2.23606797749979,0.064516129032258,1.0,2,7,6,1.0,1.0,1.66666666666666,1.83333333333333,6.0,1.5,1.73205080756887,1.0,2.44948974278317,-1,2.0,1.41421356237309,1,1,0.20129773822766,2.33333333333333,3.0,3.08333333333333,5.0,-1.0,1,0,0,1.0,3.2,1.5,0
Jin-liang Liu,61,975,16,60.9375,0.515600211528291,19,29,7,5,743,33.0,24,26,17.1184230382276,406,39,4.23,23.8117617995813,2,19,10.8299781823794,3.74165738677394,41.1282051282051,37.025641025641,-59.8974358974359,-1.61199294532627,28,0.311475409836065,18.9805327868852,1.1875,4.44061302681992,31.2249899919919,15.5536705207056,0.655172413793103,7.85,10,13,61,4.19767441860465,7.85,9.83928571428571,9.91692307692307,61.0,39.1052631578947,27.258026340878,15.983606557377,25.0399680510978,382,23.473389188611,8.93061106271504,11,13,63.9981017709749,4.27868852459016,232.7,15.5833333333333,57.1807896559685,279.153846153846,9,9,3,4.19767441860465,20.025641025641,10.0,0
Jingtao Wang,19,3592,25,143.68,18.9052631578947,19,19,13,15,3592,178.0,19,19,13.1810482770852,2414,19,11.77,55.1271258093508,19,19,15.9997535688396,4.12310562561766,89.9498886414253,10.0501113585746,0.0,0.0,19,1.0,143.68,0.76,3.57425742574257,59.9332962550867,46.8828326789241,0.612903225806451,3.93571428571428,18,20,19,3.57425742574257,3.93571428571428,17.9170493685419,17.919543429844,19.0,189.052631578947,59.9332962550867,189.052631578947,58.1549653941948,3231,19.0,8.240806458661,19,17,336.141109299613,5.31578947368421,755.821428571428,3.93571428571428,0.0526315789473684,3231.0,17,18,13,3.57425742574257,18.7692307692307,-1.04255319148936,0
Jinkun Lin,21,79,19,4.1578947368421,0.341991341991342,4,8,2,2,65,16.5,5,6,5.64562551311777,52,10,0.65,7.21110255092797,2,5,3.91066235835227,1.41421356237309,62.0253164556962,20.253164556962,-68.3544303797468,-1.05454545454545,2,0.19047619047619,0.791979949874686,0.210526315789473,1.44827586206896,8.88819441731558,6.24499799839839,0.117647058823529,3.03333333333333,5,8,21,1.77777777777777,3.03333333333333,4.75384615384615,4.79746835443037,21.0,16.25,8.06225774829855,3.76190476190476,8.12403840463596,49,5.65685424949238,2.66666666666666,5,4,3.21200909349246,2.76190476190476,37.6666666666666,12.8333333333333,17.4659863945578,32.6666666666666,4,2,1,1.77777777777777,5.22222222222222,2.33333333333333,0
Jintao Xue,313,2044,120,17.0333333333333,0.0415945951445839,22,38,7,6,1215,39.0,30,33,23.3065885850768,580,63,10.98,29.120439557122,0,22,12.558056891587,4.47213595499958,36.839530332681,23.679060665362,-273.679060665362,-3.83813747228381,45,0.0702875399361022,1.1972310969116,0.183333333333333,6.74436826640548,45.2106182218292,24.0520269416113,0.177419354838709,12.5166666666666,14,21,313,6.72222222222222,12.5166666666666,13.8245067497403,13.9173189823874,313.0,55.2272727272727,34.8568501158667,6.53035143769968,29.2916370317536,731,28.9136645896019,12.1609575646364,20,11,80.4991542316715,3.26198083067092,759.191666666666,126.170238095238,10.0099686845532,487.333333333333,13,8,3,6.72222222222222,23.0222222222222,11.5,0
Jiong Xie,11,42,7,6.0,0.636363636363636,3,6,2,1,31,7.0,4,5,4.91979131979132,20,8,0.31,4.47213595499958,1,4,3.01958395578996,1.0,52.3809523809523,21.4285714285714,-30.9523809523809,-1.34782608695652,1,0.272727272727272,1.63636363636363,0.428571428571428,1.0,6.48074069840786,4.18330013267037,0.12,1.8095238095238,3,5,11,0.818181818181818,1.8095238095238,2.85185185185185,2.9047619047619,11.0,10.3333333333333,5.56776436283002,3.81818181818181,4.58257569495584,22,4.24264068711928,1.56669890360128,3,1,2.153776106934,3.0,14.5119047619047,5.0595238095238,10.7603305785123,13.2,2,1,1,0.818181818181818,4.14285714285714,2.5,0
Joddat Fatima,2,14,1,14.0,4.66666666666666,1,2,1,1,13,13.0,1,2,2.33333333333333,13,2,0.13,3.60555127546398,2,2,1.89882892211594,1.0,85.7142857142857,7.14285714285714,0.0,0.0,1,0.5,7.0,1.0,0.5,3.74165738677394,3.60555127546398,0.0833333333333333,0.333333333333333,2,3,2,0.333333333333333,0.333333333333333,1.92307692307692,1.92857142857142,2.0,13.0,3.60555127546398,7.0,3.60555127546398,12,1.41421356237309,0.577350269189625,2,1,1.26515151515151,2.0,5.33333333333333,1.33333333333333,91.0,6.0,1,1,1,0.333333333333333,6.0,1.07692307692307,0
Joel Chan,27,341,27,12.6296296296296,0.902116402116402,8,18,4,3,304,22.0,11,12,8.68163179600138,143,18,2.74,15.1657508881031,4,8,6.62215382759562,1.0,70.3812316715542,18.7683284457478,-33.4310850439882,-1.14598540145985,8,0.296296296296296,3.74211248285322,0.296296296296296,2.48275862068965,18.4661853126193,15.790292376436,0.258064516129032,3.81666666666666,6,12,27,2.06451612903225,3.81666666666666,5.90875912408759,5.92668621700879,27.0,38.0,17.4355957741626,12.6296296296296,13.2664991614216,240,12.0,4.06400406400609,9,4,17.6266780351774,3.22222222222222,107.949999999999,11.3833333333333,103.767767767767,160.0,5,4,2,2.06451612903225,9.17647058823529,2.75,0
Joerg Berdux,1,1,0,1.0,1.0,1,1,1,0,0,0.0,1,1,1.0,1,1,0.01,1.0,1,1,1.0,1.0,0.0,100.0,0.0,0.0,0,1.0,1.0,1.0,1.0,1.0,1.0,0.0454545454545454,1.0,1,2,1,1.0,1.0,1.0,1.0,1.0,0.0,0.0,1.0,0.0,-1,1.0,1.0,1,1,0.0454545454545454,1.0,1.0,1.0,1.0,-1.0,1,0,0,1.0,1.66666666666666,0.0,0
John C. Phillips,181,3589,112,32.0446428571428,0.217898123975472,30,56,9,8,2637,64.5,42,47,28.5035049511184,1176,77,17.88,43.7949768809163,3,31,16.3277857229329,4.58257569495584,48.3978824185009,25.0766230147673,-99.6935079409306,-1.9871720116618,71,0.165745856353591,5.31126677190213,0.267857142857142,13.6090225563909,59.9082632030006,44.0889252912036,0.258620689655172,22.3833333333333,23,45,181,11.5384615384615,22.3833333333333,22.7916487300904,22.8651434940094,181.0,87.9,51.351728305871,19.8287292817679,43.9886348958455,1737,40.9878030638383,18.6052101883812,41,29,101.420619258737,2.20441988950276,2147.48333333333,120.216666666666,54.9247469706114,1108.72340425531,22,9,3,11.5384615384615,31.0163934426229,16.0,0
John R. Mackay,53,321,84,3.82142857142857,0.224318658280922,11,15,4,2,201,16.5,13,14,11.6079697965283,126,28,1.61,12.6885775404495,0,11,6.85677144923864,3.0,28.3489096573208,37.6947040498442,-109.034267912772,-2.41441441441441,11,0.20754716981132,0.793126684636118,0.13095238095238,8.5735294117647,17.9164728671689,14.0712472794702,0.107843137254901,8.06666666666666,9,14,53,5.26086956521739,8.06666666666666,8.63428571428571,8.8006230529595,53.0,18.2727272727272,14.1774468787578,6.0566037735849,13.4721935853074,80,12.8452325786651,7.60720482288937,11,11,8.03845487346169,1.28301886792452,238.866666666666,48.5666666666666,11.7798165137614,62.8571428571428,8,2,1,5.26086956521739,12.1304347826086,3.0,0
Jonathan Hale,169,2570,158,16.2658227848101,0.178907065784893,24,48,9,8,1966,67.0,33,38,22.9169679310376,804,58,16.28,39.6358423652128,2,24,14.2497505505637,3.46410161513775,55.0194552529182,22.4124513618677,-112.801556420233,-1.675505931612,44,0.142011834319526,2.30993933038723,0.151898734177215,9.30275229357798,50.6951674225463,32.9469270190711,0.148148148148148,15.8333333333333,18,30,169,7.68,15.8333333333333,17.8383668903803,17.8875486381322,169.0,81.9166666666666,44.3395985547907,15.2071005917159,40.0998753115268,1390,33.9411254969542,13.5764501987817,30,17,201.556396192063,2.57988165680473,1160.71666666666,94.5833333333333,52.1760865129565,877.894736842105,17,14,7,7.68,25.0204081632653,12.5,0
Joo Tan,79,9451,18,525.055555555555,2.99082278481012,55,79,13,16,8643,103.5,71,79,37.8674463546917,3450,79,34.72,78.4601809837321,79,55,25.4720366537767,6.78232998312526,60.0253941381864,32.0071950058194,-5.98878425563432,-1.17164645580697,79,0.696202531645569,365.545007032348,3.05555555555555,13.2469512195121,97.2162537850538,48.5225033704294,1.89655172413793,19.9499999999999,30,48,79,13.2675438596491,19.9499999999999,29.8742147771462,29.9110147074383,79.0,157.145454545454,92.9677363390117,119.632911392405,75.4486580397557,5618,65.9166139907079,27.0132358720813,48,33,604.492108424151,4.15189873417721,2630.16666666666,22.2333333333333,1381.89517037335,3911.26582278481,29,24,12,13.2675438596491,56.009009009009,28.0,0
Jorge A. Kittl,2,2,1,2.0,0.666666666666666,1,1,1,0,2,2.0,2,1,2.0,2,1,0.02,1.41421356237309,1,1,1.18920711500272,1.0,50.0,50.0,0.0,0.0,0,0.5,1.0,1.0,1.0,1.41421356237309,1.41421356237309,0.0256410256410256,1.0,2,1,2,1.0,1.0,1.5,1.5,2.0,2.0,1.41421356237309,1.0,1.41421356237309,1,1.0,1.0,1,1,0.0512820512820512,1.0,2.0,2.0,0.5,1.0,1,0,0,1.0,2.66666666666666,1.0,0
Joseph Fiedler,43,107,257,0.416342412451361,0.113107822410148,6,8,3,1,60,10.5,7,8,7.86714091115209,46,20,0.6,6.70820393249936,0,6,4.34456637101494,4.79583152331271,22.429906542056,33.6448598130841,-162.616822429906,-3.55555555555555,4,0.13953488372093,0.0580942901094923,0.0233463035019455,4.69090909090909,10.3440804327886,7.74596669241483,0.0204778156996587,5.33333333333333,6,9,43,4.5,5.33333333333333,5.52830188679245,5.76635514018691,43.0,10.0,7.74596669241483,2.48837209302325,7.93725393319377,24,6.9282032302755,5.19615242270663,7,6,1.48678546326189,1.27906976744186,92.0,38.4166666666666,3.17664522513607,18.0,5,1,0,4.5,7.15384615384615,2.66666666666666,0
Jr-Jen Huang,4,45,1,45.0,4.5,2,4,1,1,45,22.5,4,3,3.0,42,2,0.45,6.48074069840786,2,2,2.8657968361307,1.0,91.1111111111111,8.88888888888889,-4.44444444444444,0.0,1,0.5,22.5,2.0,0.8,6.70820393249936,6.70820393249936,0.0769230769230769,0.7,2,5,4,0.571428571428571,0.7,1.97619047619047,1.97777777777777,4.0,22.5,6.70820393249936,11.25,6.70820393249936,41,2.82842712474619,1.06904496764969,3,1,1.79538461538461,2.5,9.9,2.2,0.25,27.3333333333333,1,1,1,0.571428571428571,3.6,1.0,0
Juan Jin,49,3764,25,150.56,3.07265306122449,34,49,10,11,3408,76.0,46,49,25.5837652331952,1428,49,15.08,50.4579032461714,49,34,17.9497487687832,4.12310562561766,59.8299681190223,30.712008501594,-4.06482465462274,-1.20421393841166,49,0.693877551020408,104.470204081632,1.36,5.84561403508772,61.3514466007118,29.0253720427873,0.871794871794871,9.22142857142857,16,24,49,5.83838383838383,9.22142857142857,15.9053428691628,15.9402231668437,49.0,100.235294117647,58.3780780773056,76.8163265306122,50.8330601085553,2252,40.8166632639171,14.0891820381827,22,14,236.945657254267,5.81632653061224,690.682142857142,9.22142857142857,735.365283191928,1562.61224489795,15,17,7,5.83838383838383,35.0289855072463,12.0,0
Jue Dai,1,3,0,3.0,3.0,1,1,1,0,3,3.0,1,1,2.0,3,1,0.03,1.73205080756887,1,1,1.31607401295249,1.0,66.6666666666666,33.3333333333333,0.0,0.0,0,1.0,3.0,1.0,1.0,1.73205080756887,1.73205080756887,0.04,1.0,1,2,1,1.0,1.0,1.66666666666666,1.66666666666666,1.0,3.0,1.73205080756887,3.0,1.73205080756887,2,1.0,1.0,1,1,0.12,1.0,3.0,1.0,1.0,2.0,1,0,0,1.0,1.0,-2.0,0
Juhua Chen,79,3050,26,117.307692307692,0.965189873417721,22,55,9,9,2782,80.0,30,36,18.8678158838579,1020,40,20.45,46.3033476111609,12,23,14.9313079562339,1.41421356237309,76.0655737704918,15.8688524590163,-33.0491803278688,-1.15155038759689,30,0.278481012658227,32.6679649464459,0.846153846153846,6.16312056737588,55.2268050859362,40.3360880601974,0.628571428571428,8.48333333333333,15,28,79,5.43820224719101,8.48333333333333,14.9218812275807,14.935737704918,79.0,126.454545454545,52.7446679769623,38.6075949367088,41.952353926806,2298,34.7850542618521,10.9380276758747,26,16,178.751589337403,3.56962025316455,761.869444444444,26.5777777777777,440.063805701348,1404.33333333333,14,14,7,5.43820224719101,23.0,23.0,0
Julio Guerra,39,418,112,3.73214285714285,0.535897435897435,10,20,4,3,337,21.0,13,16,10.5396541825275,140,22,2.86,15.6524758424985,3,10,7.40648619296422,2.64575131106459,59.090909090909,23.9234449760765,-52.1531100478468,-1.3298245614035,10,0.256410256410256,0.956959706959706,0.0892857142857142,3.8235294117647,20.4450483002608,18.6279360101971,0.0862068965517241,6.56666666666666,7,23,39,2.77777777777777,6.56666666666666,6.87412587412587,6.91387559808612,39.0,33.7,18.3575597506858,10.7179487179487,14.4913767461894,237,14.1421356237309,5.27046276694729,11,4,13.1669293070364,2.61538461538461,181.866666666666,22.1999999999999,52.3820873961719,148.125,6,3,2,2.77777777777777,11.047619047619,5.5,0
Jun Zhu,539,103748,20,5187.4,0.712897684326255,158,302,24,40,75191,251.5,214,235,137.724687612225,26130,463,387.69,229.233505404423,68,161,54.9517976254082,14.1774468787578,48.412499518063,24.0621505956741,-30.4979373096348,-2.20569755513763,539,0.293135435992578,1520.6107606679,7.9,36.0550381033022,322.099363551062,89.2882215520978,4.51428571428571,76.8988095238096,72,133,539,34.2441700960219,76.8988095238096,71.912127181132,71.9514111115395,539.0,475.892405063291,274.209773713483,192.482374768089,199.341415666689,50227,218.439923090995,73.556637193196,135,93,5410.34220167318,4.38218923933209,27284.919047619,142.845634920634,506.808916944615,33769.6425531914,71,60,27,34.2441700960219,159.003154574132,80.0,0
Jun-Rak Lee,1,2,0,2.0,2.0,1,1,1,0,2,2.0,1,1,2.0,2,1,0.02,1.41421356237309,1,1,1.18920711500272,1.0,50.0,50.0,0.0,0.0,0,1.0,2.0,1.0,1.0,1.41421356237309,1.41421356237309,0.0526315789473684,1.0,1,2,1,1.0,1.0,1.5,1.5,1.0,2.0,1.41421356237309,2.0,1.41421356237309,1,1.0,1.0,1,1,0.105263157894736,1.0,2.0,1.0,1.0,1.0,1,0,0,1.0,1.33333333333333,-3.0,0
Junyu Lin,18,974,27,36.074074074074,5.69590643274853,9,18,4,3,952,23.5,10,13,8.14623023796611,714,12,9.02,29.4788059459673,8,9,8.58804039010434,1.73205080756887,90.3490759753593,8.31622176591375,-6.46817248459959,-1.00420168067226,8,0.5,18.037037037037,0.333333333333333,2.69999999999999,31.2089730686544,28.2518435976604,0.290322580645161,3.68333333333333,6,19,18,2.38235294117647,3.68333333333333,5.97270742358078,5.97433264887063,18.0,105.777777777777,30.854497241083,54.1111111111111,14.5430395722489,871,12.7279220613578,4.63046179884773,16,5,54.2464377284111,3.33333333333333,256.849999999999,7.55,4000.05982905982,603.0,5,4,3,2.38235294117647,10.2631578947368,1.66666666666666,0
K. Hay,199,20815,71,293.169014084507,1.04597989949748,74,139,16,22,16047,132.0,102,114,62.8341481727946,5880,179,79.79,106.995327000762,40,75,31.8193342359943,7.48331477354788,51.1410040835935,26.3079509968772,-21.8880614941148,-1.79253977914963,191,0.371859296482412,109.017623327907,1.04225352112676,16.5274971941638,144.274044789768,73.8561665220537,1.01369863013698,37.6833333333333,39,65,199,15.6457142857142,37.6833333333333,38.8850867420022,38.9306269517175,199.0,216.851351351351,126.676753984304,104.597989949748,98.8331928048466,10571,101.419919148064,34.0262083862257,59,50,2790.78824752687,4.47738693467336,5148.45476190476,54.1404761904762,359.229696629718,6861.87719298245,38,48,23,15.6457142857142,75.0,75.0,0
K. M. C. Tan,23,1090,23,47.391304347826,3.94927536231884,9,23,7,7,1060,102.0,12,17,8.90691039460075,595,17,7.04,28.3901391331567,9,10,9.66403626364801,2.64575131106459,89.8165137614678,7.43119266055045,-8.80733944954128,-1.02694898941289,9,0.391304347826087,18.5444234404536,0.391304347826087,3.83333333333333,33.0151480384383,30.3067649213834,0.333333333333333,4.75,9,23,23,3.68181818181818,4.75,8.93863854266538,8.94128440366972,23.0,117.777777777777,32.5576411921994,47.391304347826,30.2985148150862,979,14.3874945699381,5.75641934160148,21,8,50.6495146315697,2.34782608695652,462.166666666666,11.4166666666666,1674.49275362318,518.294117647058,8,7,5,3.68181818181818,10.4210526315789,2.0,0
K. M. Maniruzzaman,29,237,24,9.875,0.544827586206896,8,14,3,2,195,14.5,10,11,8.69955752685459,92,20,1.62,11.5325625946707,2,8,6.06752666556485,1.41421356237309,55.2742616033755,27.0042194092826,-51.8987341772151,-1.31645569620253,7,0.275862068965517,2.72413793103448,0.333333333333333,3.31428571428571,15.3948043183406,13.9642400437689,0.235294117647058,3.75,6,10,29,2.78260869565217,3.75,5.84567901234567,5.89451476793248,29.0,24.375,13.9642400437689,8.17241379310344,10.770329614269,131,10.5830052442583,4.7181425969567,8,5,15.6398522836659,2.41379310344827,94.5,14.75,37.9433497536945,95.2727272727272,5,3,2,2.78260869565217,9.23529411764705,2.0,0
K. Mazuruk,125,1250,41,30.4878048780487,0.158730158730158,21,33,6,5,935,30.0,27,29,19.3474508784643,483,42,6.85,25.5929677841394,1,21,11.5535637839722,4.58257569495584,39.5199999999999,35.28,-149.36,-1.76056338028169,35,0.168,5.12195121951219,0.512195121951219,6.9813829787234,35.3553390593273,22.284149822987,0.466666666666666,10.8333333333333,11,17,125,6.125,10.8333333333333,10.8473282442748,10.92,125.0,44.5238095238095,30.5777697028413,10.0,25.0998007960222,494,26.3248931621763,11.3412962222137,16,13,47.2892549956696,3.008,394.633333333333,52.3833333333333,29.6825396825396,357.724137931034,10,6,3,6.125,22.0930232558139,4.8,0
K. N. Goh,1,1,0,1.0,1.0,1,1,1,0,0,0.0,1,1,1.0,1,1,0.01,1.0,1,1,1.0,1.0,0.0,100.0,0.0,0.0,0,1.0,1.0,1.0,1.0,1.0,1.0,0.05,1.0,1,2,1,1.0,1.0,1.0,1.0,1.0,0.0,0.0,1.0,0.0,-1,1.0,1.0,1,1,0.05,1.0,1.0,1.0,1.0,-1.0,1,0,0,1.0,1.66666666666666,0.0,0
K. Okamoto,329,266378,46,5790.82608695652,4.907027724049,319,329,37,81,263551,546.0,329,329,169.665275328157,103027,329,699.25,432.308917326487,329,320,92.1163406167011,16.4012194668567,60.7369978001186,38.2017283709615,-0.136272514997484,-1.01917691721287,329,0.969604863221884,5614.81313598519,6.93478260869565,73.7533380182712,516.118203515434,154.914645999431,4.83333333333333,89.9095238095239,145,267,329,73.2093525179856,89.9095238095239,144.889736731557,144.922155733581,329.0,826.178683385579,513.372184676965,809.659574468085,417.34158671285,161790,323.961417455844,152.819447235086,259,264,10630.2805332473,4.32522796352583,74425.7738095238,89.9095238095239,75481.6379591928,156872.370820668,144,108,45,73.2093525179856,320.003129890453,107.333333333333,0
K. V. S. Hari,9,2729,25,109.16,60.6444444444444,9,9,8,8,2729,215.0,9,9,7.62093592681828,1247,9,17.49,41.8210473326529,9,9,11.9386815091513,1.0,97.031879809454,2.96812019054598,0.0,0.0,9,1.0,109.16,0.36,2.69999999999999,52.2398315464359,42.290660907581,0.257142857142857,3.06666666666666,9,10,9,2.7,3.06666666666666,9.97031879809454,9.97031879809454,9.0,303.222222222222,52.2398315464359,303.222222222222,43.9886348958455,2648,9.0,4.92950301754649,9,9,128.957324092457,3.33333333333333,1107.23333333333,3.06666666666666,0.111111111111111,2648.0,9,9,6,2.69999999999999,6.10526315789473,-1.02739726027397,0
Kai Bu,23,287,3,95.6666666666666,1.03985507246376,10,16,4,3,222,18.0,13,14,10.5876507579506,120,20,1.33,13.0,5,10,6.77685549298319,2.82842712474619,42.5087108013937,34.8432055749128,-22.2996515679442,-1.59036144578313,10,0.434782608695652,41.5942028985507,3.33333333333333,4.89361702127659,16.9410743460974,7.91622805802527,0.476190476190476,7.66666666666666,9,22,23,5.55555555555555,7.66666666666666,8.68,8.77700348432055,23.0,22.2,14.8996644257513,12.4782608695652,13.4164078649987,122,12.6491106406735,7.45355992499929,12,10,15.4129072681704,2.04347826086956,191.85,14.3666666666666,42.6180602006688,87.1428571428571,8,4,2,5.55555555555555,11.095238095238,4.0,0
Karin Gebel,829,14712,200,73.56,0.042763090964582,60,109,13,15,9891,107.0,81,89,54.2992018728864,3807,150,73.21,84.2199501305955,1,60,26.6023663293385,6.85565460040104,43.168841761827,24.4698205546492,-281.233007069059,-2.64639725505146,210,0.0723763570566948,5.32400482509047,0.3,18.1268221574344,121.29303360045,53.9330493252867,0.294117647058823,30.8833333333333,31,52,829,14.2292490118577,30.8833333333333,30.8806207719856,30.9388254486133,829.0,164.85,99.4535067255046,17.7466827503015,80.1249024960405,6291,80.8702664766229,29.2190852134604,51,51,427.011057002744,3.31001206272617,4703.26190476189,355.72857142857,37.0924679790487,4241.12359550561,30,18,7,14.2292490118577,61.0330578512396,12.2,0
Kathryn Bolster,1,4,0,4.0,4.0,1,1,1,0,4,4.0,1,1,2.0,4,1,0.04,2.0,1,1,1.41421356237309,1.0,75.0,25.0,0.0,0.0,0,1.0,4.0,1.0,1.0,2.0,2.0,0.0303030303030303,1.0,1,2,1,1.0,1.0,1.75,1.75,1.0,4.0,2.0,4.0,2.0,3,1.0,1.0,1,1,0.121212121212121,1.0,4.0,1.0,1.0,3.0,1,0,0,1.0,0.666666666666666,-1.66666666666666,0
Kazuhiro Ando,64,892,26,34.3076923076923,0.428846153846153,18,26,5,4,559,25.0,23,24,18.344540836073,390,43,3.64,20.3469899493758,1,19,9.95244343744216,5.09901951359278,28.3632286995515,36.3228699551569,-57.5112107623318,-2.95714285714285,35,0.28125,9.64903846153846,0.692307692307692,4.608,29.8663690461361,19.6256634707381,0.45,9.11666666666666,8,12,64,4.37837837837837,9.11666666666666,7.85545722713864,7.94506726457399,64.0,31.0555555555555,23.6431808350737,13.9375,21.2132034355964,235,21.6333076527839,8.87754531448929,10,7,43.576770738141,3.90625,230.883333333333,18.9333333333333,25.5299603174603,176.25,7,7,2,4.37837837837837,19.0,19.0,0
Kean Soon Tan,8,55,7,7.85714285714285,1.52777777777777,4,7,3,1,44,11.0,6,6,5.55313575313575,27,7,0.3,5.47722557505166,7,6,3.60065617333583,1.73205080756887,50.9090909090909,29.090909090909,-9.09090909090909,-1.27027027027027,2,0.5,3.92857142857142,0.571428571428571,0.969696969696969,7.41619848709566,4.69041575982343,0.16,1.59999999999999,3,3,8,0.761904761904761,1.59999999999999,2.86666666666666,2.92727272727272,8.0,11.0,6.6332495807108,6.875,6.6332495807108,28,5.29150262212918,1.74574312188793,2,2,2.86842105263157,4.125,11.3166666666666,2.59999999999999,27.5,18.6666666666666,2,2,0,0.761904761904761,5.11111111111111,3.0,0
Keji Chen,78,866,28,30.9285714285714,0.281077572216812,14,28,6,4,696,43.0,21,23,14.3946889066595,333,31,5.41,23.259406699226,2,15,9.70772354495791,3.0,57.7367205542725,22.6327944572748,-83.8337182448036,-1.45925925925925,21,0.179487179487179,5.55128205128205,0.5,4.07462686567164,29.4278779391243,20.7082914151151,0.325581395348837,7.74285714285714,9,21,78,3.76923076923076,7.74285714285714,8.88170055452865,8.92609699769053,78.0,49.7142857142857,26.3818119165458,11.1025641025641,24.5356882927705,500,19.7989898732233,7.26424330327879,16,11,43.3135841263716,3.43589743589743,321.050396825396,33.1730158730158,45.4552036199095,304.347826086956,8,8,3,3.76923076923076,15.2068965517241,3.0,0
Kevin,109,23366,86,271.697674418604,3.8975813177648,84,109,18,26,21755,212.0,109,109,54.9053427067945,10200,108,64.58,127.420563489571,109,84,35.9640081012678,7.74596669241483,63.2671402893092,30.1977231875374,-2.44800136951125,-1.14032851189016,109,0.770642201834862,209.381694047365,0.976744186046511,32.8172043010752,152.859412533216,72.23282715415,0.8,54.5333333333333,66,110,109,30.2832618025751,54.5333333333333,65.7855438810212,65.8191817170247,109.0,258.988095238095,147.495762650999,214.366972477064,133.446618540898,14699,95.6869897112454,50.4360386174044,104,84,976.107150236618,2.55963302752293,11079.4,60.3666666666666,3065.85482117001,11327.6697247706,65,37,16,30.2832618025751,85.0059171597633,42.5,0
Keyou Guo,7,34,8,4.25,1.21428571428571,4,5,2,1,24,7.0,4,5,4.96350316350316,16,7,0.2,4.47213595499958,6,4,3.20176554209214,2.0,35.2941176470588,47.0588235294117,-14.7058823529411,-1.08,1,0.571428571428571,2.42857142857142,0.5,1.16666666666666,5.8309518948453,5.29150262212918,0.181818181818181,1.78333333333333,3,3,7,1.33333333333333,1.78333333333333,2.8,2.88235294117647,7.0,6.0,4.89897948556635,4.85714285714285,5.29150262212918,8,4.47213595499958,2.3094010767585,2,2,2.01450216450216,3.42857142857142,10.8166666666666,2.11666666666666,22.6666666666666,6.4,2,1,0,1.33333333333333,5.11111111111111,2.5,0
Khairuddin Kamaludin,338,1484,126,11.7777777777777,0.0259028468694908,16,34,6,4,972,33.0,22,25,18.4963139080467,421,49,10.19,25.4950975679639,1,17,10.4373535822755,1.0,49.3261455525606,17.2506738544474,-313.746630727762,-2.25590551181102,29,0.0473372781065088,0.557527942143326,0.126984126984126,8.95364238410596,38.5227205685164,29.8328677803525,0.123076923076923,12.4666666666666,14,24,338,6.73684210526315,12.4666666666666,13.8192513368983,13.8861185983827,338.0,60.75,31.1769145362397,4.39053254437869,22.9782505861521,716,23.3238075793812,10.3821709523688,22,16,70.4755670344031,1.78698224852071,809.499999999999,262.683333333333,8.74565756823821,458.24,13,6,3,6.73684210526315,17.0,17.0,0
Ki-Seng Tan,38,289,30,9.63333333333333,0.390013495276653,11,15,4,2,180,18.0,14,14,11.8388531212584,160,25,1.29,11.9582607431013,0,11,6.73224486142704,4.0,24.2214532871972,41.8685121107266,-68.5121107266436,-2.43689320388349,16,0.289473684210526,2.78859649122807,0.366666666666666,4.86046511627906,17.0,12.7867118525444,0.323529411764705,9.16666666666666,9,12,38,5.26086956521739,9.16666666666666,8.58974358974359,8.77854671280276,38.0,16.3636363636363,13.4164078649987,7.60526315789473,14.0712472794702,59,12.8452325786651,7.60720482288937,11,8,17.6597029377892,2.26315789473684,178.333333333333,22.1666666666666,14.8225026852846,46.3571428571428,8,4,1,5.26086956521739,12.0434782608695,6.0,0
Kiki Karadimou,3,9,15,0.6,1.5,1,3,1,0,8,8.0,1,2,2.33333333333333,8,2,0.08,2.82842712474619,1,2,1.68179283050742,1.0,77.7777777777777,11.1111111111111,-11.1111111111111,0.0,0,0.333333333333333,0.2,0.0666666666666666,0.333333333333333,3.0,2.82842712474619,0.0526315789473684,0.666666666666666,2,2,3,0.333333333333333,0.666666666666666,1.875,1.88888888888888,3.0,8.0,2.82842712474619,3.0,2.82842712474619,7,1.73205080756887,0.577350269189625,1,1,0.476608187134502,3.0,3.0,1.0,24.0,3.5,1,1,0,0.333333333333333,4.33333333333333,1.125,0
King-Leung Wong,37,343,35,9.8,0.487908961593172,11,16,4,2,225,20.0,15,15,12.3343216250711,165,28,1.58,12.5698050899765,1,15,6.98541779925004,3.87298334620741,30.3206997084548,35.2769679300291,-48.9795918367346,-2.59322033898305,16,0.297297297297297,2.91351351351351,0.314285714285714,3.39166666666666,18.5202591774521,13.1339255365636,0.282051282051282,6.83333333333333,7,9,37,3.55882352941176,6.83333333333333,6.77215189873417,6.89504373177842,37.0,20.4545454545454,15.0,9.27027027027027,14.8323969741913,104,13.2664991614216,6.25676104893973,8,7,15.9828807973931,3.24324324324324,120.683333333333,13.0499999999999,17.6763628034814,76.2666666666666,6,4,1,3.55882352941176,12.0434782608695,6.5,0
Koichiro Ishihara,41,348,56,6.21428571428571,0.404181184668989,7,18,5,3,322,36.0,10,12,7.77240696439859,160,11,3.11,15.1986841535706,3,8,6.67681712454115,1.41421356237309,78.4482758620689,14.0804597701149,-60.919540229885,-1.01320132013201,7,0.170731707317073,1.06097560975609,0.125,1.96575342465753,18.6547581061776,17.9443584449263,0.116666666666666,2.5,6,11,41,1.68965517241379,2.5,5.91467576791808,5.92816091954023,41.0,46.0,17.9443584449263,8.48780487804878,15.8745078663875,273,11.2249721603218,3.43912579108362,8,5,11.2312812872282,3.56097560975609,82.2333333333333,15.1499999999999,105.118198874296,159.25,5,3,2,1.68965517241379,8.26666666666666,2.4,0
Krishna P. Gummadi,13,2809,201,13.9751243781094,30.8681318681318,6,13,5,4,2798,429.5,8,13,6.49956689337494,1836,11,24.82,49.8196748283246,6,6,10.5671619040108,1.41421356237309,98.3268066927732,1.2815948736205,-0.996796012815948,-1.0021505376344,6,0.461538461538461,6.45005740528128,0.0298507462686567,1.73333333333333,52.9999999999999,40.5010287935175,0.0273972602739726,2.28333333333333,6,14,13,1.71428571428571,2.28333333333333,5.99101042790363,5.99110003559985,13.0,466.333333333333,52.8961246217527,216.076923076923,50.7641605859882,2762,8.83176086632784,3.20713490294909,13,5,132.07118148214,3.46153846153846,812.166666666666,4.1,54962.1118881118,1274.76923076923,5,5,4,1.71428571428571,8.07692307692307,1.2,0
Kuan-Yu Su,13,63,16,3.9375,0.692307692307692,4,7,2,2,51,23.0,5,6,5.16552336552336,46,7,0.51,6.78232998312526,2,5,3.71856572136693,1.41421356237309,61.9047619047619,25.3968253968253,-44.4444444444444,-0.980392156862745,2,0.307692307692307,1.21153846153846,0.25,1.33333333333333,7.93725393319377,7.41619848709566,0.2,1.5,3,4,13,1.0,1.5,2.91304347826086,2.93650793650793,13.0,12.75,7.14142842854285,4.84615384615384,9.59166304662543,35,5.29150262212918,2.0,3,2,5.89963924963924,3.0,16.5,6.33333333333333,33.3173076923076,23.3333333333333,2,2,2,1.0,5.0,5.0,0
Kunpeng Zhang,289,5112,16,319.5,0.121990215964682,34,65,10,10,3490,67.0,48,53,33.5702892283606,1352,98,27.67,51.9615242270663,1,35,17.853794567197,3.60555127546398,46.3223787167449,22.6134585289514,-138.536776212832,-2.4482233502538,98,0.117647058823529,37.5882352941176,2.125,7.8046068308181,71.4982517268778,39.1870307196574,1.7,14.6742063492063,16,27,289,6.92215568862275,14.6742063492063,15.9140565317035,15.9559859154929,289.0,102.647058823529,59.0762219509677,17.6885813148788,47.7283982551269,2334,47.0106370941726,15.3412285496688,26,15,866.96336996337,4.35640138408304,1115.86785714285,78.5218253968254,39.2535016080813,1497.28301886792,15,28,14,6.92215568862275,35.0,35.0,0
Kwangjae Sung,10,69,29,2.37931034482758,1.25454545454545,5,8,3,1,51,11.0,7,7,6.52991714168184,40,9,0.39,6.24499799839839,8,8,3.95976083760869,2.82842712474619,37.6811594202898,36.231884057971,-10.1449275362318,-1.55263157894736,3,0.5,1.18965517241379,0.172413793103448,1.92307692307692,8.30662386291807,6.28490254498826,0.151515151515151,4.16666666666666,5,6,10,1.66666666666666,4.16666666666666,4.64444444444444,4.76811594202898,10.0,10.2,7.14142842854285,6.9,7.41619848709566,26,6.32455532033675,2.88675134594812,4,4,10.8923703536606,2.6,30.8333333333333,5.0,19.55,18.5714285714285,4,4,2,1.66666666666666,6.09090909090909,3.5,0
L R Bragg,87,419,65,6.44615384615384,0.109456635318704,11,18,5,2,269,22.0,14,16,12.3402641748014,136,30,2.58,13.8202749610852,0,11,7.30136059626807,2.82842712474619,37.9474940334128,28.8782816229116,-166.109785202863,-2.19867549668874,12,0.126436781609195,0.815030946065428,0.169230769230769,6.69230769230769,20.4694894904587,11.4192819388961,0.159420289855072,9.0,10,17,87,7.11764705882352,9.0,9.6860465116279,9.80668257756563,87.0,24.4545454545454,16.4012194668567,4.81609195402298,15.556349186104,148,14.0712472794702,8.84839633193828,14,10,9.53949583844039,1.64367816091954,307.5,68.5,9.70148019515422,101.75,9,2,1,7.11764705882353,12.0434782608695,6.0,0
L. Amiot,211,7132,224,31.8392857142857,0.318876866672628,45,84,12,14,6338,101.0,60,67,33.6154840438327,2484,76,37.52,68.7095335452075,7,45,22.4026427646737,5.19615242270663,60.4739203589456,28.3931575995513,-93.5221536735838,-1.23965609887157,74,0.213270142180094,6.79036899119837,0.200892857142857,11.6075794621026,84.4511693228697,46.2278775920619,0.18595041322314,15.8095238095238,22,39,211,9.20454545454545,15.8095238095238,21.9044006069802,21.9381660123387,211.0,140.844444444444,79.6115569499805,33.8009478672985,67.4166151627327,4313,61.4817045957575,20.352015758999,37,21,298.311776604724,3.87677725118483,1685.44047619047,75.3476190476191,269.811596452063,2896.79104477611,21,19,8,9.20454545454545,46.0989010989011,4.9,0
L. Duxbury,155,5170,73,70.8219178082191,0.427626137303556,26,71,10,10,4667,60.0,36,43,22.7975516175304,2160,50,41.45,60.3241245274226,7,26,17.0737544304857,2.23606797749979,77.6982591876208,13.0754352030947,-55.6092843326885,-1.18278301886792,43,0.16774193548387,11.8798055678303,0.356164383561643,9.52718676122931,71.9027120489902,41.7033172141817,0.257425742574257,14.45,20,50,155,9.38888888888889,14.45,19.9194915254237,19.9301740812379,155.0,179.5,68.3154448130142,33.3548387096774,39.4968353162629,3991,42.9651021178816,15.6240555270106,43,26,161.976162792592,2.72903225806451,1976.35,74.5666666666667,328.164063028335,2413.16279069767,19,10,6,9.38888888888889,27.0377358490566,9.0,0
L. F. Pau,253,1387,188,7.37765957446808,0.0431670349506706,18,33,6,4,944,35.0,23,26,18.2960962373082,377,46,9.03,25.6515106767613,1,18,10.9361890004453,3.60555127546398,45.9985580389329,23.3597692862292,-274.188896899783,-2.0506329113924,26,0.0711462450592885,0.524892776049112,0.0957446808510638,9.44813278008298,37.2424488990721,25.9923065540555,0.081081081081081,15.4166666666666,17,32,253,11.5714285714285,15.4166666666666,16.7229437229437,16.8154289834174,253.0,52.4444444444444,30.7245829914744,5.48221343873517,25.0998007960222,620,24.3721152139078,14.4321070632709,26,17,36.0821909012326,1.90513833992094,958.983333333333,174.833333333333,12.4091513601488,429.230769230769,16,4,2,11.5714285714285,19.054054054054,6.33333333333333,0
L. K. Welbourn,3,17,2,8.5,2.83333333333333,2,3,1,1,15,15.0,3,3,2.66666666666666,15,2,0.15,3.87298334620741,2,2,2.29939055155502,1.0,76.4705882352941,23.5294117647058,0.0,0.0,1,0.666666666666666,5.66666666666666,1.0,0.6,4.12310562561766,4.12310562561766,0.0555555555555555,1.0,2,3,3,1.0,1.0,1.93333333333333,1.94117647058823,3.0,7.5,3.87298334620741,5.66666666666666,5.47722557505166,11,2.44948974278317,1.41421356237309,2,1,0.49673202614379,3.33333333333333,8.5,1.16666666666666,0.333333333333333,7.33333333333333,1,1,0,1.0,3.4,1.0,0
L. L. Rauch,43,282,65,4.33846153846153,0.298097251585623,8,15,3,2,195,14.0,10,11,9.85151980565421,113,20,1.87,11.7046999107196,1,9,5.92578796472285,1.0,49.2907801418439,22.6950354609929,-71.2765957446808,-1.81060606060606,4,0.186046511627906,0.807155635062611,0.123076923076923,4.14457831325301,16.7928556237466,14.247806848775,0.0930232558139534,5.66666666666666,7,15,43,3.76470588235294,5.66666666666666,6.80748663101604,6.87234042553191,43.0,24.375,13.9642400437689,6.55813953488372,10.5830052442583,131,10.9544511501033,5.48795472456028,10,6,5.62248081690401,1.93023255813953,158.583333333333,28.6666666666666,16.8519281719163,95.2727272727272,6,2,1,3.76470588235294,9.0,9.0,0
L. Podoshin,195,3815,53,71.9811320754716,0.199633699633699,36,55,8,8,2545,64.0,48,51,33.0896741189019,1368,93,13.55,43.8406204335659,1,36,17.1879735003586,6.0,32.7391874180865,33.9711664482306,-116.697247706422,-2.76546982429335,93,0.184615384615384,13.288824383164,0.679245283018867,9.3103448275862,61.765686266729,40.238870096794,0.631578947368421,17.0333333333333,17,24,195,8.87671232876712,17.0333333333333,16.8358974358974,16.9328964613368,195.0,70.6944444444444,50.4479930225177,19.5641025641025,48.0,1249,44.4971909225739,17.8762871938111,23,15,114.090880931024,3.86666666666666,1016.31666666666,55.85,39.205229154048,881.647058823529,16,9,3,8.87671232876712,37.0547945205479,7.8,0
L. White,139,75380,70,1076.85714285714,7.74717368961973,138,139,25,44,75242,329.5,139,139,74.666269370154,26355,139,279.04,228.936672466426,139,139,53.8434565563531,10.2469507659595,74.5529318121517,25.2639957548421,0.0,0.0,139,0.992805755395683,1069.10996916752,1.97142857142857,51.426273458445,274.554184087585,138.103590099611,1.40816326530612,71.8166666666666,96,140,139,51.4702702702702,71.8166666666666,95.8637056949121,95.8802732820376,139.0,545.231884057971,274.302752446999,542.302158273381,213.239302193568,56198,138.499097469983,84.2786882746599,139,133,2028.96975531861,2.68345323741007,45561.3666666666,71.8166666666666,295680.427484099,55793.6978417266,95,45,20,51.4702702702702,139.007220216606,47.0,0
Lan Yu-Qing,1,3,0,3.0,3.0,1,1,1,0,3,3.0,1,1,2.0,3,1,0.03,1.73205080756887,1,1,1.31607401295249,1.0,66.6666666666666,33.3333333333333,0.0,0.0,0,1.0,3.0,1.0,0.25,1.73205080756887,1.73205080756887,0.0526315789473684,0.25,1,1,1,0.25,0.25,1.66666666666666,1.66666666666666,1.0,3.0,1.73205080756887,3.0,1.73205080756887,2,1.0,0.5,1,0,0.157894736842105,4.0,0.75,0.25,1.0,2.0,0,0,0,0.25,1.0,-2.0,0
Larry Hanson,65,1046,98,10.6734693877551,0.487645687645687,19,31,7,5,821,41.5,25,27,16.9864317105195,407,40,5.33,25.5538646783612,3,19,11.0540243417348,3.3166247903554,45.793499043977,34.5124282982791,-63.6711281070745,-1.50691244239631,27,0.292307692307692,3.11993720565149,0.193877551020408,8.125,32.3419232575924,23.3130864537495,0.186274509803921,10.5166666666666,13,20,65,6.68518518518518,10.5166666666666,12.7900874635568,12.8623326959847,65.0,43.2105263157894,28.6530975637888,16.0923076923076,28.0802421641979,460,24.2693221990231,11.270249266033,18,13,36.5449827588736,2.33846153846153,423.5,37.5999999999999,65.6191187453323,323.703703703703,12,6,2,6.68518518518518,20.051282051282,6.66666666666666,0
Lei Zhang,269,65882,16,4117.625,1.81418146771306,167,253,21,37,52209,244.0,219,232,121.012614101064,29464,269,123.61,194.87175269905,269,168,53.5454546507189,15.2315462117278,37.1679669712516,42.3317446343462,-5.35502868765368,-1.68079001972487,269,0.620817843866171,2556.29507434944,10.4375,36.1698872785829,256.674891643105,67.7891010392407,5.21875,67.5607142857143,73,108,269,36.8414795244385,67.5607142857143,72.840742219901,72.9213138641814,269.0,312.62874251497,228.492888291955,244.914498141263,201.861338547033,24320,205.550480417828,78.4380461292939,100,109,3556.2156150021,4.61710037174721,16707.8226190476,67.5607142857143,949.773563945419,17506.2068965517,72,59,23,36.8414795244385,168.0,168.0,0
Li Gang Zheng,13,47,29,1.62068965517241,0.516483516483516,4,6,2,1,35,8.0,6,6,5.60954600954601,24,8,0.29,4.69041575982343,1,6,3.42064209313277,2.0,40.4255319148936,34.0425531914893,-51.063829787234,-1.25925925925925,1,0.307692307692307,0.49867374005305,0.137931034482758,1.13043478260869,6.85565460040104,5.0,0.121212121212121,1.56666666666666,3,4,13,0.8,1.56666666666666,2.81818181818181,2.91489361702127,13.0,8.75,5.91607978309961,3.61538461538461,5.65685424949238,19,4.89897948556635,1.78885438199983,2,1,3.64520123839009,3.53846153846153,11.7166666666666,4.26666666666666,10.5448717948717,12.6666666666666,2,2,1,0.8,5.22222222222222,2.33333333333333,0
Lijun Qin,161,2360,30,78.6666666666666,0.180967717199601,29,46,8,7,1895,51.5,37,40,23.6083629645851,989,55,12.01,37.5233260785874,2,29,15.0611970234739,4.79583152331271,45.8898305084745,35.6355932203389,-143.516949152542,-1.45436507936507,43,0.180124223602484,14.1697722567287,0.966666666666666,6.48472222222222,48.5798312059644,26.2433665087824,0.852941176470588,8.94444444444444,11,18,161,4.75141242937853,8.94444444444444,10.9086757990867,10.957627118644,161.0,65.3448275862068,43.5315977193578,14.6583850931677,38.6458277178792,1054,36.5239647354993,11.7384394385274,16,10,216.427612952349,4.47204968944099,460.915873015873,45.2146825396826,64.6851672459969,764.15,10,17,7,4.75141242937853,30.0847457627118,5.0,0
Lillian R Brazin,13,20,34,0.588235294117647,0.219780219780219,3,3,1,0,7,3.5,3,3,4.59674759365161,12,10,0.1,2.64575131106459,0,4,2.33754178896073,2.0,5.0,45.0,-100.0,-2.33333333333333,0,0.23076923076923,0.135746606334841,0.088235294117647,2.78571428571428,4.47213595499958,3.16227766016837,0.0789473684210526,3.0,4,4,13,3.0,3.0,3.1,3.55,13.0,2.33333333333333,2.64575131106459,1.53846153846153,3.24037034920393,-2,3.0,3.0,3,3,1.21159595614984,1.07692307692307,19.0,12.5,1.53846153846153,-2.0,3,1,0,3.0,4.0,4.0,0
Linjian Mo,10,21,3,7.0,0.381818181818181,3,4,2,0,16,8.0,3,4,3.88571428571428,14,4,0.19,4.0,0,3,2.71621098566246,1.41421356237309,47.6190476190476,42.8571428571428,-85.7142857142857,0.0,0,0.3,2.1,1.0,0.612244897959183,4.58257569495584,4.35889894354067,0.157894736842105,0.85,2,2,10,0.642857142857142,0.85,1.88888888888888,1.95238095238095,10.0,5.33333333333333,4.0,2.1,4.89897948556635,7,3.46410161513775,1.38873014965882,1,1,1.18145854833161,4.9,4.35,2.06666666666666,19.95,5.25,1,1,0,0.642857142857142,4.14285714285714,2.0,0
Lisa Gottesfeld Brown,5,152,5,30.4,10.1333333333333,3,5,2,1,146,73.0,4,5,3.99682539682539,131,5,1.46,11.4455231422595,5,3,4.12923204676558,1.0,92.1052631578947,5.92105263157894,-1.31578947368421,-0.993243243243243,2,0.6,18.24,0.6,1.36363636363636,12.3288280059379,12.2065556157337,0.0833333333333333,1.33333333333333,3,6,5,1.28571428571428,1.33333333333333,2.97260273972602,2.97368421052631,5.0,48.6666666666666,12.0830459735945,30.4,14.7986485869487,137,3.87298334620741,1.96396101212393,5,2,4.51548277913315,2.2,74.3333333333333,2.66666666666666,1509.86666666666,82.1999999999999,2,1,1,1.28571428571428,4.14285714285714,2.0,0
Liu Zuyuan,23,180,24,7.5,0.652173913043478,8,12,3,2,138,15.0,10,11,8.438053738128,81,18,1.09,10.4403065089105,3,8,5.72465693505737,1.73205080756887,45.5555555555555,35.5555555555555,-46.6666666666666,-1.33050847457627,6,0.347826086956521,2.60869565217391,0.333333333333333,2.55555555555555,13.4164078649987,10.295630140987,0.205128205128205,4.35,6,8,23,2.37037037037037,4.35,5.78991596638655,5.86111111111111,23.0,17.25,11.7473401244707,7.82608695652173,10.9544511501033,74,9.79795897113271,4.35464843161453,6,8,8.27630046968282,3.13043478260869,69.7285714285714,9.24285714285714,33.6061381074168,53.8181818181818,5,3,1,2.37037037037037,9.11764705882352,3.0,0
LluAÃŒÂƒÃ‚Â­s A. Belanche MuAÃŒÂƒÃ‚Â±oz,17,128,9,14.2222222222222,0.836601307189542,6,11,3,1,122,15.0,17,7,5.72640692640692,72,6,1.15,9.4339811320566,3,6,4.98931219611148,1.0,71.875,28.125,-46.875,0.0,4,0.352941176470588,5.01960784313725,0.666666666666666,3.1875,11.3137084989847,8.94427190999916,0.181818181818181,3.58333333333333,5,8,17,2.76923076923076,3.58333333333333,4.86086956521739,4.875,17.0,20.3333333333333,11.0453610171872,7.52941176470588,9.48683298050513,86,8.12403840463596,4.07619732292054,7,6,5.12384615384615,1.88235294117647,56.75,12.0,0.0588235294117647,73.7142857142857,4,2,1,2.76923076923076,7.46153846153846,1.0,0
Lluis Capdevila,149,2424,102,23.7647058823529,0.216912751677852,24,48,9,9,2123,63.5,33,38,20.3519031859088,884,46,15.91,39.0768473651598,5,24,14.6379871813214,4.12310562561766,63.8201320132013,23.7623762376237,-111.303630363036,-1.2330623306233,37,0.161073825503355,3.82787208843268,0.235294117647058,10.3953488372093,49.2341345003646,35.2089003899108,0.226415094339622,9.93333333333333,16,28,149,6.06315789473684,9.93333333333333,15.8730964467005,15.9071782178217,149.0,88.4583333333333,46.076024134033,16.2684563758389,39.0384425918862,1547,33.9411254969542,12.0629925588008,23,16,129.527614649322,2.30872483221476,682.983333333333,96.9666666666666,114.743963076099,977.052631578947,15,13,6,6.06315789473684,25.0612244897959,6.75,0
Long Chi,42,889,80,11.1125,0.984496124031007,16,29,7,6,775,48.0,21,24,13.9057241398752,403,28,4.52,24.3515913237718,13,16,10.4596780122547,3.60555127546398,60.1799775028121,28.7964004499437,-35.5455568053993,-1.19801980198019,19,0.38095238095238,4.23333333333333,0.2,4.02395209580838,29.8161030317511,17.0091012052231,0.163265306122448,5.75238095238095,10,16,42,3.50684931506849,5.75238095238095,9.86340640809443,9.90888638920135,42.0,48.4375,27.8388218141501,21.1666666666666,27.712812921102,519,21.540659228538,7.49063342055235,14,8,45.5076392383064,3.97619047619047,242.609523809523,14.6690476190476,170.845238095238,346.0,9,8,3,3.50684931506849,17.060606060606,5.66666666666666,0
Lunming Qin,18,713,14,50.9285714285714,4.16959064327485,8,18,4,4,699,74.0,10,13,7.72035788324387,520,13,6.41,25.3179778023443,7,8,8.10326698930744,2.0,89.0603085553997,8.97615708274894,-8.55539971949509,-1.01017441860465,8,0.444444444444444,22.6349206349206,0.571428571428571,2.36065573770491,26.7020598456373,19.2613602842582,0.25,2.25,5,13,18,2.0,2.25,4.97503900156006,4.97755960729312,18.0,87.375,26.4386081328045,39.6111111111111,24.3310501211928,635,12.0,4.0,13,4,28.178466806491,3.38888888888888,181.5,6.16666666666666,1977.72619047619,390.76923076923,4,4,4,2.0,9.41176470588235,1.375,0
Lute Kamstra,9,48,4,12.0,1.06666666666666,4,6,3,1,38,10.0,5,6,5.45197025197025,30,8,0.32,5.65685424949238,4,5,3.49830625849963,1.73205080756887,45.8333333333333,33.3333333333333,-20.8333333333333,-1.21875,3,0.444444444444444,5.33333333333333,1.0,3.0,6.9282032302755,5.19615242270663,0.17391304347826,3.5,5,10,9,3.2,3.5,4.57894736842105,4.66666666666666,9.0,9.5,6.16441400296897,5.33333333333333,6.32455532033675,22,4.89897948556635,3.57770876399966,6,4,2.24095168751919,1.33333333333333,42.5,7.5,20.2666666666666,14.6666666666666,4,1,0,3.2,5.22222222222222,2.33333333333333,0
Lyle Harold Ramshaw,1,0,0,0.0,0.0,0,0,0,0,0,0.0,1,1,0.0,0,0,0.0,0.0,0,1,0.0,1.0,0.0,0.0,0.0,0.0,0,0.0,0.0,0.0,0.0,0.0,0.0,0.0,0.0,1,2,1,0.0,1.0,0.0,0.0,1.0,0.0,0.0,0.0,0.0,0,0.0,0.0,0,0,0.0,1.0,0.0,1.0,0.0,0.0,0,0,0,0.0,1.0,1.0,0
Lyn Hay,68,682,28,24.3571428571428,0.290707587382779,17,24,5,4,517,27.0,21,23,15.6109748203077,323,32,3.18,19.8997487421324,0,18,9.61238078266747,4.12310562561766,33.4310850439882,42.3753665689149,-102.932551319648,-1.66395663956639,22,0.25,6.08928571428571,0.607142857142857,7.0060606060606,26.1151297144011,17.0928835094218,0.566666666666666,10.8166666666666,11,17,68,6.56818181818181,10.8166666666666,10.7304582210242,10.8533724340175,68.0,30.4117647058823,22.7376340018041,10.0294117647058,21.4242852856285,228,20.1990098767241,10.566886528637,14,16,46.4228154366619,2.42647058823529,340.683333333333,37.05,31.4254901960784,168.521739130434,10,8,3,6.56818181818181,18.0571428571428,6.66666666666666,0
Lynn Wu,23,1501,19,79.0,5.43840579710144,9,23,6,5,1461,61.0,12,16,9.22424718843638,972,19,13.11,31.1769145362397,6,9,9.39945756467775,1.0,91.9387075283144,5.39640239840106,-5.5962691538974,-1.03501400560224,9,0.391304347826087,30.9130434782608,0.473684210526315,3.0,38.742741255621,24.0728062344214,0.264705882352941,4.15,7,20,23,2.25,4.15,6.97477224947442,6.97601598934044,23.0,162.333333333333,38.2230297072327,65.2608695652173,23.4307490277199,1380,14.3874945699381,4.5,23,6,91.22364241151,3.0,628.8,10.15,2383.65326086956,776.25,6,6,3,2.25,10.1578947368421,2.75,0
M Weck,399,26969,50,539.38,0.337957393483709,95,150,16,23,18613,148.0,126,134,79.9828845975257,9315,233,76.91,116.086174887451,5,96,35.7674279613957,10.7238052947636,35.9041862879602,33.4643479550595,-76.4544476992102,-2.52039461202807,277,0.238095238095238,128.423809523809,1.9,27.7489019033674,164.222410163777,64.4958694159337,1.75925925925925,49.9511904761905,48,82,399,23.8126649076517,49.9511904761905,47.8306241374022,47.9180911416811,399.0,195.926315789473,136.429468957406,67.5914786967418,118.574870862253,9588,119.373363863133,47.5626236264034,68,90,1507.03495381447,3.4235588972431,8642.24166666666,149.729761904761,153.068803227048,6797.46268656716,47,39,14,23.8126649076517,96.0,96.0,0
M. Bennett,559,173451,58,2990.53448275862,1.1081714796831,206,403,29,54,134430,351.0,280,310,169.719246013864,43665,540,643.7,307.823001089912,130,209,67.9398038661052,14.5945195193264,53.1562227949103,24.465699246473,-19.5461542452911,-1.80045195622064,559,0.368515205724508,1102.05743014002,3.55172413793103,63.4107929515418,416.474489014633,143.666577815042,2.36781609195402,126.233333333333,119,222,559,64.4924012158054,126.233333333333,118.876161761697,118.919723726009,559.0,652.57281553398,366.64696916789,310.28801431127,268.897750083558,91994,288.128443580289,115.262459849058,246,190,4826.71700873352,3.24865831842576,72821.5833333334,215.416666666666,1076.28332074744,61131.4967741935,118,56,24,64.4924012158054,207.0,207.0,0
M. Cope,269,39920,153,260.915032679738,1.09927027399146,87,197,20,30,34202,216.5,121,140,69.7699343494554,10257,192,195.27,160.380796855483,48,88,38.7816863561112,6.24499799839839,66.9338677354709,18.9604208416833,-25.5586172344689,-1.37940511393285,247,0.323420074349442,84.3851592681682,0.568627450980392,24.2769709543568,199.799899899874,89.71787792323,0.514792899408284,44.6261904761904,53,101,269,20.8512396694214,44.6261904761904,52.9105228325612,52.9322645290581,269.0,393.126436781609,184.93782739072,148.401486988847,137.242486133121,26633,130.916003605365,42.5917580200638,100,77,1443.41038957624,3.58364312267658,12089.7642857142,103.635714285714,903.665172679913,16550.5071428571,52,36,16,20.8512396694214,88.0,88.0,0
M. Fujii,169,23724,37,641.189189189189,1.65151409676296,86,151,17,24,18662,146.0,118,130,69.2959043567874,8004,169,70.05,116.550418274667,169,87,34.6671317318836,11.7473401244707,47.4877760917214,31.1751812510537,-8.75063227111785,-1.72110185591115,169,0.50887573964497,326.285622901007,2.32432432432432,20.3557422969187,154.025971835921,76.5166441069969,1.34375,45.2452380952381,44,70,169,19.4631578947368,45.2452380952381,43.8667771453274,43.9220620468723,169.0,217.0,136.608930893993,140.378698224852,112.053558622651,11266,113.956131910485,40.9124868340628,65,66,693.765727736933,4.22485207100591,6376.82857142856,48.4452380952381,517.532055762976,7452.8923076923,43,25,10,19.4631578947368,87.0115606936416,29.6666666666666,0
M. Gromova,139,751,63,11.9206349206349,0.0771839671120246,15,24,5,4,460,29.5,20,21,15.9635930785277,260,40,4.03,18.8944436276911,0,17,9.08255628010522,3.60555127546398,33.288948069241,29.9600532623169,-210.918774966711,-2.85981308411214,21,0.107913669064748,1.28639945186707,0.238095238095238,4.79310344827586,27.4043792120894,18.4526420872459,0.223880597014925,6.66666666666666,8,10,139,3.4090909090909,6.66666666666666,7.83881578947368,7.93475366178428,139.0,30.6666666666666,21.4476105895272,5.40287769784172,21.0356839679626,235,18.9736659610102,7.15096941934194,9,6,37.3930851843439,3.12949640287769,215.15,53.7166666666667,9.29843082056094,167.857142857142,7,6,3,3.4090909090909,16.0,16.0,0
M. J. Gutnick,159,7674,52,147.576923076923,0.603301886792452,42,87,12,13,6645,90.0,60,67,34.1141619971231,2112,76,43.08,70.4982269280582,13,43,21.8860180331771,3.46410161513775,64.1516810007818,22.9867083659108,-51.1727912431587,-1.30877742946708,72,0.264150943396226,38.9825834542815,0.807692307692307,14.1183932346723,87.601369852303,60.8324200844692,0.777777777777777,21.6166666666666,25,57,159,12.5106382978723,21.6166666666666,24.8976182012086,24.9249413604378,159.0,158.214285714285,81.516869419771,48.2641509433962,61.4817045957575,4881,60.4483250388296,22.9226265622122,47,30,329.709224284805,2.97484276729559,2525.53333333333,62.5666666666667,326.993290130182,3059.73134328358,24,19,10,12.5106382978723,43.0,43.0,0
M. Mahmud,99,2048,41,49.9512195121951,0.413737373737373,24,41,7,6,1354,54.0,33,36,24.0525713222247,672,65,7.94,32.5576411921994,2,24,13.1770608001798,3.74165738677394,39.16015625,28.125,-55.126953125,-2.66621067031463,52,0.242424242424242,12.1093865484109,0.585365853658536,8.76752767527675,45.254833995939,30.65398288423,0.363636363636363,16.4333333333333,17,25,99,8.0,16.4333333333333,16.7756354075372,16.875,99.0,56.4166666666666,36.7967389859481,20.6868686868686,36.0,778,31.3687742827162,13.856406460551,21,24,59.0762587363304,2.73737373737373,800.2,47.4666666666666,42.5470224634403,518.666666666666,16,6,2,8.0,25.0204081632653,12.5,0
M. Matsumoto,219,266791,56,4764.125,11.0747613117476,217,219,40,97,266609,924.0,219,219,114.425189486924,140844,219,511.06,437.711091931653,219,217,85.5486959048336,13.9283882771841,82.2816361871277,17.6501456196048,-0.0543496594712715,-1.00013131385136,219,0.990867579908675,4720.61700913242,3.875,47.5705705705705,516.518150697533,223.960041918224,3.61666666666666,57.4595238095238,159,220,219,47.6127401415571,57.4595238095238,158.889268383559,158.906428627652,219.0,1228.6129032258,516.34194096548,1218.22374429223,447.781196568145,219520,217.997706409952,101.646271996162,219,214,15575.031389964,4.56164383561643,68590.6880952381,57.4595238095238,1784557.22110994,217515.251141552,158,149,66,47.6127401415571,218.427586206896,1.58823529411764,0
M. Nicole Lemaster,2,57,1,57.0,19.0,1,2,1,1,57,57.0,2,2,2.0,57,1,0.57,7.54983443527075,1,1,2.74769620505447,1.0,98.2456140350877,1.75438596491228,0.0,0.0,1,0.5,28.5,1.0,0.4,7.54983443527075,7.54983443527075,0.0555555555555555,0.333333333333333,2,3,2,0.333333333333333,0.333333333333333,1.98245614035087,1.98245614035087,2.0,57.0,7.54983443527075,28.5,7.54983443527075,56,1.41421356237309,0.577350269189625,2,1,3.35294117647058,2.5,19.0,0.833333333333333,0.5,28.0,1,1,1,0.333333333333333,21.0,1.0,0
M. Pegman,22,177,31,5.70967741935483,0.699604743083003,4,13,3,2,146,46.0,6,8,6.17185471517154,92,14,1.5,11.4017542509913,2,5,4.68481391018223,1.41421356237309,75.7062146892655,9.03954802259887,-25.4237288135593,-1.22047244094488,3,0.181818181818181,1.03812316715542,0.129032258064516,1.41935483870967,13.30413469565,11.8321595661992,0.114285714285714,2.91666666666666,4,8,22,1.14285714285714,2.91666666666666,3.93835616438356,3.94915254237288,22.0,36.5,12.0830459735945,8.04545454545454,13.5646599662505,130,7.21110255092797,2.13808993529939,6,3,9.96589826295708,2.81818181818181,53.0,10.3333333333333,44.6969696969696,65.0,3,3,2,1.14285714285714,5.0,5.0,0
M. Pessa,199,9155,41,223.292682926829,0.460050251256281,51,81,11,13,5386,81.0,68,73,50.0527705618367,3072,164,26.25,62.1369455316239,18,52,22.5083433382738,11.3137084989847,30.4205352266521,28.410704533042,-41.2779901693063,-5.36930455635491,198,0.256281407035175,57.2257629611472,1.24390243902439,11.5988571428571,95.6817641977822,52.5268185469733,0.944444444444444,26.2642857142856,23,39,199,11.6116071428571,26.2642857142856,22.8594249201277,22.9471327143637,199.0,105.607843137254,73.389372527635,46.0050251256281,64.2728558568856,2785,64.2728558568856,24.3349946432234,34,31,392.63788573172,4.39698492462311,2362.26428571428,49.1,65.742389314575,1945.68493150684,22,17,7,11.6116071428571,52.009708737864,26.5,0
M. Teramoto,299,13821,49,282.061224489795,0.308160535117056,67,97,12,14,7813,97.0,86,90,62.5185308990379,4687,192,33.1,76.7267880208731,10,68,26.5660764915649,10.4403065089105,24.0503581506403,32.4795600897185,-68.996454670429,-7.22329059829059,277,0.224080267558528,63.2043546515596,1.36734693877551,17.5420315236427,117.562749202287,56.5954945203237,1.19642857142857,34.9523809523809,30,42,299,16.4432234432234,34.9523809523809,29.81910088191,29.9391505679762,299.0,116.611940298507,88.3911760301898,46.2240802675585,80.6163755077093,3324,80.6163755077093,33.1918057763655,35,62,860.806518462162,3.81939799331103,3839.84999999999,92.4714285714285,60.1113081109245,2474.53333333333,29,25,10,16.4432234432234,68.0074074074074,34.5,0
M. Wasserblat,2,0,0,0.0,0.0,0,0,0,0,0,0.0,2,1,0.0,0,0,0.0,0.0,0,2,0.0,1.0,0.0,0.0,0.0,0.0,0,0.0,0.0,0.0,0.0,0.0,0.0,0.0,0.0,1,1,2,0.0,0.5,0.0,0.0,0.5,0.0,0.0,0.0,0.0,0,0.0,0.0,0,0,0.0,4.0,0.0,0.5,0.0,0.0,0,0,0,0.0,1.0,1.0,0
MAÃŒÂƒÃ‚Â©lanie Jacquel,93,1336,171,7.81286549707602,0.305650880805307,17,36,8,8,1261,55.0,21,25,13.8505422870693,672,24,10.39,31.3687742827162,7,17,11.6823839849,2.82842712474619,72.754491017964,21.6317365269461,-90.7934131736527,-1.03669724770642,20,0.182795698924731,1.42815820914292,0.0994152046783625,6.5875,36.5513337649941,22.8783012189862,0.0971428571428571,8.89999999999999,13,20,93,4.18840579710144,8.89999999999999,12.8753246753246,12.8922155688622,93.0,74.1764705882352,35.5105618091294,14.3655913978494,30.5777697028413,972,24.7386337537059,8.43818099774617,17,14,66.5598527856562,2.58064516129032,346.566666666666,55.2333333333333,241.533476702508,660.96,12,9,5,4.18840579710144,18.1428571428571,3.16666666666666,0
Makoto Akimoto,6,88,13,6.76923076923076,4.19047619047619,3,6,2,2,79,39.5,4,5,4.28975468975468,56,6,0.79,7.48331477354788,4,3,3.7431533637335,1.0,82.9545454545454,10.2272727272727,-2.27272727272727,-1.05128205128205,2,0.5,3.38461538461538,0.23076923076923,0.75,9.38083151964686,9.05538513813741,0.073170731707317,1.1,3,7,6,0.6,1.1,2.94936708860759,2.95454545454545,6.0,26.3333333333333,8.88819441731558,14.6666666666666,10.8857705285386,70,4.24264068711928,1.34164078649987,4,2,2.78325119536556,4.0,19.4,2.1,200.444444444444,42.0,2,2,1,0.6,4.14285714285714,2.0,0
Manabu Takabe,999,36390,68,535.147058823529,0.0728528528528528,91,158,16,23,20074,154.0,124,134,91.5816375207196,10076,300,123.0,119.716331383817,2,92,35.5649626118494,15.1327459504215,32.4072547403132,22.7562517175048,-182.225886232481,-9.19485580670303,541,0.091091091091091,48.7471294824235,1.33823529411764,21.9269175108538,190.761631362284,72.8870367752052,1.26388888888888,48.8309523809524,41,68,999,20.0508474576271,48.8309523809524,40.8845015520103,40.9560318768892,999.0,220.593406593406,141.682744185733,36.4264264264264,118.380741677014,11793,119.908298294988,42.7156542574741,63,55,1528.10470744237,4.15015015015015,9170.0761904762,285.766666666665,44.8163817163572,8008.67910447761,40,32,13,20.0508474576271,92.0054644808743,46.5,0
Manuel Blum,87,14453,70,206.471428571428,3.77560083594566,36,87,15,17,13981,173.0,49,62,26.9357035925234,5950,60,97.66,107.042047812997,26,36,24.5550543297757,2.64575131106459,88.0163287898706,8.96699647132083,-9.67965128347056,-1.05508225616921,56,0.413793103448275,85.4364532019704,0.514285714285714,15.9795918367346,120.220630509076,86.5669297903843,0.363636363636363,22.85,29,87,87,15.6144578313253,22.85,28.9425683100139,28.9457552065315,87.0,388.361111111111,118.241278748159,166.126436781609,78.9176786277954,12685,55.9642743185328,23.7090801577731,87,35,350.451685021491,2.25287356321839,8219.9,53.9833333333333,5340.8125329537,7365.48387096774,28,18,11,15.6144578313253,37.0136986301369,18.5,0
Manuel Sequeira,128,1375,116,11.853448275862,0.166545542635658,18,35,7,6,1044,40.0,25,28,18.1288330771044,427,41,8.71,27.5136329843952,1,19,11.3612309156253,2.64575131106459,52.3636363636363,23.5636363636363,-119.927272727272,-1.70588235294117,30,0.140625,1.6668911637931,0.155172413793103,7.11111111111111,37.0809924354783,25.6969518296107,0.15,10.9,14,23,128,5.4,10.9,13.8184747583243,13.8770909090909,128.0,58.0,32.310988842807,10.7421875,26.8328157299974,720,25.0998007960222,9.85900603509298,19,16,75.9818136220303,2.53125,529.8,73.7833333333333,33.8817031722054,462.857142857142,13,8,5,5.39999999999999,19.081081081081,5.5,0
Maodi Hu,5,13,33,0.393939393939393,0.866666666666666,1,3,1,1,12,12.0,1,2,2.33333333333333,12,2,0.13,3.46410161513775,1,2,1.86120971820419,1.0,84.6153846153846,7.69230769230769,-23.076923076923,0.0,1,0.2,0.0787878787878788,0.0303030303030303,0.384615384615384,3.60555127546398,3.46410161513775,0.027027027027027,0.666666666666666,2,2,5,0.333333333333333,0.666666666666666,1.91666666666666,1.92307692307692,5.0,12.0,3.46410161513775,2.6,3.46410161513775,11,1.73205080756887,0.577350269189625,2,1,0.663793103448275,2.6,4.33333333333333,2.41666666666666,31.2,5.5,1,1,0,0.333333333333333,5.66666666666666,1.08333333333333,0
Marc Krellenstein,7,33,16,2.0625,1.17857142857142,3,5,2,1,33,11.0,7,4,3.8,22,3,0.27,5.19615242270663,3,3,3.12507832432062,1.41421356237309,72.7272727272727,27.2727272727272,-27.2727272727272,0.0,2,0.428571428571428,0.883928571428571,0.1875,1.9090909090909,5.74456264653802,5.74456264653802,0.081081081081081,2.2,3,8,7,1.28571428571428,2.2,2.85185185185185,2.87878787878787,7.0,11.0,5.74456264653802,4.71428571428571,5.74456264653802,24,3.87298334620741,1.96396101212393,4,3,1.23769582390272,1.57142857142857,24.2,6.2,0.142857142857142,18.0,2,2,0,1.28571428571428,4.85714285714285,1.0,0
Marcelo Saval-Calvo,539,311403,34,9158.91176470588,2.13978561121418,281,539,41,97,297061,848.0,347,406,167.2586319134,119568,405,780.53,476.965407550694,284,281,92.6405035261171,11.8743420870379,70.0378609069276,25.3565315684177,-18.6716248719504,-1.09850594371492,513,0.521335807050092,4774.86865655353,8.26470588235294,76.6105209914011,558.034945142326,181.720918318348,5.73469387755102,123.735714285714,197,303,539,84.0905218317358,123.735714285714,196.853325340857,196.876635742109,539.0,1057.15658362989,545.033026522246,577.742115027829,488.147518686718,218100,389.177337469693,153.718693185694,332,272,15082.9775642613,3.66790352504638,112320.752380952,189.578571428571,11966.5772160285,150950.985221674,196,131,63,84.0905218317359,282.023090586145,20.2142857142857,0
Margarete Buch,3,0,1,0.0,0.0,0,0,0,0,0,0.0,3,1,0.0,0,0,0.0,0.0,0,3,0.0,1.0,0.0,0.0,0.0,0.0,0,0.0,0.0,0.0,0.0,0.0,0.0,0.0,0.0,1,0,3,0.0,3.0,0.0,0.0,3.0,0.0,0.0,0.0,0.0,0,0.0,0.0,0,0,0.0,1.0,0.0,3.0,0.0,0.0,0,0,0,0.0,1.0,1.0,0
Mariana Stoeva,16,35,20,1.75,0.25735294117647,3,5,2,0,21,7.0,4,4,5.14235753926156,16,10,0.24,4.0,0,5,2.80745779818047,2.82842712474619,34.2857142857142,25.7142857142857,-71.4285714285714,-1.9,0,0.1875,0.328125,0.15,1.11627906976744,5.91607978309961,3.60555127546398,0.125,1.83333333333333,3,3,16,0.818181818181818,1.83333333333333,2.75,2.88571428571428,16.0,7.0,4.58257569495584,2.1875,4.58257569495584,12,3.87298334620741,1.56669890360128,2,2,2.77598039215686,2.6875,12.3333333333333,6.61666666666666,3.28125,9.0,2,2,0,0.818181818181818,4.28571428571428,2.0,0
Marius Marcu,19,68,21,3.23809523809523,0.357894736842105,5,7,3,1,49,10.0,6,6,6.36955371814437,40,13,0.43,6.557438524302,0,5,3.94395378631812,2.0,35.2941176470588,36.7647058823529,-72.0588235294117,-1.48484848484848,4,0.263157894736842,0.852130325814536,0.238095238095238,2.11111111111111,8.24621125123532,5.4313902456001,0.2,2.91666666666666,4,3,19,1.47058823529411,2.91666666666666,3.72727272727272,3.86764705882352,19.0,9.8,7.0,3.57894736842105,7.07106781186547,24,5.91607978309961,2.7116307227332,2,2,3.96289891395154,2.36842105263157,26.4166666666666,10.2499999999999,9.22991689750692,20.0,3,2,0,1.47058823529411,6.27272727272727,1.75,0
Mark D. Scott,91,4723,32,147.59375,1.12828475871954,41,68,11,12,4132,79.0,54,58,30.5302396975306,1860,68,17.53,54.7174560812178,24,42,19.9047850132415,5.56776436283002,51.8949820029642,35.5917848824899,-30.8913825958077,-1.2931323283082,61,0.45054945054945,66.4982829670329,1.28125,13.0,68.7240860252066,49.9249436654664,1.13888888888888,17.6166666666666,23,35,91,11.3581081081081,17.6166666666666,22.8421910661884,22.897522760957,91.0,100.780487804878,64.2806347199527,51.9010989010989,56.9122131005287,2451,52.8015151297763,21.5796763745991,35,33,246.986240725627,3.15384615384615,1561.5,36.7666666666666,362.868596716312,1732.60344827586,22,18,7,11.3581081081081,42.012048192771,21.5,0
Mark Miesch,112,5754,26,221.307692307692,0.90929203539823,38,75,12,13,5288,85.0,50,57,27.842008297311,1976,59,30.04,62.1449917531573,18,38,20.4946702672443,3.60555127546398,67.4661105318039,25.0955856795272,-41.4146680570038,-1.14326241134751,56,0.339285714285714,75.0865384615384,1.46153846153846,12.858006042296,75.8551250740515,54.2586398650021,1.26666666666666,18.9833333333333,26,49,112,12.3418803418803,18.9833333333333,25.8650399481753,25.891379909628,112.0,139.157894736842,72.7186358507913,51.375,56.8330889535312,3844,53.3853912601565,21.6562104947161,48,37,410.739050995809,2.95535714285714,2414.48333333333,47.6166666666667,639.306658878504,2562.66666666666,25,24,12,12.3418803418803,39.012987012987,19.5,0
Marouene Kefi,2,0,10,0.0,0.0,0,0,0,0,0,0.0,2,1,0.0,0,0,0.0,0.0,0,2,0.0,1.0,0.0,0.0,0.0,0.0,0,0.0,0.0,0.0,0.0,0.0,0.0,0.0,0.0,1,1,2,0.0,0.666666666666666,0.0,0.0,0.666666666666666,0.0,0.0,0.0,0.0,0,0.0,0.0,0,0,0.0,3.0,0.0,0.666666666666666,0.0,0.0,0,0,0,0.0,1.0,1.0,0
Martina E. Bachlechner,53,531,32,16.59375,0.371069182389937,12,23,5,4,455,27.0,16,18,11.394411270217,215,20,3.96,18.6279360101971,3,12,8.33814968769083,2.23606797749979,60.8286252354049,27.1186440677966,-80.4143126177024,-1.15458937198067,14,0.226415094339622,3.75707547169811,0.375,3.63428571428571,23.0434372436058,17.7482393492988,0.333333333333333,4.71666666666666,7,12,53,2.76923076923076,4.71666666666666,6.90374331550802,6.9322033898305,53.0,37.9166666666666,21.3307290077015,10.0188679245283,18.0,311,16.6132477258361,5.76461353698313,10,6,25.09952556101,3.30188679245283,128.583333333333,18.7833333333333,73.1064268867924,207.333333333333,6,5,2,2.76923076923076,13.04,6.5,0
Masahiko Fuji,239,63006,70,900.085714285714,2.19686192468619,59,239,26,40,61342,666.5,86,112,44.0509531737961,23072,99,404.03,218.407875315886,43,59,40.5774025621995,4.0,91.927752912421,5.52487064723994,-14.3033996762213,-1.04870346855577,99,0.246861924686192,222.196891811117,0.842857142857142,15.9333333333333,251.009959961751,185.795138077758,0.797297297297297,31.4523809523809,49,114,239,16.4198113207547,31.4523809523809,48.9619582266985,48.96343205409,239.0,1039.69491525423,247.673171740501,263.623430962343,198.301538067661,57861,118.747631555328,31.1250520951295,152,58,2285.70680516446,3.70292887029288,23197.819047619,93.5190476190478,10085.1976850584,30480.3482142857,48,42,24,16.4198113207547,60.0252100840336,15.0,0
Masoud Shafiee,57,605,33,18.3333333333333,0.366001209921355,13,23,5,4,468,30.0,17,20,13.2193706362368,260,30,3.35,19.0525588832576,2,14,8.70959632418314,3.16227766016837,49.4214876033057,27.9338842975206,-71.900826446281,-1.59302325581395,15,0.228070175438596,4.1812865497076,0.393939393939393,4.90728476821192,24.5967477524976,19.2483765549201,0.351351351351351,6.7,10,13,57,3.84090909090909,6.7,9.79230769230769,9.86611570247934,57.0,36.0,21.6333076527839,10.6140350877192,19.7484176581314,299,17.2916164657905,7.06624498455991,11,9,36.4053204253281,2.64912280701754,204.216666666666,26.5999999999999,36.2581636573184,194.35,9,6,3,3.84090909090909,14.037037037037,7.5,0
Masoud Shafiee (1),57,605,33,18.3333333333333,0.366001209921355,13,23,5,4,468,30.0,17,20,13.2193706362368,260,30,3.35,19.0525588832576,2,14,8.70959632418314,3.16227766016837,49.4214876033057,27.9338842975206,-71.900826446281,-1.59302325581395,15,0.228070175438596,4.1812865497076,0.393939393939393,4.90728476821192,24.5967477524976,19.2483765549201,0.351351351351351,6.7,10,13,57,3.84090909090909,6.7,9.79230769230769,9.86611570247934,57.0,36.0,21.6333076527839,10.6140350877192,19.7484176581314,299,17.2916164657905,7.06624498455991,11,9,36.4053204253281,2.64912280701754,204.216666666666,26.5999999999999,36.2581636573184,194.35,9,6,3,3.84090909090909,14.037037037037,7.5,0
Matt Visich,949,70257,83,846.469879518072,0.1558582441351,132,216,20,33,38239,216.5,177,191,126.776852296216,18630,416,173.25,166.907159822459,11,132,46.4168530109276,16.4316767251549,29.6269410877207,24.8003757632691,-107.92234225771,-10.9146456692913,919,0.139093782929399,117.738697677961,1.59036144578313,35.2470455824423,265.060370481896,88.8502038836081,1.32,75.952380952381,69,107,949,33.8988326848249,75.952380952381,68.832742530565,68.9341844940717,949.0,289.689393939393,195.54794808435,74.0326659641728,169.050288375974,20815,168.854967353643,66.8927941888876,99,84,2953.86253640585,3.7449947312961,22136.588095238,332.811904761903,88.4169877507653,14385.2356020942,68,44,19,33.8988326848249,133.015094339622,26.8,0
Matt Visich (1),949,70257,83,846.469879518072,0.1558582441351,132,216,20,33,38239,216.5,177,191,126.776852296216,18630,416,173.25,166.907159822459,11,132,46.4168530109276,16.4316767251549,29.6269410877207,24.8003757632691,-107.92234225771,-10.9146456692913,919,0.139093782929399,117.738697677961,1.59036144578313,35.2470455824423,265.060370481896,88.8502038836081,1.32,75.952380952381,69,107,949,33.8988326848249,75.952380952381,68.832742530565,68.9341844940717,949.0,289.689393939393,195.54794808435,74.0326659641728,169.050288375974,20815,168.854967353643,66.8927941888876,99,84,2953.86253640585,3.7449947312961,22136.588095238,332.811904761903,88.4169877507653,14385.2356020942,68,44,19,33.8988326848249,133.015094339622,26.8,0
Mehrdad Manaffar,479,48448,50,968.96,0.4214335421016,118,203,20,33,33351,220.5,164,178,103.310874489918,15345,310,127.88,156.460857724863,15,119,43.5959699473416,12.8452325786651,40.0986624834874,28.7400924702774,-56.7639531043593,-2.61098410624863,400,0.24634655532359,238.699958246346,2.36,43.378357636224,220.109063875161,81.8847428469498,2.18518518518518,90.0333333333333,82,126,479,48.0137931034482,90.0333333333333,81.7671339840283,81.8645764531043,479.0,282.635593220339,182.622561585363,101.144050104384,161.30406070524,19427,154.770798279261,75.270363266075,149,105,1634.74823354064,2.72025052192066,27821.5833333333,245.0,223.438776911394,12878.5730337078,81,37,15,48.0137931034482,119.004219409282,60.0,0
Mei Han,579,15765,55,286.636363636363,0.0938895837055565,69,106,14,16,9319,111.0,91,97,63.9770574401596,4905,200,51.1,84.0476055578027,0,69,27.9891726465078,10.4403065089105,29.3498255629559,30.1998097050428,-182.752933713923,-4.93372319688109,260,0.119170984455958,34.1587376354215,1.25454545454545,16.5703027789299,125.558751188437,40.2303486485135,1.16949152542372,33.6075396825396,32,43,579,15.4577922077922,33.6075396825396,31.8390554346005,31.9390421820488,579.0,135.057971014492,96.5349677578026,27.2279792746114,87.5157128748889,4558,85.5219270129012,32.6586537128777,41,37,885.853901545808,4.16407599309153,3946.38333333333,166.476587301587,40.0840943123807,3242.28865979381,31,26,11,15.4577922077922,70.0143884892086,23.3333333333333,0
Meifeng Gao,6,10,6,1.66666666666666,0.476190476190476,2,3,1,0,5,5.0,2,2,3.2095238095238,6,4,0.07,2.23606797749979,0,3,1.91057099838579,1.73205080756887,30.0,40.0,-50.0,-0.666666666666666,0,0.333333333333333,0.555555555555555,0.333333333333333,1.0,3.16227766016837,2.64575131106459,0.0952380952380952,1.83333333333333,2,2,6,1.0,1.83333333333333,1.8,1.9,6.0,2.5,2.23606797749979,1.66666666666666,3.16227766016837,1,2.44948974278317,1.41421356237309,2,1,0.628571428571428,2.0,7.16666666666666,3.33333333333333,3.88888888888888,1.0,1,1,0,1.0,3.0,3.0,0
"Melvin B. Greer, Jr.",3,15,10,1.5,2.5,2,3,1,1,11,11.0,2,3,3.06666666666666,11,3,0.11,3.3166247903554,3,3,2.17504904605125,1.0,60.0,26.6666666666666,0.0,0.0,1,0.666666666666666,1.0,0.2,1.5,3.87298334620741,3.60555127546398,0.111111111111111,1.5,3,4,3,1.33333333333333,1.5,2.69230769230769,2.73333333333333,3.0,5.5,3.3166247903554,5.0,4.69041575982343,7,2.44948974278317,1.63299316185545,3,1,1.36111111111111,1.33333333333333,14.0,2.5,32.5,4.66666666666666,2,1,1,1.33333333333333,3.0,3.0,0
Miaoqi Fang,999,163878,58,2825.48275862068,0.328084084084084,199,324,25,47,83725,306.0,266,286,201.400915335211,56406,745,317.24,244.787663087828,59,202,62.3234629368258,26.7207784317747,26.9249075531798,24.1649275680689,-48.2352725808223,-43.192521877486,999,0.199199199199199,562.833902868385,3.43103448275862,54.6757425742574,404.818477839141,105.691451015122,2.31395348837209,129.023809523809,106,166,999,52.8013333333333,129.023809523809,105.819593533184,105.932724343719,999.0,420.72864321608,289.352725924605,164.042042042042,246.767096672145,44124,253.921247633985,102.505928283847,159,186,5068.21729399784,3.63963963963963,55357.1678571428,337.47976190476,171.352537895898,30701.6643356643,105,52,22,52.8013333333333,200.002506265664,100.5,0
Mic Bowman,47,3364,32,105.125,2.98226950354609,14,47,8,7,3253,90.0,20,26,13.2237686826802,2000,30,29.16,52.6592821827263,8,14,13.352669856091,2.23606797749979,90.8739595719381,5.82639714625445,-10.3745541022592,-1.05168040583386,17,0.297872340425531,31.313829787234,0.4375,4.38666666666666,57.9999999999999,43.353777228749,0.388888888888888,5.86666666666666,10,33,47,3.5,5.86666666666666,9.97415443522654,9.97592152199762,47.0,232.357142857142,57.0350769263968,71.5744680851063,35.4964786985977,3057,25.6515106767613,7.0,29,10,134.360019571041,3.19148936170212,852.2,19.4,2097.58328541307,1646.07692307692,9,8,5,3.5,15.2068965517241,2.71428571428571,0
Michael Geilke,119,145772,52,2803.30769230769,20.4162464985994,117,119,34,71,145591,845.0,119,119,64.3112461314362,55120,119,524.07,327.022934975515,119,117,60.5060227708904,8.94427190999916,90.485141179376,9.39069231402464,-0.0185220755700683,-1.00104466635968,119,0.983193277310924,2756.19327731092,2.25,32.9928909952606,381.800995284192,200.843760753891,1.60273972602739,46.2345238095238,97,120,119,33.2257281553398,46.2345238095238,96.9351378742451,96.9367779820541,119.0,1244.36752136752,381.563887180115,1224.97478991596,314.428052183643,131902,117.995762635782,62.3490993854342,119,109,5326.88438415228,3.54621848739495,56164.7321428571,46.2345238095238,985333.174799201,129685.159663865,96,83,38,33.2257281553398,118.314893617021,2.21333333333333,0
Michael Lane,279,31885,115,277.260869565217,0.816308243727598,86,170,16,21,24123,149.0,116,129,75.2402893184327,7654,238,145.9,128.833225528199,27,89,35.4146561281178,9.4339811320566,52.7301238827034,23.1958601223145,-27.9818096283518,-1.90179914555629,271,0.308243727598566,85.4639239520025,0.747826086956521,22.8950381679389,178.563714119078,95.7009230188856,0.735042735042735,44.0666666666666,40,81,279,21.1919770773638,44.0666666666666,39.9198165427803,39.9522973184883,279.0,280.5,155.31580730885,114.283154121863,113.198939924365,16727,120.913192001534,42.6908658690977,85,46,2693.99740744271,3.75627240143369,9753.93333333332,87.75,360.432631336138,11151.3333333333,39,45,21,21.1919770773638,87.0,87.0,0
Michael Odawa,1,1,0,1.0,1.0,1,1,1,0,0,0.0,1,1,1.0,1,1,0.01,1.0,1,1,1.0,1.0,0.0,100.0,0.0,0.0,0,1.0,1.0,1.0,0.5,1.0,1.0,0.0285714285714285,0.5,1,2,1,0.5,0.5,1.0,1.0,1.0,0.0,0.0,1.0,0.0,-1,1.0,0.707106781186547,1,0,0.0285714285714285,2.0,0.5,0.5,1.0,-1.0,0,0,0,0.5,1.66666666666666,0.0,0
Michelle Vaughan,50,1910,38,50.2631578947368,1.49803921568627,18,43,8,8,1802,67.0,24,28,14.6605819714436,840,28,13.4,38.0131556174964,12,18,12.8485691441366,2.82842712474619,78.3246073298429,16.9633507853403,-25.2879581151832,-1.06590257879656,22,0.36,18.0947368421052,0.473684210526315,6.33802816901408,43.7035467668243,25.0895064386155,0.391304347826087,8.6,13,29,50,5.4,8.6,12.9142857142857,12.9246073298429,50.0,100.111111111111,42.4499705535822,38.2,34.7275107083706,1478,27.8208554864871,9.85900603509298,28,12,179.569257050139,2.84,808.833333333333,25.3999999999999,772.488888888888,950.142857142857,12,11,8,5.39999999999999,19.081081081081,4.75,0
Miguel A. MuAÃŒÂƒÃ‚Â±oz,879,19399,257,75.4824902723735,0.050157720550212,64,111,13,17,10018,113.5,88,96,67.0929636032508,5000,220,68.63,84.9588135510377,0,67,27.5782580584482,14.1421356237309,30.527346770452,21.1144904376514,-220.52167637507,-26.4194008559201,404,0.0728100113765642,5.49588097546292,0.249027237354085,23.6369747899159,139.280292934786,54.9865134980084,0.245210727969348,41.0833333333333,38,69,879,19.1401869158878,41.0833333333333,37.8239681110968,37.9294293520284,879.0,156.53125,100.089959536409,22.0693970420932,85.22910301065,5922,84.2852300228219,34.9995994636627,57,64,646.285205147548,2.70762229806598,7645.79999999999,459.983333333332,23.567979913409,3948.0,37,20,8,19.1401869158878,65.0077519379845,33.0,0
Miguel A. Otaduy,199,8608,38,226.526315789473,0.432562814070351,53,81,11,12,5391,85.5,70,75,48.7575838458357,3036,140,24.66,63.7495098020369,10,53,22.8693076230553,8.12403840463596,30.6110594795539,32.6324349442379,-53.125,-3.60591766723842,167,0.266331658291457,60.3311293308648,1.39473684210526,13.6796368352788,92.7793080379455,44.6861009604509,1.17777777777777,27.1523809523809,25,37,199,12.9447004608294,27.1523809523809,24.8348623853211,24.9330855018587,199.0,101.716981132075,73.4234295031225,43.2562814070351,67.3164170169506,2582,65.5209890035246,26.1929212655626,34,26,712.637221560983,3.87437185929648,2376.49047619047,57.5357142857143,74.4270530909922,1824.61333333333,24,28,11,12.9447004608294,54.0093457943925,27.0,0
Mihnea Bratu,519,2019,230,8.77826086956521,0.0149622054246331,22,35,6,5,1031,35.0,28,31,23.7539688994798,525,70,10.31,26.8514431641951,0,22,12.0021701486856,10.2469507659595,27.0926201089648,23.9722634967805,-492.521050024764,-23.8095238095238,42,0.0423892100192678,0.37210354360392,0.0956521739130434,6.82894736842105,44.9332838773219,28.9078997276984,0.094017094017094,12.8595238095238,14,27,519,6.05,12.8595238095238,13.7855329949238,13.9162951956414,519.0,46.8636363636363,32.1091887160046,3.89017341040462,27.7488738510232,547,27.7488738510232,11.5368973298716,16,15,48.5899458173103,3.22157996146435,715.395238095238,244.129761904761,4.05948257705178,388.193548387096,13,4,2,6.05,23.0666666666666,6.0,0
Milica Milutinovic,249,13255,40,331.375,0.425863453815261,58,100,12,14,8097,102.0,79,86,57.4750659633018,4116,180,42.25,76.6615940350838,15,59,25.3034868870438,9.89949493661166,35.7072802715956,25.3791022255752,-44.6623915503583,-4.33967300633967,249,0.23293172690763,77.187751004016,1.45,17.1724137931034,115.130360895812,48.7568554398348,1.05454545454545,34.5999999999999,33,46,249,15.0852017937219,34.5999999999999,32.8366565640453,32.9227461335345,249.0,139.603448275862,89.9833317898376,53.2329317269076,76.9155380921176,4733,76.157731058639,29.5794135174427,44,36,642.85911219051,3.37751004016064,4111.11666666666,88.0333333333332,83.5647631238408,3192.02325581395,32,22,8,15.0852017937219,59.008547008547,30.0,0
Min Cao,556,18051,39,462.846153846153,0.116573886312852,63,126,15,21,13090,139.0,89,101,57.7482744855957,4669,161,89.16,97.9642792042079,4,65,29.0902752849213,4.79583152331271,50.8780676970804,21.9877015123815,-144.928258822225,-2.10327001683096,211,0.113309352517985,52.4447980077476,1.61538461538461,16.6959008579599,134.354009988537,55.1818565838201,1.46511627906976,30.1190476190475,31,56,556,13.9263157894736,30.1190476190475,30.9104299363057,30.9501412664118,556.0,207.777777777777,114.411537879708,32.4658273381294,93.5788437628933,9121,89.0954544295049,29.6202277968425,57,30,874.071642887447,3.77338129496402,4730.54761904762,186.571428571428,87.1831414819145,5689.33663366336,30,30,13,13.9263157894736,64.0,64.0,0
Ming Liang,189,14343,38,377.447368421052,0.798830409356725,70,109,13,17,9760,114.0,92,99,60.526809451559,5104,180,36.66,86.4175908018732,41,70,28.3376429461164,9.38083151964686,34.3721676078923,34.1630063445583,-26.5983406539775,-2.6284122562674,189,0.37037037037037,139.795321637426,1.84210526315789,18.1980742778541,119.762264507648,44.920123111112,1.37254901960784,39.3547619047619,38,53,189,19.140625,39.3547619047619,37.8053738982087,37.9045527434985,189.0,139.428571428571,98.7927122818277,75.8888888888888,89.3308457365091,4860,87.3498712076898,36.6038761608658,55,44,837.54796135568,3.84656084656084,4735.75952380952,58.7571428571429,165.297535514685,3436.36363636363,37,28,12,19.140625,71.0141843971631,23.6666666666666,0
Ming-Long Fan,6,22,0,22.0,1.04761904761904,3,4,2,0,17,5.0,4,4,4.45079365079365,15,5,0.12,3.46410161513775,5,4,2.66793689319372,1.73205080756887,36.3636363636363,40.9090909090909,-18.1818181818181,-1.06666666666666,0,0.5,11.0,3.0,0.72,4.69041575982343,2.38047614284761,0.2,1.18333333333333,2,2,6,0.75,1.18333333333333,1.85714285714285,1.95454545454545,6.0,5.66666666666666,4.12310562561766,3.66666666666666,3.87298334620741,8,3.46410161513775,1.5,1,1,1.46666666666666,4.16666666666666,5.58333333333333,1.51666666666666,12.4666666666666,6.0,1,1,0,0.75,4.28571428571428,2.0,0
Mitsuomi Matsumoto,49,609,29,21.0,0.497142857142857,12,24,6,4,472,39.0,18,20,13.0722937736712,259,29,3.63,19.0525588832576,5,14,8.5611838858106,2.64575131106459,53.8587848932676,23.6453201970443,-50.4105090311986,-1.61383285302593,16,0.244897959183673,5.14285714285714,0.413793103448275,2.9253731343283498,24.6779253585061,17.4928556845359,0.25531914893617,5.85,8,11,49,2.93877551020408,5.85,7.86501377410468,7.91954022988505,49.0,39.3333333333333,21.7255609824004,12.4285714285714,21.6333076527839,328,16.9705627484771,5.93845991166472,10,7,22.3841932929403,4.10204081632653,148.666666666666,12.7166666666666,42.8196037539103,196.799999999999,7,5,2,2.93877551020408,13.08,5.0,0
Mohamed Moosa,7,13,37,0.351351351351351,0.464285714285714,2,3,1,1,10,10.0,2,2,2.86666666666666,10,3,0.12,3.16227766016837,1,2,2.13927352681733,1.0,61.5384615384615,30.7692307692307,-61.5384615384615,0.0,1,0.285714285714285,0.1003861003861,0.054054054054054,1.16666666666666,3.60555127546398,3.46410161513775,0.0317460317460317,0.833333333333333,2,8,7,0.8,0.833333333333333,1.9,1.92307692307692,7.0,5.0,3.16227766016837,1.85714285714285,4.47213595499958,6,2.44948974278317,1.26491106406735,2,1,0.458292282430213,1.71428571428571,5.33333333333333,4.83333333333333,22.2857142857142,6.0,1,1,0,0.8,3.2,1.5,0
Mu Zhou,189,5055,35,144.428571428571,0.281537176274018,33,66,10,10,3663,70.5,45,51,31.8036265226427,1204,90,26.71,52.5071423713003,4,33,17.8149729514853,3.74165738677394,51.5727002967359,21.5430267062314,-74.9357072205736,-2.05403123680878,89,0.174603174603174,25.2176870748299,0.942857142857142,7.43384982121573,71.0985231914137,27.4173505487147,0.846153846153846,14.2583333333333,17,27,189,6.1875,14.2583333333333,16.9119367045063,16.9493570722057,189.0,111.0,60.522723005496,26.7460317460317,48.2338055724405,2574,46.6690475583121,14.2894191624432,24,16,569.613819910878,4.43915343915343,1003.2738095238,50.6976190476191,72.7397596271768,1665.5294117647,16,22,11,6.1875,34.0149253731343,17.0,0
Myeng Ki Kim,21,106,20,5.3,0.458874458874458,6,9,3,1,72,18.0,8,8,7.34710671958563,54,13,0.65,7.6157731058639,1,8,4.57439697561636,1.73205080756887,39.6226415094339,33.9622641509434,-58.4905660377358,-1.51785714285714,3,0.285714285714285,1.51428571428571,0.3,1.7027027027027,10.2956301409869,8.83176086632784,0.162162162162162,2.95,4,4,21,1.38461538461538,2.95,3.84482758620689,3.91509433962264,21.0,12.0,8.48528137423857,5.04761904761904,10.3923048454132,36,7.34846922834953,2.88230676849156,3,3,4.63110266987235,3.52380952380952,33.6333333333333,8.65,14.0612244897959,27.0,3,2,1,1.38461538461538,7.0,7.0,0
N. Bertrand,109,461,236,1.95338983050847,0.0768974145120934,12,18,5,3,297,20.5,15,16,13.1882719387895,161,31,2.7,14.4222051018559,0,12,7.62497580309417,4.79583152331271,33.1887201735357,31.2364425162689,-216.702819956616,-2.44444444444444,13,0.110091743119266,0.215052091432125,0.0508474576271186,5.49579831932773,21.4709105535838,14.7761068395343,0.044776119402985,7.78333333333333,10,12,109,4.5,7.78333333333333,9.68359375,9.82429501084598,109.0,24.75,17.233687939614,4.22935779816513,15.6843871413581,153,14.696938456699,7.34846922834953,12,11,10.6301169219631,2.18348623853211,254.933333333333,72.5,7.65926381740881,114.75,9,3,1,4.5,13.08,4.66666666666666,0
N. Buard,84,1259,20,62.95,0.35266106442577,21,33,7,5,903,43.5,29,31,19.7579931915461,555,44,5.19,27.5680975041804,0,23,11.7213744831524,3.87298334620741,38.3637807783955,35.0277998411437,-78.4749801429706,-1.92622950819672,40,0.25,15.7374999999999,1.05,4.51150895140664,35.4823899984203,21.0653744329408,0.954545454545454,8.93333333333333,11,12,84,4.3235294117647,8.93333333333333,10.8226950354609,10.9205718824463,84.0,43.0,30.0499584026334,14.9880952380952,30.2241625194148,462,26.3248931621763,9.52859473621681,11,10,133.064560413786,4.6547619047619,276.566666666666,19.0690476190476,41.3402985074626,312.967741935483,10,11,6,4.3235294117647,22.0,22.0,0
N. G. Zagoruiko,159,674,44,15.3181818181818,0.0529874213836478,12,20,4,2,358,17.5,15,16,14.3402882003888,200,40,3.58,15.3297097167558,0,12,7.73621759770017,10.0,31.7507418397626,21.3649851632047,-214.540059347181,-9.90384615384615,14,0.0754716981132075,1.15608919382504,0.272727272727272,5.7125748502994,25.9615099714943,14.1950695665783,0.203389830508474,8.03333333333333,9,18,159,4.8,8.03333333333333,8.78947368421052,8.90504451038575,159.0,29.8333333333333,18.9208879284245,4.23899371069182,14.4913767461894,214,15.4919333848296,7.58946638440411,12,12,24.1841554497594,2.10062893081761,361.966666666666,100.283333333333,4.80240426717618,160.5,8,4,2,4.8,13.12,3.5,0
N. J. Willson,19,179,21,8.52380952380952,0.942105263157894,8,13,4,2,164,23.0,10,11,7.79953921252615,110,13,1.08,11.4017542509913,6,8,5.95877037713976,2.23606797749979,55.8659217877094,35.754189944134,-39.1061452513966,-1.03896103896103,7,0.421052631578947,3.58897243107769,0.38095238095238,2.33846153846153,13.3790881602596,12.8062484748656,0.16,2.61666666666666,6,6,19,2.06451612903225,2.61666666666666,5.8076923076923,5.86033519553072,19.0,20.5,12.8062484748656,9.42105263157894,13.5646599662505,100,10.1980390271855,4.06400406400609,6,5,4.2725813014065,3.42105263157894,47.9499999999999,6.28333333333333,103.003508771929,72.7272727272727,5,2,0,2.06451612903225,9.23529411764705,2.0,0
N. Jegou,5,12,17,0.705882352941176,0.8,2,3,2,0,10,5.0,5,3,3.4,10,3,0.1,3.16227766016837,2,3,2.11474252688112,1.41421356237309,50.0,33.3333333333333,-33.3333333333333,0.0,0,0.4,0.28235294117647,0.117647058823529,0.714285714285714,3.46410161513775,3.16227766016837,0.0606060606060606,1.16666666666666,2,2,5,0.8,1.16666666666666,1.8,1.91666666666666,5.0,5.0,3.16227766016837,2.4,3.16227766016837,6,2.44948974278317,1.26491106406735,2,1,0.590497364953886,2.8,4.83333333333333,2.36666666666666,11.9999999999999,4.0,1,1,0,0.8,3.6,1.5,0
N. Kotilainen,439,4405,215,20.4883720930232,0.0456098571132739,33,59,9,9,2983,71.0,44,49,30.9327776477072,1190,80,24.92,47.3814309619285,0,33,17.2968019775652,4.12310562561766,43.7457434733257,24.72190692395,-272.599318955732,-2.39059674502712,74,0.0751708428246013,1.5401281983366,0.153488372093023,14.3720238095238,66.3701740241804,29.952740553523,0.134146341463414,17.4666666666666,19,34,439,9.075,17.4666666666666,18.8638655462184,18.9264472190692,439.0,90.3939393939393,54.6168472176854,10.0341685649202,48.4045452411237,1894,44.1248229458204,17.3053459948075,29,20,123.071213458637,2.29612756264236,1590.03333333333,275.42619047619,21.7876547097188,1275.55102040816,18,10,5,9.075,34.0149253731343,17.0,0
N. Navet,207,2812,27,104.148148148148,0.130620587142326,29,49,8,8,2031,60.0,40,43,26.6071174977217,920,64,14.5,39.5600808897049,1,30,15.2976110943137,6.32455532033675,43.3499288762446,29.9075391180654,-156.827880512091,-1.94839192221391,57,0.140096618357487,14.5908033637502,1.07407407407407,11.5,53.0282943342513,29.3831017196392,0.935483870967741,16.9833333333333,19,31,207,9.34444444444444,16.9833333333333,18.8055222088835,18.8847795163584,207.0,70.0344827586206,45.0666173569749,13.5845410628019,41.7133072292284,1190,37.6961536499415,16.4617401537288,27,17,187.80958147878,2.52173913043478,1116.86904761904,109.086904761904,37.2129715284201,802.558139534883,18,13,6,9.34444444444444,30.0,30.0,0
N. Redon,143,1882,22,85.5454545454545,0.182789432789432,27,41,7,6,1415,40.5,35,37,23.3811143686024,780,51,8.91,31.8747549010184,1,27,13.826233672204,5.47722557505166,37.88522848034,38.7353878852284,-142.98618490967,-1.69163424124513,45,0.188811188811188,16.1519389701207,1.22727272727272,4.72582619339045,43.3820239269677,26.0358726887858,0.5625,7.55,9,12,143,4.21387283236994,7.55,8.91304347826087,8.96599362380446,143.0,52.4074074074074,37.616485747608,13.1608391608391,33.0681115275729,686,33.2716095192282,10.6665161357393,11,8,61.7501278408606,5.71328671328671,296.638095238095,29.2904761904762,43.131659249841,500.594594594594,8,8,3,4.21387283236994,28.0181818181818,14.0,0
Nabiel A. Elshiewy,6,23,4,5.75,1.09523809523809,3,4,2,1,21,6.0,3,4,4.05396825396825,12,5,0.17,4.12310562561766,3,3,2.786774934066,1.41421356237309,52.1739130434782,39.1304347826086,-21.7391304347826,-0.85,1,0.5,2.875,0.75,2.25,4.79583152331271,4.58257569495584,0.0789473684210526,3.0,4,5,6,3.0,3.0,3.57142857142857,3.60869565217391,6.0,7.0,4.58257569495584,3.83333333333333,4.24264068711928,12,3.46410161513775,3.0,4,3,0.648262813897488,1.33333333333333,22.3333333333333,5.33333333333333,40.25,9.0,3,1,0,3.0,4.42857142857142,1.25,0
Nadine Zimmermann,79,78156,37,2112.32432432432,24.732911392405,79,79,27,49,78156,610.0,79,79,44.2497234159363,28046,79,311.43,233.552991845533,79,79,47.583228284348,8.60232526704262,92.0146885715748,7.9853114284252,0.0,0.0,79,1.0,2112.32432432432,2.13513513513513,28.1126126126126,279.563946173321,152.632394095331,1.21538461538461,40.7666666666666,76,80,79,28.1126126126126,40.7666666666666,75.9267845056489,75.928028558268,79.0,989.316455696202,279.563946173321,989.316455696202,219.522208443701,71915,79.0,47.1263874744966,79,79,2240.49879291172,2.81012658227848,49731.9166666666,40.7666666666666,0.0126582278481012,71915.0,75,53,23,28.1126126126126,77.9811320754716,-1.00625,0
Nanjian Wu,22,142,17,8.35294117647058,0.561264822134387,5,11,3,1,126,15.0,7,8,6.37134423883649,80,10,1.19,8.94427190999916,1,7,4.72609668896845,1.0,71.1267605633802,17.6056338028169,-48.5915492957746,-1.04347826086956,3,0.227272727272727,1.89839572192513,0.294117647058823,1.74603174603174,11.9163752878129,7.60482303103322,0.238095238095238,2.66666666666666,4,10,22,1.92307692307692,2.66666666666666,3.91818181818181,3.93661971830985,22.0,25.2,11.2249721603218,6.45454545454545,8.66025403784438,101,7.41619848709566,3.10086836473021,7,3,7.98434812521499,2.86363636363636,61.5833333333333,8.33333333333333,50.8295454545454,63.125,3,3,1,1.92307692307692,6.18181818181818,2.66666666666666,0
Naofumi Yamada,30,379,21,18.047619047619,0.81505376344086,9,19,5,3,340,32.0,13,15,9.27875209501236,168,17,2.56,16.0,6,10,7.29676105668756,2.44948974278317,68.3377308707123,21.3720316622691,-39.5778364116094,-1.1258064516129,9,0.3,5.41428571428571,0.428571428571428,2.59615384615384,19.4679223339317,18.4390889145857,0.257142857142857,3.95,8,16,30,2.53125,3.95,7.83986928104575,7.8707124010554,30.0,37.7777777777777,18.4390889145857,12.6333333333333,16.9705627484771,259,13.076696830622,4.77297077300919,10,6,16.5623548085104,3.46666666666666,115.733333333333,9.71666666666666,110.136752136752,155.399999999999,7,5,2,2.53125,10.3684210526315,2.125,0
Navid Amini,4,0,5,0.0,0.0,0,0,0,0,0,0.0,4,1,0.0,0,0,0.0,0.0,0,4,0.0,1.0,0.0,0.0,0.0,0.0,0,0.0,0.0,0.0,0.0,0.0,0.0,0.0,0.0,1,0,4,0.0,2.33333333333333,0.0,0.0,2.33333333333333,0.0,0.0,0.0,0.0,0,0.0,0.0,0,0,0.0,2.0,0.0,2.33333333333333,0.0,0.0,0,0,0,0.0,1.0,1.0,0
Nerute Kligiene,9,15,20,0.75,0.333333333333333,2,3,1,1,13,13.0,9,2,2.66666666666666,13,2,0.15,3.60555127546398,1,2,2.24048317062125,1.0,73.3333333333333,26.6666666666666,-80.0,0.0,1,0.222222222222222,0.166666666666666,0.1,2.0,3.87298334620741,3.87298334620741,0.0434782608695652,2.0,3,4,9,2.0,2.0,2.73333333333333,2.73333333333333,9.0,6.5,3.60555127546398,1.66666666666666,5.09901951359278,9,2.44948974278317,2.0,3,2,0.345108695652173,1.0,15.0,9.0,0.111111111111111,9.0,2,1,0,2.0,3.4,1.0,0
Nilakantan Nagarajan,629,185592,52,3569.07692307692,0.936694677871148,230,393,27,53,122805,338.0,307,332,204.975240287737,67954,629,470.68,291.542449739313,179,234,70.1059564590402,23.6008474424118,37.6659554291133,28.5033837665416,-15.6165136428294,-3.0700272208206,629,0.365659777424483,1305.06787330316,4.42307692307692,55.7065845206006,430.803899703797,134.144175738493,4.03508771929824,136.647619047619,108,174,629,54.932502596054,136.647619047619,107.870211873533,107.938310918574,629.0,533.934782608695,350.435443412905,295.058823529411,278.818937663853,69905,300.649297354908,112.403183216012,174,168,15163.6513128752,4.12877583465818,51910.6571428571,176.273809523809,577.105114490729,48428.1626506024,107,107,47,54.932502596054,231.002169197396,116.0,0
Nimish R. Shah,10,560,22,25.4545454545454,10.1818181818181,4,10,4,2,553,98.5,6,8,5.17302697302697,348,8,5.31,22.5388553391692,4,4,6.39943904759676,1.41421356237309,95.8928571428571,2.85714285714285,-2.85714285714285,-1.00182149362477,4,0.4,10.1818181818181,0.181818181818181,2.22222222222222,23.6643191323984,23.5159520326096,0.117647058823529,3.0,5,11,10,2.0,3.0,4.97106690777576,4.97142857142857,10.0,138.25,23.5159520326096,56.0,19.8494332412792,537,6.32455532033675,2.82842712474619,10,4,20.0647107014849,1.8,282.333333333333,6.33333333333333,4424.0,268.5,4,3,2,2.0,7.11111111111111,1.15,0
Norbert Siegmund,36,594,209,2.84210526315789,0.891891891891891,15,24,6,4,511,25.0,18,20,13.1573505514361,245,29,3.25,18.9736659610102,7,16,9.17332346946695,2.64575131106459,48.1481481481481,37.8787878787878,-39.057239057239,-1.25959367945823,18,0.416666666666666,1.18421052631578,0.0717703349282296,4.21875,24.3721152139078,10.7873382568021,0.0672645739910313,4.91666666666666,8,13,36,3.68852459016393,4.91666666666666,7.86388888888888,7.91750841750841,36.0,34.0666666666666,22.6053091109146,16.5,19.364916731037,286,18.9736659610102,7.43827055520697,10,7,38.2015999127278,3.55555555555555,154.5,12.3,101.584337349397,214.5,7,7,3,3.68852459016393,16.0322580645161,8.5,0
Olariu,259,10034,38,264.052631578947,0.298010098010098,51,89,12,14,6530,82.0,68,75,48.2299746561467,2790,143,39.63,67.9852925271341,5,51,23.2441566487086,9.48683298050513,39.6651385290013,25.9218656567669,-71.277655969703,-3.07777078085642,175,0.196911196911196,51.9949197317618,1.34210526315789,16.4906367041198,100.169855745129,44.9316544479342,0.864406779661017,32.0785714285714,32,55,259,16.0555555555555,32.0785714285714,31.8200711477251,31.9042256328483,259.0,128.039215686274,80.8084154033477,38.7413127413127,64.6683848568989,3929,67.3721010508059,28.6152639920258,52,34,381.864535272202,3.09266409266409,4106.14285714285,107.704761904761,73.8362522880333,2671.72,31,17,6,16.0555555555555,52.0291262135922,13.0,0
Olof Damberg,9,33,27,1.22222222222222,0.733333333333333,4,5,2,0,23,5.0,5,5,5.45197025197025,20,8,0.18,4.24264068711928,0,5,3.08814362639524,2.0,21.2121212121212,48.4848484848484,-30.3030303030303,-1.41176470588235,0,0.444444444444444,0.543209876543209,0.148148148148148,1.44,5.74456264653802,3.39116499156263,0.129032258064516,3.0,3,8,9,1.77777777777777,3.0,2.69230769230769,2.87878787878787,9.0,5.75,4.79583152331271,3.66666666666666,4.47213595499958,7,4.47213595499958,2.66666666666666,3,3,1.38999623332215,2.77777777777777,16.5,4.0,8.43333333333333,5.6,2,1,0,1.77777777777777,5.11111111111111,3.0,0
P. Deepa,39,2817,16,176.0625,3.61153846153846,34,39,10,10,2647,66.0,39,39,22.9781267751621,1290,39,8.5,45.2437841034544,39,34,17.1392813385494,5.47722557505166,54.1356052538161,41.0365637202697,-1.17145899893503,-1.07757951900698,39,0.871794871794871,153.490384615384,2.125,9.33802816901408,53.0754180388623,32.2112816675565,1.61904761904761,12.5666666666666,19,29,39,9.63333333333333,12.5666666666666,18.8316008316008,18.8849840255591,39.0,77.8529411764706,51.4490038776262,72.2307692307692,47.370877129308,1491,36.4142829120662,18.0978820123608,28,21,315.167831527777,3.64102564102564,913.1,12.5666666666666,1423.90214932126,1299.84615384615,18,21,10,9.63333333333333,35.0144927536231,17.5,0
P. R. Shepherd,386,14674,90,163.044444444444,0.196462759904138,59,117,13,16,11788,103.0,80,89,49.4734792143706,3666,130,82.06,93.032252471925,6,59,27.1956529765736,1.73205080756887,57.0124028894643,23.7222297941938,-112.20526100586,-1.57391495924212,143,0.152849740932642,24.9213010938399,0.655555555555555,16.9701937406855,121.136286883823,67.4112997451713,0.627659574468085,25.8285714285714,28,64,386,13.3371647509578,25.8285714285714,27.9215454154111,27.9503202943982,386.0,199.796610169491,108.572556385119,38.0155440414507,77.9551152907876,8307,83.0842945447573,28.0516081590078,61,27,872.220423036045,3.47668393782383,4613.04999999999,143.923809523809,159.310276002499,5506.88764044943,27,27,13,13.3371647509578,60.0084033613445,30.0,0
P. Salama,288,2644,84,31.4761904761904,0.0635332564398308,26,44,8,7,1559,52.0,36,39,26.8130752472702,800,72,12.48,34.6987031457949,0,26,14.009778250727,4.47213595499958,34.3797276853252,25.5673222390317,-217.549167927382,-4.27586206896551,63,0.0902777777777777,2.84160052910052,0.309523809523809,17.6603773584905,51.4198405287297,31.576626376694,0.295454545454545,24.0,25,35,288,12.754716981132,24.0,24.6240208877284,24.7821482602118,288.0,59.9615384615384,39.4841740447992,9.18055555555555,36.7695526217004,883,33.8230690505755,18.2105090952843,35,26,69.9488397935828,1.47222222222222,1935.38333333333,240.1,13.7404915538768,588.666666666666,24,6,3,12.754716981132,27.0188679245283,13.5,0
P. Winkler,209,22052,31,711.354838709677,1.00487582592845,82,141,15,20,16338,137.0,109,119,68.763831970689,7004,201,75.2,108.106429041014,53,83,32.7977107841698,10.1488915650922,43.9688010157808,30.4915653908942,-21.6851079267186,-2.00947562097516,209,0.392344497607655,279.096156814323,2.64516129032258,25.3896296296296,148.499158246772,66.5423066284042,1.57692307692307,49.8261904761904,47,82,209,24.450909090909,49.8261904761904,46.8358162631905,46.9040449845818,209.0,199.243902439024,127.820186199207,105.511961722488,105.990565617888,9614,107.526740860122,44.7769421181766,76,68,770.152115005613,3.22966507177033,8414.72857142857,86.5690476190476,307.618325902566,6624.77310924369,46,26,10,24.450909090909,83.0,83.0,0
Parag Pruthi,631,4977,72,69.125,0.0249603803486529,30,57,9,9,2600,49.0,41,46,33.7553074926313,1110,99,24.76,43.806392227619,0,30,16.0617735619897,8.60232526704262,34.7598955193891,18.0831826401446,-315.089411291942,-13.9294871794871,99,0.0475435816164817,3.2864500792393,0.416666666666666,14.0638930163447,70.5478560978291,41.9225476325091,0.29126213592233,22.2333333333333,21,50,631,11.8421052631578,22.2333333333333,20.8260113092649,20.9196302993771,631.0,86.6666666666666,50.9901951359278,7.88748019017432,38.3405790253616,1700,41.3521462562706,18.8484258731263,42,25,101.117278564264,2.13312202852614,3018.11666666666,392.433333333332,8.83854831706795,1108.69565217391,20,7,4,11.8421052631578,31.0163934426229,15.5,0
Patrick J. Altomari,52,861,39,22.076923076923,0.624818577648766,8,29,6,5,818,102.5,12,16,8.83501481066978,532,19,7.88,25.1793566240283,6,8,8.77003892219342,2.0,87.5725900116144,7.43321718931475,-35.7723577235772,-1.03452685421994,8,0.153846153846153,3.39644970414201,0.205128205128205,2.7012987012987,29.3428015022424,25.2454616383486,0.145454545454545,4.16666666666666,9,21,52,2.9090909090909,4.16666666666666,8.92176039119804,8.92566782810685,52.0,102.25,28.6006992921501,16.5576923076923,28.6356421265527,754,15.2315462117278,4.82418151324421,18,8,29.5750508114436,2.96153846153846,341.535714285714,28.7928571428571,314.98121645796,377.0,8,5,3,2.9090909090909,10.3529411764705,1.29166666666666,0
Paul J. Edwards,79,2169,73,29.7123287671232,0.686392405063291,21,45,6,5,1729,37.0,28,32,20.7189516321908,816,51,13.78,34.6121365997535,3,22,12.6391635080893,1.41421356237309,60.3503918856615,20.3319502074688,-36.8372521899492,-1.54585798816568,42,0.265822784810126,7.89821397607074,0.287671232876712,7.24454148471615,46.57252408878,27.4438821354899,0.272727272727272,12.8333333333333,12,27,79,5.18823529411764,12.8333333333333,11.9188464118041,11.944213923467,79.0,82.3333333333333,41.5812457725835,27.4556962025316,27.8747197295327,1288,30.7408522978787,10.4380525567018,20,7,143.290686914827,2.89873417721518,657.716666666666,40.7166666666666,114.671762182411,845.25,11,9,4,5.18823529411764,22.0,22.0,0
Paul Kohlbrenner,8,112,22,5.09090909090909,3.11111111111111,4,8,3,2,108,27.5,5,7,4.91832611832611,80,6,0.81,9.0,4,4,4.47937099592284,1.41421356237309,82.1428571428571,14.2857142857142,-8.92857142857142,-0.981132075471698,4,0.5,2.54545454545454,0.181818181818181,1.28,10.5830052442583,10.3923048454132,0.111111111111111,1.61666666666666,4,9,8,1.0,1.61666666666666,3.90625,3.91964285714285,8.0,27.0,10.3923048454132,14.0,10.4880884817015,92,5.65685424949238,2.0,5,4,5.88132881611142,3.125,34.8333333333333,3.86666666666666,378.0,52.5714285714285,3,3,1,1.0,6.11111111111111,1.18181818181818,0
Paul Tanner,287,6295,101,62.3267326732673,0.152318041037553,45,74,11,12,4528,84.0,61,66,39.404585977713,2156,104,26.04,58.38664230798,1,46,20.8721140627427,6.6332495807108,39.7617156473391,32.1683876092136,-144.924543288324,-2.14112615823235,106,0.156794425087108,9.77248421706282,0.445544554455445,17.3123324396782,79.3410360406265,46.3123453663635,0.428571428571428,24.8999999999999,26,36,287,12.2727272727272,24.8999999999999,25.8166617776474,25.9007148530579,287.0,100.622222222222,67.2904153650428,21.9337979094076,61.4817045957575,2503,57.706152185014,23.5004835540192,38,42,366.547399380274,2.5993031358885,2427.99523809523,163.609523809523,56.2061329563089,1706.5909090909,25,20,7,12.2727272727272,46.010989010989,23.5,0
Pedro Vasconcelos,51,1641,52,31.5576923076923,1.23755656108597,14,40,6,5,1542,47.5,19,22,12.9347439882888,907,29,13.83,34.9141805001921,8,14,10.7482290716087,1.0,82.023156611822,11.9439366240097,-25.350396099939,-1.09353507565337,17,0.274509803921568,8.66289592760181,0.269230769230769,5.06382978723404,40.5092582010581,20.8254651808789,0.170731707317073,5.2,9,27,51,4.0,5.2,8.95524475524475,8.96099939061547,51.0,110.142857142857,39.2683078321437,32.1764705882353,25.7875939164552,1346,23.6643191323984,7.48331477354788,20,8,50.7188953662109,2.76470588235294,456.249999999999,26.4999999999999,501.172905525846,856.545454545454,8,6,3,4.0,15.1724137931034,2.83333333333333,0
Pen-Jung Tzou,107,1270,25,50.8,0.219799238490827,20,31,6,5,745,35.0,26,28,21.241822708256,540,58,5.16,23.4520787991171,0,21,10.9877943453989,6.0,28.7401574803149,31.4960629921259,-97.2440944881889,-4.15357142857142,44,0.186915887850467,9.49532710280373,0.8,4.97674418604651,35.6370593624109,21.6910119634838,0.48780487804878,12.5595238095238,11,12,107,4.3010752688172,12.5595238095238,10.8062015503875,10.9212598425196,107.0,37.25,27.2946881279123,11.8691588785046,26.4575131106459,345,24.8997991959774,9.27477791520336,10,12,54.3759353551126,4.01869158878504,387.028571428571,34.6928571428571,17.9800129545664,246.428571428571,10,6,2,4.3010752688172,21.0,21.0,0
Pengfei Wang,139,1897,217,8.74193548387096,0.194964028776978,21,41,9,8,1498,81.5,29,33,19.5149684963942,900,50,11.5,35.0,2,21,13.0885515825976,3.46410161513775,56.8265682656826,23.2472324723247,-110.542962572482,-1.51682484900776,33,0.151079136690647,1.32072406590856,0.0967741935483871,6.64920273348519,43.5545634807651,25.7934100110861,0.0950226244343891,9.86190476190476,14,20,139,4.84615384615384,9.86190476190476,13.8677621283255,13.9109119662625,139.0,71.3333333333333,38.7040049607272,13.6474820143884,41.3702791868752,1057,29.3428015022424,10.0880736897204,19,12,88.7811793464012,3.15827338129496,548.559523809523,59.1309523809524,54.8426592059685,672.636363636363,13,10,4,4.84615384615384,22.0697674418604,5.5,0
Peter Mccullagh,240,7579,50,151.58,0.262067773167358,40,84,12,13,6098,92.0,55,64,35.3518219919284,2000,95,44.91,66.1740130262628,7,40,21.1284695066065,3.16227766016837,59.8759730835202,21.1109645071909,-86.5153714210318,-1.54994720168954,95,0.166666666666666,25.2633333333333,0.8,23.076923076923,87.0574522944474,66.0252476961149,0.74074074074074,34.0,37,105,240,24.6153846153846,34.0,36.7829509294925,36.8290011874917,240.0,152.45,78.0896920214185,31.5791666666666,60.6630035524124,4498,57.9655069847577,31.3785816221094,72,40,273.649246435984,1.73333333333333,5710.7,180.333333333333,134.512786259542,2811.25,36,15,8,24.6153846153846,41.0246913580246,13.6666666666666,0
Peter Seats,19,97,49,1.97959183673469,0.510526315789473,6,9,2,1,75,7.0,6,7,6.63931802790868,41,12,0.69,7.41619848709566,1,6,4.50946379649535,1.0,46.3917525773195,37.1134020618556,-60.8247422680412,-1.14705882352941,2,0.31578947368421,0.625134264232008,0.122448979591836,2.71428571428571,9.8488578017961,9.0,0.0857142857142857,3.33333333333333,4,7,19,3.0,3.33333333333333,3.85483870967741,3.90721649484536,19.0,12.5,8.66025403784438,5.10526315789473,6.48074069840786,39,7.34846922834953,4.24264068711928,6,3,2.65618290657745,2.21052631578947,55.5333333333333,11.3166666666666,25.8453947368421,33.4285714285714,3,1,1,3.0,7.23076923076923,1.75,0
Peter Teufl,68,300,85,3.52941176470588,0.127877237851662,8,16,5,3,225,29.5,12,13,9.7685049541427,135,20,2.25,13.6381816969858,0,8,6.41144867276648,2.23606797749979,53.6666666666666,21.3333333333333,-134.666666666666,-1.47770700636942,8,0.117647058823529,0.415224913494809,0.0941176470588235,2.9090909090909,17.3205080756887,13.8744369255116,0.0727272727272727,4.72619047619047,7,9,68,2.06451612903225,4.72619047619047,6.82266009852216,6.88,68.0,28.125,15.0,4.41176470588235,15.3622914957372,161,11.3137084989847,4.06400406400609,8,8,8.85799215371807,2.75,98.8714285714286,40.2928571428571,13.235294117647,99.076923076923,6,4,1,2.06451612903225,9.17647058823529,2.75,0
Petr Kastovsky,192,2507,85,29.4941176470588,0.135308721934369,25,45,8,7,1686,55.5,35,38,24.737324704986,728,67,12.8,35.7770876399966,1,25,14.0226864966055,3.74165738677394,43.3187076186677,24.9301954527323,-134.702832070203,-2.46801705756929,50,0.130208333333333,3.84037990196078,0.294117647058823,14.7692307692307,50.0699510684802,31.1271585596886,0.280898876404494,22.9166666666666,23,48,192,18.3823529411764,22.9166666666666,22.7027027027027,22.806940566414,192.0,67.44,41.0609303352956,13.0572916666666,37.2491610643783,1061,33.5410196624968,21.4373231428136,43,25,75.3924394050505,1.69270833333333,2255.26428571428,152.885714285714,28.0666156302345,698.026315789473,22,7,3,18.3823529411764,26.0392156862745,8.66666666666666,0
Philippe C. Besse,4,136,2,68.0,13.6,3,4,2,1,131,65.5,4,4,3.88571428571428,117,4,1.31,10.8166538263919,4,3,4.03613206185511,1.0,91.9117647058823,6.61764705882353,0.0,0.0,2,0.75,51.0,1.5,2.0,11.6619037896906,8.60232526704262,0.1,2.5,4,5,4,2.25,2.5,3.93283582089552,3.93382352941176,4.0,43.6666666666666,11.4455231422595,34.0,14.0178457688761,122,3.46410161513775,2.59807621135331,4,3,4.56666666666666,1.5,128.0,3.0,2278.0,91.5,3,1,1,2.25,4.14285714285714,2.0,0
Philippe Gaudreau,3,9,8,1.125,1.5,1,3,1,0,9,9.0,3,2,2.0,9,1,0.09,3.0,1,1,1.73205080756887,1.0,88.8888888888888,11.1111111111111,-11.1111111111111,0.0,0,0.333333333333333,0.375,0.125,0.333333333333333,3.0,3.0,0.0833333333333333,0.333333333333333,2,3,3,0.333333333333333,0.333333333333333,1.88888888888888,1.88888888888888,3.0,9.0,3.0,3.0,3.0,8,1.73205080756887,0.577350269189625,1,1,0.75,3.0,3.0,1.0,0.333333333333333,4.0,1,1,0,0.333333333333333,5.0,1.0,0
Philippe Marrast,11,21,18,1.16666666666666,0.318181818181818,3,4,2,0,11,5.5,3,3,4.41862581862581,12,7,0.14,3.3166247903554,0,4,2.52543107580339,2.0,23.8095238095238,42.8571428571428,-80.9523809523809,-1.0,0,0.272727272727272,0.318181818181818,0.166666666666666,1.5,4.58257569495584,3.0,0.125,2.08333333333333,2,4,11,1.28571428571428,2.08333333333333,1.85714285714285,1.95238095238095,11.0,3.66666666666666,3.3166247903554,1.9090909090909,4.06201920231798,2,3.46410161513775,1.96396101212393,3,1,2.23914141414141,2.0,12.3333333333333,6.91666666666666,3.81818181818181,2.0,1,1,0,1.28571428571428,4.0,4.0,0
Pierre Marcotte,55,321,40,8.025,0.208441558441558,11,17,5,3,240,21.5,14,15,10.8375563759784,135,20,1.98,13.490737563232,0,11,7.15829725976237,3.0,40.4984423676012,37.6947040498442,-128.34890965732,-1.4,11,0.2,1.605,0.275,3.95424836601307,17.9164728671689,13.3790881602596,0.211538461538461,4.61666666666666,7,9,55,3.27027027027027,4.61666666666666,6.8021978021978,6.88785046728972,55.0,21.8181818181818,15.4919333848296,5.83636363636363,15.3785564992296,119,13.6747943311773,5.99774732486897,7,9,19.8250654235682,2.78181818181818,109.383333333333,28.9833333333333,20.9275324675324,87.2666666666666,6,4,2,3.27027027027027,12.0869565217391,4.0,0
Prisca K.G. Tibenderana,48,396,107,3.70093457943925,0.336734693877551,10,18,5,3,291,23.0,14,15,11.0825554224104,144,28,2.27,14.3527000944073,2,10,7.2254396053672,3.0,48.2323232323232,25.2525252525252,-68.9393939393939,-1.79381443298969,10,0.208333333333333,0.771028037383177,0.0934579439252336,5.51724137931034,19.8997487421324,16.0468065358812,0.0806451612903225,7.75,9,18,48,6.25,7.75,8.75572519083969,8.83838383838384,48.0,29.1,17.0587221092319,8.25,15.1657508881031,191,13.4164078649987,7.90569415042094,15,8,15.0808806106121,1.8125,302.483333333333,36.5666666666666,22.8642857142857,127.333333333333,8,4,1,6.25,11.2380952380952,2.33333333333333,0
Qian Huang,549,27082,141,192.070921985815,0.179380692167577,69,157,16,19,20972,118.0,94,108,62.8992929466879,6056,181,164.08,124.32216214336,7,69,31.5122775133805,1.0,60.1137286758732,17.5799423971641,-99.9815375526179,-1.76100086281276,254,0.125683060109289,24.1400612331899,0.489361702127659,15.6017298187808,164.566096143768,79.0066580400159,0.475862068965517,32.5527777777777,33,67,549,13.9210526315789,32.5527777777777,32.9423326012276,32.9621889077616,549.0,303.942028985507,144.81712605904,49.3296903460837,90.2330316458446,16211,104.08169867945,30.9927835403493,65,62,1380.66090327468,4.42258652094717,5956.26388888888,156.11865079365,171.816920141027,10357.0277777777,32,29,16,13.9210526315789,70.0143884892086,23.3333333333333,0
Qian Xiao,527,8244,85,96.9882352941176,0.0592547869587717,49,79,11,12,5057,85.0,67,72,46.5833748323554,2812,130,32.2,61.0819122163018,0,49,22.0069585191672,8.60232526704262,32.2173702086365,29.1242115477923,-245.4391072295,-4.02346193952033,153,0.0929791271347248,9.01788145998437,0.576470588235294,14.0955240174672,90.7964757025293,41.5214134848246,0.550561797752809,24.6035714285714,22,36,527,10.3939393939393,24.6035714285714,21.8586538461538,21.9465065502183,527.0,103.204081632653,71.1125867902441,15.6432637571157,64.5368112010502,2656,62.2173609212091,22.56774313712,31,34,428.878941710532,3.47628083491461,2231.80357142857,207.336904761905,24.8220849763835,1807.55555555555,21,20,8,10.3939393939393,50.020202020202,17.0,0
Quan Guo,99,6977,19,367.210526315789,1.40949494949494,54,81,11,12,5470,91.0,71,75,41.9201014145224,2990,98,17.09,64.319514923544,99,54,23.0954906700073,8.06225774829855,37.3799627346997,41.7944675361903,-13.9888204099183,-1.66779825412221,98,0.545454545454545,200.296650717703,2.84210526315789,10.1058601134215,83.5284382710463,39.6220537435547,2.57142857142857,18.0630952380952,21,27,99,9.98630136986301,18.0630952380952,20.8693237504083,20.9426687688118,99.0,101.296296296296,73.9594483484023,70.4747474747474,70.0999286732875,2554,66.1362230551458,23.2219782527803,26,23,1160.20227082858,5.34343434343434,1375.59761904761,19.8321428571428,267.930148004476,1838.88,20,37,18,9.98630136986301,55.0091743119266,27.5,0
Quentin L. Burrell,70,1699,44,38.6136363636363,0.683702213279678,20,40,8,7,1321,51.5,29,33,19.9597016675165,560,48,8.77,31.5119025131774,8,22,12.4521183054476,3.16227766016837,54.2083578575632,23.5432607416127,-36.6097704532077,-1.69158878504672,39,0.285714285714285,11.0324675324675,0.454545454545454,16.867469879518,41.2189276910498,32.3548038679472,0.37037037037037,19.5,21,39,70,17.391304347826,19.5,20.6971990915972,20.7645673925838,70.0,66.05,36.3455636907724,24.2714285714285,32.0936130717624,921,28.2842712474619,18.6500961648062,38,20,79.3501454059366,1.18571428571428,1571.5,64.7,84.8215797430083,558.181818181818,20,8,4,17.391304347826,21.0487804878048,7.66666666666666,0
Qun Shi,54,996,17,58.5882352941176,0.67070707070707,16,31,7,5,800,47.5,24,26,15.8253734068027,468,34,4.84,24.9599679486973,9,17,10.4977553442935,3.60555127546398,54.6184738955823,25.7028112449799,-41.3654618473895,-1.51935483870967,26,0.296296296296296,17.359477124183,0.941176470588235,4.8268156424581,31.559467676119,15.4002164486953,0.355555555555555,9.59999999999999,10,20,54,4.65454545454545,9.59999999999999,9.860103626943,9.91867469879518,54.0,50.0,28.2842712474619,18.4444444444444,27.5680975041804,544,22.27105745132,8.6297582395295,19,13,32.6402192131989,3.31481481481481,414.5,23.5666666666666,75.2834467120181,334.76923076923,9,6,2,4.65454545454545,17.090909090909,5.0,0
R. D. Morris,597,19735,111,177.792792792792,0.110558365965838,67,129,15,21,13577,137.0,95,106,63.2332057465127,4992,190,87.98,100.717426496113,4,68,29.8495028525842,6.9282032302755,46.0501646820369,22.7463896630352,-148.730681530276,-2.55650547689019,258,0.112227805695142,19.9532950035462,0.603603603603603,25.2518939393939,140.48131548359,73.6377394184983,0.582608695652173,44.5666666666666,44,78,597,20.6866359447004,44.5666666666666,43.8393710363999,43.9063085888016,597.0,202.641791044776,116.520384482716,33.0569514237855,95.8070978581441,9088,92.9677363390117,37.2290828290858,80,60,852.990756202635,2.65326633165829,9061.26666666666,307.116666666666,72.8831161871934,5744.30188679245,43,29,12,20.6866359447004,68.0074074074074,34.5,0
R. L. Virta,16,131,13,10.076923076923,0.963235294117647,6,11,4,2,123,21.5,7,8,6.40434467493291,80,9,1.01,10.0498756211208,5,7,5.15266564956865,2.0,66.412213740458,27.4809160305343,-39.6946564885496,-0.950413223140495,5,0.375,3.77884615384615,0.461538461538461,2.28571428571428,11.4455231422595,9.9247166206396,0.125,3.5,5,8,16,2.4,3.5,4.84158415841584,4.87786259541984,16.0,20.5,11.0905365064094,8.1875,11.3578166916005,87,8.12403840463596,3.79473319220205,8,4,3.43366172390562,2.625,72.3333333333333,8.5,125.882812499999,65.25,4,2,0,2.4,7.15384615384615,3.0,0
R. R. Wagner,159,11448,58,197.379310344827,0.9,61,99,12,15,7909,113.5,84,90,53.8729153058831,4264,156,29.58,77.756028705175,43,61,26.0173915723285,9.05538513813741,37.1156533892383,32.5034940600978,-21.8291404612159,-2.48000878734622,159,0.383647798742138,75.7241379310344,1.05172413793103,21.2231947483588,106.995327000762,67.220284636906,0.813333333333333,41.0166666666666,39,68,159,21.6337209302325,41.0166666666666,38.7685897435897,38.8738644304682,159.0,129.655737704918,88.9325587172662,72.0,83.207571770843,4188,77.7110030819317,36.3270832402518,57,39,276.192429456942,2.87421383647798,4896.7,68.6166666666667,164.991374353076,2838.53333333333,38,14,6,21.6337209302325,62.0081300813008,31.0,0
R. Rajaram,239,7542,34,221.823529411764,0.262970711297071,44,75,10,11,4529,80.0,60,66,43.8427945439255,2232,140,26.55,58.4465567848098,4,45,20.7433753893921,9.64365076099295,34.9642004773269,25.6695836648103,-74.396711747547,-4.43143203883495,165,0.184100418410041,40.8378045778981,1.29411764705882,12.9348093480934,86.8446889567807,42.4480074129909,0.846153846153846,24.9333333333333,23,33,239,11.0,24.9333333333333,22.8513969910961,22.9358260408379,239.0,102.931818181818,67.2978454335649,31.5564853556485,59.3295878967653,2593,57.4456264653802,22.0,31,24,324.718847038489,3.40167364016736,2130.68333333333,77.95,48.6048526545573,1728.66666666666,22,16,7,11.0,45.0,45.0,0
R. S. Bridger,141,2342,36,65.0555555555555,0.233942663070622,27,46,8,8,1887,65.0,36,40,22.8726713185215,988,52,11.15,38.6393581727233,0,27,14.8347200165707,4.35889894354067,49.4449188727583,31.127241673783,-111.95559350982,-1.50960219478738,42,0.191489361702127,12.4574468085106,0.75,10.5457063711911,48.3942145302514,33.9018190269096,0.675,13.7999999999999,18,28,141,8.2840909090909,13.7999999999999,17.8064300066979,17.8766011955593,141.0,69.8888888888888,43.4396132579469,16.6099290780141,41.8927201313068,1158,35.2420203734121,14.9556161539889,27,24,135.012823188087,2.56028368794326,954.116666666666,77.9166666666666,68.8855740004676,781.65,17,13,5,8.28409090909091,28.0727272727272,6.2,0
R. T. Hofmeister,26,282,27,10.4444444444444,0.803418803418803,9,16,4,2,237,16.0,12,13,9.43611531614,102,19,1.88,13.114877048604,3,9,6.5896287162657,1.41421356237309,55.3191489361702,28.7234042553191,-37.5886524822695,-1.28643216080402,9,0.346153846153846,3.61538461538461,0.333333333333333,2.1081081081081,16.7928556237466,9.77241014284603,0.290322580645161,3.76666666666666,5,12,26,2.18918918918918,3.76666666666666,4.90697674418604,4.94326241134751,26.0,26.3333333333333,15.3948043183406,10.8461538461538,12.0,156,12.0,4.43877265724464,7,4,10.4424558015214,4.26923076923076,70.15,6.23333333333333,57.1230769230769,108.0,4,3,1,2.18918918918918,10.1578947368421,2.75,0
R. Tellez-Giron,34,123,90,1.36666666666666,0.20672268907563,6,9,3,1,74,11.0,8,8,8.09637187351154,48,20,0.66,7.6157731058639,0,7,4.55800232606805,2.44948974278317,30.8943089430894,29.2682926829268,-96.7479674796748,-2.87096774193548,4,0.176470588235294,0.241176470588235,0.0666666666666666,3.23809523809523,11.0905365064094,8.0311892021045,0.0638297872340425,4.66666666666666,6,9,34,3.0,4.66666666666666,5.62121212121212,5.79674796747967,34.0,12.3333333333333,8.60232526704262,3.61764705882352,8.12403840463596,38,7.34846922834953,4.24264068711928,7,4,5.22131340268446,1.85294117647058,82.0,24.0833333333333,5.46338535414165,28.5,5,2,1,3.0,7.15384615384615,3.0,0
Ratul Kumar Baruah,999,560855,37,15158.2432432432,1.12283283283283,401,708,42,98,401760,638.0,546,595,336.329047852032,185760,998,1239.5,529.962262807456,356,402,108.512522921376,26.8328157299974,42.9627978711075,28.6706902853678,-14.3892806518618,-2.3033085663976,999,0.401401401401401,6084.54008062116,10.8378378378378,111.308419005279,748.90253037361,153.349205198658,6.57377049180327,252.972619047618,220,392,999,109.761774744027,252.972619047618,219.8462123034,219.91448591882,999.0,1001.89526184538,633.845407019724,561.416416416416,505.804309985591,240959,532.830179325458,209.796262293576,391,380,19879.6142244813,3.6026026026026,209891.564285713,346.748809523807,1417.73568911316,162394.216806722,219,120,55,109.761774744027,402.001245330012,201.5,0
Renjing Wang,23,277,39,7.1025641025641,1.00362318840579,7,16,4,2,230,23.5,10,12,8.32143763362936,122,17,2.07,12.6491106406735,4,9,6.07191872245332,1.41421356237309,67.870036101083,17.6895306859205,-25.9927797833934,-1.24509803921568,6,0.304347826086956,2.16164994425864,0.179487179487179,1.61,16.6433169770932,11.8532695911296,0.162790697674418,3.41785714285714,5,10,23,1.25641025641025,3.41785714285714,4.92270531400966,4.94223826714801,23.0,32.8571428571428,15.1657508881031,12.0434782608695,12.8257553383806,181,10.5830052442583,2.96561491007713,6,3,18.6394983815284,4.34782608695652,62.125,6.41785714285714,71.3576086956521,105.583333333333,4,4,2,1.25641025641025,8.0,8.0,0
Rhew Ray D.,25,209,23,9.08695652173913,0.643076923076923,8,13,3,2,151,13.0,10,11,9.12884454769276,72,19,1.33,10.3440804327886,2,9,5.74341278430625,3.0,45.4545454545454,30.6220095693779,-41.1483253588516,-1.57264957264957,5,0.32,2.90782608695652,0.347826086956521,2.89855072463768,14.4568322948009,9.9666109251507,0.228571428571428,5.48333333333333,6,11,25,2.56,5.48333333333333,5.81203007518797,5.88038277511961,25.0,18.875,12.2882057274445,8.36,10.1980390271855,87,10.1980390271855,4.5254833995939,8,7,11.1117166691237,2.76,92.9499999999999,12.7666666666666,26.5847999999999,63.2727272727272,5,3,1,2.56,9.0,9.0,0
Rho-Taek Jung,9,14,5,2.8,0.311111111111111,2,3,1,0,9,4.5,3,3,3.74487734487734,6,6,0.11,2.44948974278317,0,3,2.04488154922285,1.0,35.7142857142857,28.5714285714285,-64.2857142857142,-0.833333333333333,0,0.222222222222222,0.622222222222222,0.4,0.6,3.74165738677394,3.0,0.0869565217391304,0.65,2,4,9,0.444444444444444,0.65,1.83333333333333,1.92857142857142,9.0,4.5,3.0,1.55555555555555,3.0,5,2.44948974278317,0.942809041582063,1,1,0.690436565722606,3.33333333333333,4.0,3.15,2.8,3.33333333333333,1,1,0,0.444444444444444,3.2,2.0,0
Rich Nolan,2,0,44,0.0,0.0,0,0,0,0,0,0.0,2,1,0.0,0,0,0.0,0.0,0,2,0.0,1.0,0.0,0.0,0.0,0.0,0,0.0,0.0,0.0,0.0,0.0,0.0,0.0,0.0,1,1,2,0.0,1.5,0.0,0.0,1.5,0.0,0.0,0.0,0.0,0,0.0,0.0,0,0,0.0,1.5,0.0,1.5,0.0,0.0,0,0,0,0.0,1.0,1.0,0
Richard Orton,60,292,144,2.02777777777777,0.159562841530054,10,16,3,2,201,12.0,12,13,10.7945740764882,105,21,1.81,11.6189500386222,1,10,6.5191568653402,3.87298334620741,38.0136986301369,34.2465753424657,-143.150684931506,-1.66906474820143,10,0.166666666666666,0.337962962962962,0.0694444444444444,5.76923076923076,17.088007490635,14.1421356237309,0.0609756097560975,7.33333333333333,9,12,60,4.76190476190476,7.33333333333333,8.66492146596858,8.78082191780821,60.0,20.1,14.1774468787578,4.86666666666666,10.9544511501033,101,12.6491106406735,6.90065559342354,13,10,7.44002664476151,1.73333333333333,218.2,46.2666666666666,12.677366255144,77.6923076923077,8,2,1,4.76190476190476,11.047619047619,5.5,0
Riku Nortje,7,50,4,12.5,1.78571428571428,4,7,2,1,43,7.5,5,6,5.23145743145743,23,6,0.31,5.56776436283002,6,5,3.5363933515127,1.0,54.0,32.0,-10.0,-1.075,1,0.571428571428571,7.14285714285714,1.0,1.55555555555555,7.07106781186547,5.24404424085075,0.266666666666666,2.83333333333333,3,6,7,1.6,2.83333333333333,2.87096774193548,2.92,7.0,10.75,6.557438524302,7.14285714285714,5.47722557505166,27,5.29150262212918,2.5298221281347,4,4,4.29382284382284,2.57142857142857,20.6666666666666,3.16666666666666,43.8775510204081,18.0,2,2,1,1.6,5.11111111111111,3.0,0
Ritesh Turakhia,83,724,29,24.9655172413793,0.207687894434882,13,26,6,4,605,36.5,18,20,12.6561323191815,272,23,5.48,21.2367605815953,2,13,9.16506903822713,2.82842712474619,62.0165745856353,23.342541436464,-110.911602209944,-1.22328244274809,16,0.156626506024096,3.91026173660157,0.448275862068965,5.11374407582938,26.9072480941474,19.8620240660412,0.228070175438596,6.94999999999999,10,16,83,4.225,6.94999999999999,9.85218978102189,9.88812154696132,83.0,46.5384615384615,24.5967477524976,8.72289156626506,21.7830209107919,436,18.3847763108502,7.41114026314439,14,11,19.6782708737927,2.54216867469879,245.15,43.25,50.8561036599227,283.4,9,5,2,4.225,14.037037037037,7.0,0
Robert Thomas,209,70002,72,972.25,3.18988380041011,136,209,23,40,62065,260.0,188,209,96.4989733961802,19468,209,275.33,209.909504310786,209,136,50.5584003113902,11.13552872566,62.4339304591297,26.4221022256506,-3.03705608411188,-1.27978362519482,209,0.650717703349282,632.660287081339,1.88888888888888,37.6476821192053,264.578910724192,136.846233659047,1.7,76.6119047619048,79,162,209,36.8446215139442,76.6119047619048,78.8828287497111,78.91308819748,209.0,456.360294117647,249.128480908947,334.937799043062,188.04254837669,43569,168.59418732566,70.7874884841693,148,134,4142.921379006,3.61244019138756,24283.4595238095,76.8619047619048,2670.614797882,28351.1196172248,78,59,25,36.8446215139442,137.003663003663,68.5,0
Roberta M. Melvin,269,40279,76,529.986842105263,1.10915599614484,100,192,19,28,30441,175.0,137,152,86.0381089258393,10620,265,150.31,147.482202316076,78,100,39.6197063883163,13.4164078649987,50.9967973385635,24.8268328409344,-17.7784949973931,-1.91417089273753,269,0.37174721189591,197.021130894149,1.31578947368421,32.8850855745721,200.6962879577,105.67463917648,0.909090909090909,64.5928571428572,63,105,269,30.1204819277108,64.5928571428572,62.8516002007489,62.9045656545594,269.0,304.41,174.473493688869,149.736059479553,132.287565553229,20441,138.56406460551,54.8821299948451,102,94,933.795580249494,3.04089219330855,15111.2666666666,121.57619047619,469.612753395466,13448.0263157894,62,26,10,30.1204819277108,101.004975124378,50.5,0
Roger Busi,2,2,19,0.105263157894736,0.666666666666666,1,1,1,0,2,2.0,2,1,2.0,2,1,0.02,1.41421356237309,1,1,1.18920711500272,1.0,50.0,50.0,0.0,0.0,0,0.5,0.0526315789473684,0.0526315789473684,0.5,1.41421356237309,1.41421356237309,0.0384615384615384,0.333333333333333,1,1,2,0.333333333333333,0.333333333333333,1.0,1.0,2.0,2.0,1.41421356237309,1.0,1.41421356237309,1,1.0,0.577350269189625,0,0,0.285714285714285,2.0,0.666666666666666,1.33333333333333,0.5,1.0,0,1,0,0.333333333333333,2.66666666666666,1.0,0
Roland Schirdewan,1,0,0,0.0,0.0,0,0,0,0,0,0.0,1,1,0.0,0,0,0.0,0.0,0,1,0.0,1.0,0.0,0.0,0.0,0.0,0,0.0,0.0,0.0,0.0,0.0,0.0,0.0,0.0,1,0,1,0.0,1.0,0.0,0.0,1.0,0.0,0.0,0.0,0.0,0,0.0,0.0,0,0,0.0,1.0,0.0,1.0,0.0,0.0,0,0,0,0.0,1.0,1.0,0
Rolf Dieter Grigorieff,61,868,53,16.377358490566,0.459016393442622,16,29,5,4,745,31.5,21,23,14.4388837754291,279,30,5.41,22.5610283453569,3,17,9.9859479218529,3.0,56.3364055299539,29.4930875576036,-68.7788018433179,-1.26489028213166,20,0.262295081967213,4.29570058768945,0.30188679245283,11.6190476190476,29.4618397253124,25.209125331911,0.280701754385964,14.3333333333333,16,30,61,11.6363636363636,14.3333333333333,15.690934065934,15.7407834101382,61.0,46.5625,27.2946881279123,14.2295081967213,22.4499443206436,489,21.540659228538,13.644845846759,27,16,28.9066004696912,1.37704918032786,788.333333333333,50.5,86.1868585898973,340.173913043478,15,6,2,11.6363636363636,17.030303030303,9.0,0
Romain Peyrichou,1,8,0,8.0,8.0,1,1,1,0,8,8.0,1,1,2.0,8,1,0.08,2.82842712474619,1,1,1.68179283050742,1.0,87.5,12.5,0.0,0.0,0,1.0,8.0,1.0,0.2,2.82842712474619,2.82842712474619,0.0454545454545454,0.2,1,2,1,0.2,0.2,1.875,1.875,1.0,8.0,2.82842712474619,8.0,2.82842712474619,7,1.0,0.447213595499957,1,1,0.363636363636363,5.0,1.6,0.2,1.0,7.0,1,1,0,0.2,-0.666666666666666,-1.28571428571428,0
Rona S. Scott,24,667,23,29.0,2.22333333333333,11,24,6,4,631,43.0,15,17,10.1324924350874,336,17,4.3,21.7485631709315,10,11,8.81227490158907,1.73205080756887,76.4617691154422,18.1409295352323,-15.8920539730134,-1.06280991735537,12,0.458333333333333,13.2916666666666,0.478260869565217,2.66666666666666,25.8263431402899,24.3618554301596,0.407407407407407,3.55833333333333,8,19,24,2.42,3.55833333333333,7.91058394160583,7.92653673163418,24.0,57.3636363636363,25.1197133741609,27.7916666666666,21.7485631709315,510,16.2480768092719,5.15945733580577,12,7,55.2743926165517,4.125,157.325,6.425,487.126157407407,330.0,7,7,4,2.42,12.1304347826086,3.5,0
Ruben Coen Cagli,79,946,118,8.01694915254237,0.299367088607594,15,30,6,5,816,27.0,20,23,13.9076342243031,345,30,6.53,24.3926218353009,3,15,10.126496772356,1.73205080756887,62.4735729386892,23.784355179704,-87.6321353065539,-1.23857142857142,18,0.189873417721519,1.52220553529285,0.127118644067796,5.33783783783783,30.7571129984593,22.0567450001127,0.126050420168067,6.43333333333333,10,18,79,4.41176470588235,6.43333333333333,9.88070692194403,9.91437632135306,79.0,54.4,28.5657137141714,11.9746835443037,20.1246117974981,591,21.2132034355964,8.1348921681996,16,10,165.759389910506,2.81012658227848,304.466666666666,36.6666666666666,75.1641674780915,385.434782608695,9,12,7,4.41176470588235,16.1935483870967,3.0,0
Ryan Williams,49,875,97,9.02061855670103,0.714285714285714,12,29,6,5,784,47.5,17,21,11.9885557090541,328,22,6.39,24.4335834457412,6,13,9.55217135580908,2.82842712474619,73.1428571428571,16.4571428571428,-40.3428571428571,-1.17163120567375,16,0.244897959183673,2.20913107511045,0.123711340206185,5.70873786407767,29.580398915498,16.8819430161341,0.118811881188118,8.66666666666666,12,32,49,4.64516129032258,8.66666666666666,11.8416230366492,11.8617142857142,49.0,65.3333333333333,28.0,17.8571428571428,23.8746727726266,640,18.6547581061776,7.46605220205906,19,11,36.7406861551946,2.10204081632653,396.066666666666,33.5666666666666,153.846153846153,365.714285714285,11,6,3,4.64516129032258,13.32,2.33333333333333,0
S H Tan,789,892293,59,15123.6101694915,2.8630793666073,602,789,49,137,794419,890.0,784,789,378.337412133251,382590,787,1828.14,749.102129218706,789,602,143.144628250782,26.4952825989835,48.4837379649958,40.6149101248132,-1.71479547637379,-1.2765862389919,789,0.762991128010139,11539.1803828059,10.2033898305084,126.424807026883,944.612619013738,203.762137998155,8.47887323943662,205.761507936506,258,444,789,128.012716354645,205.761507936506,257.87721522517,257.92597835016,789.0,1319.63289036544,891.301856836391,1130.91634980988,731.96994473817,432015,689.186476942198,277.603413605626,440,588,50857.3545185456,4.76172370088719,248131.827380952,207.580555555554,9243.17632352789,329623.6121673,257,232,96,128.012716354645,603.000829875518,301.5,0
S. Brus,9,463,12,38.5833333333333,10.2888888888888,9,9,5,4,463,40.0,9,9,7.62093592681828,216,9,2.82,18.3303027798233,9,9,7.76119980187316,2.0,82.5053995680345,17.4946004319654,0.0,0.0,9,1.0,38.5833333333333,0.75,1.8,21.51743479135,19.4850369942339,0.642857142857142,1.84999999999999,7,10,9,1.8,1.84999999999999,6.91176470588235,6.92224622030237,9.0,51.4444444444444,21.51743479135,51.4444444444444,18.9736659610102,382,9.0,4.02492235949962,9,5,62.5700549450549,5.0,89.55,1.84999999999999,0.111111111111111,382.0,6,8,4,1.8,9.47368421052631,-1.22222222222222,0
S. Engelund,48,745,34,21.9117647058823,0.633503401360544,11,27,6,4,658,36.0,15,19,11.336545542663,416,24,5.43,22.5166604983954,5,11,8.91523055118457,2.0,72.0805369127516,16.241610738255,-42.5503355704698,-1.20379965457685,11,0.229166666666666,5.02144607843137,0.323529411764705,4.224,27.2946881279123,21.8479594775652,0.2,6.83333333333333,10,23,48,4.48148148148148,6.83333333333333,9.8704,9.89127516778523,48.0,59.8181818181818,25.6515106767613,15.5208333333333,19.8997487421324,537,17.233687939614,7.02113212354647,17,10,29.1821188230671,2.60416666666666,325.583333333333,21.8333333333333,117.387452107279,310.894736842105,9,5,4,4.48148148148148,12.2173913043478,2.33333333333333,0
S. Gorgin,68,515,46,11.195652173913,0.219522591645353,11,20,5,3,344,30.5,15,17,12.8229495172107,185,30,3.18,16.1864140562386,1,13,7.68939292999954,2.23606797749979,45.4368932038834,23.4951456310679,-90.6796116504854,-2.16990291262135,15,0.161764705882352,1.81106138107416,0.239130434782608,3.7029702970297,22.6936114358204,12.7475487839819,0.183333333333333,6.48333333333333,9,12,68,3.90322580645161,6.48333333333333,8.79874213836478,8.8757281553398,68.0,31.2727272727272,18.5472369909914,7.5735294117647,18.3166590840142,223,14.8323969741913,6.55251736899397,12,8,30.8041909930068,2.97058823529411,202.733333333333,30.5166666666666,16.8037683823529,144.294117647058,8,6,2,3.90322580645161,12.0,12.0,0
S. J. McNab,82,5618,22,255.363636363636,1.65089626799882,25,74,10,10,5361,79.5,33,41,19.9010025350595,2571,40,44.38,64.1560597293817,14,25,17.5158668678588,1.73205080756887,84.7454610181559,11.1249555001779,-21.1997152011391,-1.06934518060652,32,0.304878048780487,77.8547671840354,1.13636363636363,6.54952076677316,74.953318805774,50.6665570174252,0.961538461538461,9.17619047619047,18,46,82,6.51041666666666,9.17619047619047,17.9430092683888,17.9485582057671,82.0,214.44,73.2188500319419,68.5121951219512,44.5813862503175,4736,43.0116263352131,12.7577590769957,42,19,284.927964676063,3.8170731707317,1787.82142857142,26.7023809523809,1590.5460470984,2887.80487804878,17,13,8,6.51041666666666,26.0392156862745,8.66666666666666,0
S. K. C. Subas,5,16,2,8.0,1.06666666666666,3,4,1,0,11,5.5,3,3,3.88571428571428,9,4,0.11,2.82842712474619,3,3,2.50849132744842,1.73205080756887,31.25,56.25,-18.75,0.0,0,0.6,4.8,1.5,1.5,4.0,2.16024689946928,0.0612244897959183,2.33333333333333,3,5,5,1.8,2.33333333333333,2.63636363636363,2.75,5.0,3.66666666666666,3.3166247903554,3.2,4.06201920231798,2,3.46410161513775,2.32379000772445,3,2,0.327380952380952,2.0,13.0,3.16666666666666,22.4,2.0,2,0,0,1.79999999999999,4.14285714285714,2.0,0
S. K. Moon,179,3186,56,56.8928571428571,0.197765363128491,31,52,9,9,2263,63.5,43,47,28.4152331775541,1215,71,13.82,41.206795556073,0,32,16.1293183552564,5.19615242270663,41.8392969240426,30.1632140615191,-116.007532956685,-2.09839497557571,70,0.173184357541899,9.85295291300878,0.553571428571428,7.34966887417218,56.4446631666802,24.8579296536671,0.516666666666666,13.9285714285714,16,23,179,7.01459854014598,13.9285714285714,15.8512888301387,15.9293785310734,179.0,73.0,47.5709995690651,17.7988826815642,44.367781102958,1302,40.1497197997694,14.7462725712135,21,24,130.034940280945,4.21787709497206,837.384523809524,50.8130952380952,45.7742565824085,858.765957446808,15,11,4,7.01459854014598,32.0,32.0,0
S. Ruiz-Correa,39,559,19,29.4210526315789,0.716666666666666,13,23,5,4,466,25.5,17,19,12.149133111702,216,23,3.52,18.7616630392937,4,14,8.6079328344225,2.0,55.4561717352415,30.2325581395348,-46.1538461538461,-1.26213592233009,15,0.333333333333333,9.80701754385964,0.684210526315789,3.44897959183673,23.6431808350737,17.2433562085034,0.565217391304347,4.63333333333333,7,11,39,3.01785714285714,4.63333333333333,6.89772727272727,6.93559928443649,39.0,35.8461538461538,21.5870331449229,14.3333333333333,18.2071414560331,297,17.2916164657905,6.2635567257863,10,6,33.3234214158211,3.76923076923076,145.816666666666,12.1,85.8208333333333,203.210526315789,6,5,3,3.01785714285714,14.0,14.0,0
Sabrine Saad,14,19,94,0.202127659574468,0.18095238095238,3,3,1,0,8,4.0,3,3,4.5095349095349,12,7,0.11,2.82842712474619,0,4,2.387502794268,2.0,10.5263157894736,47.3684210526315,-131.578947368421,-0.833333333333333,0,0.214285714285714,0.0433130699088145,0.0319148936170212,1.61538461538461,4.35889894354067,3.3166247903554,0.024793388429752,2.45,3,3,14,0.9,2.45,2.5,2.78947368421052,14.0,2.66666666666666,2.82842712474619,1.35714285714285,3.46410161513775,-1,3.0,1.64316767251549,2,1,0.527392411041541,1.85714285714285,13.0166666666666,10.6166666666666,1.86607142857142,-1.0,2,0,0,0.899999999999999,4.0,4.0,0
Sankaran N. Nair,16,692,16,43.25,5.08823529411764,10,16,6,5,669,48.5,13,16,9.18612128735439,287,14,4.75,23.0,13,10,8.67441335900862,2.64575131106459,82.2254335260115,14.4508670520231,-4.91329479768786,-1.03522205206738,10,0.625,27.03125,0.625,2.62295081967213,26.3058928759318,19.5703857907809,0.32258064516129,3.53333333333333,8,17,16,2.5,3.53333333333333,7.92006525285481,7.92919075144508,16.0,66.9,25.8650343127551,43.25,22.0227155455452,569,12.6491106406735,5.0,13,7,34.0412892991542,3.8125,184.016666666666,4.4,1258.01086956521,355.625,7,6,4,2.5,11.2380952380952,2.16666666666666,0
Saqib Ali,62,516,18,28.6666666666666,0.264208909370199,14,22,5,4,431,32.0,18,19,12.4039602571445,270,21,2.96,18.8944436276911,0,15,8.78939880980076,3.0,48.2558139534883,37.984496124031,-116.472868217054,-1.1701030927835,16,0.225806451612903,6.47311827956989,0.777777777777777,4.07511737089201,22.715633383201,14.502873278538,0.341463414634146,4.55,8,9,62,3.16129032258064,4.55,7.83445945945946,7.90503875968992,62.0,30.7857142857142,20.7605394920266,8.32258064516129,21.1660104885167,235,17.5499287747842,6.65267348636088,8,6,19.1262923224632,3.43548387096774,118.05,22.1333333333333,52.1626533393911,173.157894736842,7,5,1,3.16129032258064,15.0,15.0,0
Sara Nazari,1,2,0,2.0,2.0,1,1,1,0,2,2.0,1,1,2.0,2,1,0.02,1.41421356237309,1,1,1.18920711500272,1.0,50.0,50.0,0.0,0.0,0,1.0,2.0,1.0,0.5,1.41421356237309,1.41421356237309,0.0769230769230769,0.5,1,2,1,0.5,0.5,1.5,1.5,1.0,2.0,1.41421356237309,2.0,1.41421356237309,1,1.0,0.707106781186547,1,1,0.153846153846153,2.0,1.0,0.5,1.0,1.0,1,0,0,0.5,1.33333333333333,-3.0,0
Scott Edward Parker,1,7,0,7.0,7.0,1,1,1,0,7,7.0,1,1,2.0,7,1,0.07,2.64575131106459,1,1,1.62657656169778,1.0,85.7142857142857,14.2857142857142,0.0,0.0,0,1.0,7.0,1.0,1.0,2.64575131106459,2.64575131106459,0.0294117647058823,1.0,1,2,1,1.0,1.0,1.85714285714285,1.85714285714285,1.0,7.0,2.64575131106459,7.0,2.64575131106459,6,1.0,1.0,1,1,0.205882352941176,1.0,7.0,1.0,1.0,6.0,1,0,0,1.0,-0.333333333333333,-1.33333333333333,0
Scott L. Summers,2,36,0,36.0,12.0,1,2,1,1,36,36.0,2,2,2.0,36,1,0.36,6.0,1,1,2.44948974278317,1.0,97.2222222222222,2.77777777777777,0.0,0.0,1,0.5,18.0,1.0,0.5,6.0,6.0,0.0232558139534883,0.5,2,3,2,0.5,0.5,1.97222222222222,1.97222222222222,2.0,36.0,6.0,18.0,6.0,35,1.41421356237309,0.707106781186547,2,1,0.837209302325581,2.0,18.0,1.0,0.5,17.5,1,1,0,0.5,14.0,1.0,0
Scott deLahunta,79,840,15,56.0,0.265822784810126,15,26,6,4,579,35.0,21,23,15.8603184612298,325,40,4.0,20.7605394920266,0,15,9.55431860672979,3.60555127546398,42.1428571428571,26.7857142857142,-83.0952380952381,-2.29216867469879,22,0.189873417721519,10.632911392405,1.0,8.06122448979591,28.9827534923788,18.3075576379446,0.535714285714285,10.55,13,20,79,5.76923076923076,10.55,12.719298245614,12.8285714285714,79.0,38.6,24.0624188310319,10.632911392405,22.9128784747792,354,19.7484176581314,9.30260509419063,18,15,46.7057075258987,1.86075949367088,532.333333333333,58.3666666666666,23.5879528590135,230.869565217391,12,7,3,5.76923076923076,16.1935483870967,3.0,0
Seiro Omata,6,10,6,1.66666666666666,0.476190476190476,1,3,1,1,10,10.0,6,2,2.0,10,1,0.1,3.16227766016837,1,1,1.77827941003892,1.0,90.0,10.0,-40.0,0.0,1,0.166666666666666,0.277777777777777,0.166666666666666,0.461538461538461,3.16227766016837,3.16227766016837,0.0294117647058823,0.5,2,4,6,0.5,0.5,1.9,1.9,6.0,10.0,3.16227766016837,1.66666666666666,3.16227766016837,9,1.73205080756887,0.707106781186547,2,1,0.294117647058823,2.16666666666666,5.0,3.16666666666666,0.166666666666666,4.5,1,1,0,0.5,5.33333333333333,1.0,0
Selma Mouline,2,0,1,0.0,0.0,0,0,0,0,0,0.0,2,1,0.0,0,0,0.0,0.0,0,2,0.0,1.0,0.0,0.0,0.0,0.0,0,0.0,0.0,0.0,0.0,0.0,0.0,0.0,0.0,1,1,2,0.0,1.0,0.0,0.0,1.0,0.0,0.0,0.0,0.0,0,0.0,0.0,0,0,0.0,2.0,0.0,1.0,0.0,0.0,0,0,0,0.0,1.0,1.0,0
Seokhee Lee,79,3619,24,150.791666666666,1.14525316455696,18,60,12,13,3607,177.0,20,28,12.9386888296136,1911,20,24.16,54.1756402823261,16,18,15.5719708156289,3.60555127546398,90.7156673114119,8.95274937828129,-29.6214423873998,-0.983606557377049,18,0.227848101265822,34.3575949367088,0.75,4.95470383275261,60.1581249707801,36.9449397269581,0.620689655172413,6.16666666666666,17,30,79,5.89090909090909,6.16666666666666,16.9277652370203,16.9292622271345,79.0,200.388888888888,60.0583050043871,45.8101265822784,56.4446631666803,3283,32.8633534503099,10.2973959638523,35,16,531.954112554112,3.63291139240506,1295.83333333333,23.4261904761904,13769.7605485232,2110.5,16,17,14,5.89090909090909,19.4594594594594,1.22222222222222,0
Sergei Startchik,10,54,28,1.92857142857142,0.981818181818181,3,7,2,1,41,16.0,5,6,5.12181152181152,32,8,0.41,5.74456264653802,3,6,3.30931001122044,1.41421356237309,59.2592592592592,16.6666666666666,-14.8148148148148,-1.41935483870967,2,0.3,0.578571428571428,0.107142857142857,1.15384615384615,7.34846922834953,6.40312423743284,0.1,2.78333333333333,4,4,10,0.75,2.78333333333333,3.78048780487804,3.83333333333333,10.0,13.6666666666666,6.40312423743284,5.4,6.9282032302755,32,4.58257569495584,1.5,3,2,5.08945868945868,2.6,22.2333333333333,6.23333333333333,17.0307692307692,16.0,3,2,1,0.75,4.71428571428571,1.5,0
Seung Ki Min,496,13673,29,471.482758620689,0.110931719348348,52,113,13,14,10826,98.5,72,81,46.839205993448,3009,131,85.52,86.4349466361841,5,52,25.3729724071918,7.14142842854285,59.4017406567688,19.7762012725809,-148.021648504351,-1.64117573794993,146,0.104838709677419,49.4296440489432,1.79310344827586,12.4418716835504,116.931603940081,61.583019201467,1.57575757575757,24.5047619047619,24,53,496,11.3613445378151,24.5047619047619,23.9389004389004,23.9613106121553,496.0,208.192307692307,104.048065815756,27.5665322580645,71.5681493403315,8122,76.6550715869472,24.3061703270257,49,35,1690.84262349618,4.17943548387096,3210.90952380952,146.698809523809,104.824474262664,5214.12345679012,23,35,15,11.3613445378151,53.0380952380952,11.0,0
Seunghwan Yun,120,2864,36,79.5555555555555,0.394490358126721,23,53,8,7,2436,40.0,32,37,21.5384830642572,948,51,20.01,42.3674403286297,6,23,14.3745462422844,2.0,66.5851955307262,18.4706703910614,-62.9189944134078,-1.35172413793103,44,0.191666666666666,15.2481481481481,0.638888888888888,7.13178294573643,53.5163526410386,37.9512845632397,0.575,12.6761904761904,14,28,120,6.96052631578947,12.6761904761904,13.920731707317,13.9409916201117,120.0,105.91304347826,49.3558507170122,23.8666666666666,30.3315017762062,1907,34.9141805001921,12.6527508970641,26,14,171.346516498631,3.225,841.935714285714,44.3928571428571,135.839252336448,1185.43243243243,13,9,5,6.96052631578947,24.0425531914893,8.33333333333333,0
Shadi Ebrahimi Mehrabani,79,1237,34,36.3823529411764,0.391455696202531,18,34,7,6,1045,41.5,24,27,16.2960939371679,432,37,7.41,27.2213151776324,4,18,11.3929137953826,3.46410161513775,58.2861762328213,26.1924009700889,-73.1608730800323,-1.33103448275862,24,0.227848101265822,8.28965003723008,0.529411764705882,6.29203539823008,35.1710107901379,24.9198715887542,0.333333333333333,7.61666666666666,12,18,79,5.14285714285714,7.61666666666666,11.8594657375145,11.9021827000808,79.0,58.0555555555555,32.3264597504892,15.6582278481012,27.3313007374328,721,24.7386337537059,9.62140470884727,17,14,51.6134641047715,2.86075949367088,373.2,33.8499999999999,85.2231671940928,480.666666666666,11,8,4,5.14285714285714,19.054054054054,6.66666666666666,0
Shanshan Xu,4,0,39,0.0,0.0,0,0,0,0,0,0.0,4,1,0.0,0,0,0.0,0.0,0,4,0.0,1.0,0.0,0.0,0.0,0.0,0,0.0,0.0,0.0,0.0,0.0,0.0,0.0,0.0,1,0,4,0.0,1.86666666666666,0.0,0.0,1.86666666666666,0.0,0.0,0.0,0.0,0,0.0,0.0,0,0,0.0,3.0,0.0,1.86666666666666,0.0,0.0,0,0,0,0.0,1.0,1.0,0
Sharat Chandran,109,1033,34,30.3823529411764,0.17231025854879,18,26,5,4,555,28.0,23,25,19.6609362591923,390,50,4.01,20.6639783197718,0,20,9.98199705290571,5.09901951359278,24.1045498547918,31.3649564375605,-114.036786060019,-7.05343511450381,35,0.165137614678899,5.01726929303831,0.529411764705882,5.83928571428571,32.1403173599763,17.5499287747842,0.473684210526315,11.0,10,14,109,4.83582089552238,11.0,9.784,9.9215876089061,109.0,30.8333333333333,23.5584379787794,9.47706422018348,22.4499443206436,231,21.6333076527839,9.32977899627868,10,12,75.1949933752329,3.08256880733944,332.416666666666,40.9333333333333,11.805125648185,166.32,9,8,3,4.83582089552238,19.0,19.0,0
Shawn Brown,333,12186,37,329.351351351351,0.219129308949668,50,105,12,14,9224,96.0,71,79,46.8564846158607,3022,130,67.38,81.2649986156401,3,52,24.1096656648662,1.0,55.1780731987526,20.5153454784178,-91.8102740850155,-1.87785171102661,151,0.15015015015015,49.4521548575602,1.35135135135135,12.9471228615863,110.390216957844,54.4980121961648,1.31578947368421,23.9999999999999,24,52,333,10.4166666666666,23.9999999999999,23.9274348422496,23.9565895289676,333.0,184.48,96.0416576283437,36.5945945945946,69.2820323027551,6724,72.4568837309472,22.8217732293819,43,24,1937.9677176123,3.86186186186186,2854.68333333333,112.9,113.959669324963,4255.69620253164,23,35,19,10.4166666666666,51.019801980198,17.6666666666666,0
Sheu-sheu Tan,7,68,8,8.5,2.42857142857142,4,7,3,2,68,15.5,7,5,4.51428571428571,42,4,0.53,7.28010988928051,4,4,3.95446274253739,1.41421356237309,76.4705882352941,23.5294117647058,-11.7647058823529,0.0,3,0.571428571428571,4.85714285714285,0.5,1.47368421052631,8.24621125123532,7.24568837309471,0.181818181818181,1.33333333333333,4,5,7,1.33333333333333,1.33333333333333,3.85714285714285,3.86764705882352,7.0,17.0,8.24621125123532,9.71428571428571,7.87400787401181,52,5.29150262212918,2.3094010767585,4,3,3.47330447330447,2.71428571428571,22.6666666666666,3.0,0.142857142857142,41.6,3,2,1,1.33333333333333,5.55555555555555,1.0,0
Shigeo Kamiya,11,153,14,10.9285714285714,2.31818181818181,7,11,3,2,149,15.0,11,9,6.6993672993673,78,8,0.97,9.8488578017961,8,7,5.59470888292958,1.73205080756887,65.359477124183,32.0261437908496,-13.7254901960784,0.0,7,0.636363636363636,6.95454545454545,0.5,2.48387096774193,12.3693168768529,11.3137084989847,0.155555555555555,4.15,6,11,11,2.57894736842105,4.15,5.80314960629921,5.83660130718954,11.0,21.2857142857142,12.2065556157337,13.9090909090909,10.2469507659595,100,8.77496438739212,4.24883885066818,10,5,4.08771611029675,2.81818181818181,106.35,6.56666666666666,518.113636363636,77.7777777777777,5,2,1,2.57894736842105,8.4,1.57142857142857,0
Shigeru Tajima,619,166322,39,4264.66666666666,0.866756996195737,214,369,26,48,108771,297.0,280,305,193.067375371894,60885,619,466.05,270.837589710143,159,214,66.3749123315158,22.2485954612869,37.9919673885595,27.5345414316807,-17.635670566732,-3.19513700082913,619,0.345718901453958,1474.37587506731,5.48717948717948,45.7252329996548,407.825943265016,139.280773186317,3.96296296296296,125.971428571428,90,229,619,46.7306122448979,125.971428571428,89.8966871005608,89.9523755125599,619.0,508.275700934579,329.804487537692,268.694668820678,252.107120089853,62975,281.008896656315,100.001755086639,186,207,7499.17902127888,4.68012924071082,51029.4809523809,161.469047619047,510.729345473632,44185.737704918,89,69,31,46.7306122448979,215.002331002331,107.5,0
Shin'Ichi Fukuzumi,19,185,22,8.4090909090909,0.973684210526315,7,13,3,2,168,15.0,8,10,7.29303843492911,102,12,1.37,10.295630140987,2,7,5.6592284211034,1.41421356237309,64.3243243243243,26.4864864864864,-34.054054054054,-1.07792207792207,6,0.368421052631578,3.09808612440191,0.318181818181818,2.18032786885245,13.6014705087354,12.0830459735945,0.2,2.75,5,8,19,1.81481481481481,2.75,4.88321167883211,4.91351351351351,19.0,24.0,12.9614813968157,9.73684210526315,10.2469507659595,119,9.53939201416945,3.5642255405212,7,5,8.71258403905462,3.21052631578947,64.8333333333333,7.58333333333333,96.2229102167182,83.3,4,3,1,1.81481481481481,8.33333333333333,1.5,0
Shiping Tang,79,926,27,34.2962962962963,0.293037974683544,11,28,6,5,713,46.0,16,20,13.3312332081164,356,36,6.68,24.0624188310319,4,12,8.97599122913554,2.0,63.9308855291576,13.0669546436285,-57.7753779697624,-1.65753424657534,13,0.139240506329113,4.77543366150961,0.407407407407407,7.36440677966101,30.4302481094058,25.6904651573302,0.354838709677419,9.66666666666666,11,28,79,6.36842105263157,9.66666666666666,10.8571428571428,10.8920086393088,79.0,64.8181818181818,26.7020598456373,11.7215189873417,22.4944437584039,592,17.5499287747842,8.3697450127795,27,10,47.9388504532016,1.49367088607594,814.416666666666,63.5833333333333,39.236821774529,325.6,10,6,3,6.36842105263157,12.0869565217391,4.66666666666666,0
Shiwen Chen,86,1500,146,10.2739726027397,0.400962309542902,21,38,7,7,1316,55.0,29,31,17.5323831416182,720,33,8.28,32.2800247831379,4,21,12.6852153359082,3.87298334620741,58.3333333333333,29.4,-78.4666666666666,-1.23063533507397,29,0.244186046511627,2.50876075183179,0.143835616438356,5.17478510028653,38.7298334620741,23.5849528301415,0.14,8.28095238095238,12,19,86,4.3235294117647,8.28095238095238,11.8712765957446,11.9193333333333,86.0,62.6666666666666,36.2767142944341,17.4418604651162,33.9852909359328,875,28.248893783651,9.52859473621681,17,15,127.624578676111,4.05813953488372,383.147619047619,26.4666666666666,124.747219413549,592.741935483871,11,12,6,4.3235294117647,22.1162790697674,3.83333333333333,0
Shixi Fan,8,20,1,20.0,0.555555555555555,3,3,2,0,12,4.0,3,3,4.7095349095349,12,7,0.08,3.46410161513775,0,4,2.44948974278317,1.73205080756887,15.0,45.0,-35.0,-1.71428571428571,0,0.375,7.5,3.0,0.75,4.47213595499958,2.82842712474619,0.1875,1.48333333333333,2,1,8,0.692307692307692,1.48333333333333,1.75,1.95,8.0,4.0,3.46410161513775,2.5,3.46410161513775,3,3.0,1.44115338424578,1,1,1.30833333333333,4.0,5.03333333333333,2.06666666666666,3.75,3.0,1,1,0,0.692307692307692,4.14285714285714,2.5,0
Shu-lin Li,30,305,15,20.3333333333333,0.655913978494623,8,17,4,3,246,21.0,10,12,8.97031228309528,120,20,2.23,13.6014705087354,3,9,6.44445398054389,1.73205080756887,62.2950819672131,20.983606557377,-40.983606557377,-1.30331753554502,6,0.266666666666666,5.42222222222222,0.533333333333333,2.72727272727272,17.4642491965729,7.96868872525461,0.25,3.75952380952381,6,9,30,2.06451612903225,3.75952380952381,5.88789237668161,5.91803278688524,30.0,30.75,15.6843871413581,10.1666666666666,12.9614813968157,182,11.6619037896906,4.06400406400609,8,6,16.9187728777108,2.93333333333333,97.6857142857142,13.5095238095238,50.6339869281045,121.333333333333,5,4,2,2.06451612903225,9.0,9.0,0
Shuo Hung Jian,47,354,22,16.090909090909,0.313829787234042,8,18,4,3,292,26.0,11,13,9.5610201259864,156,20,2.73,15.5884572681198,2,9,6.66007816459631,1.41421356237309,64.4067796610169,18.0790960451977,-70.6214689265536,-1.28991596638655,7,0.170212765957446,2.73887814313346,0.363636363636363,2.47368421052631,18.8148877222267,13.5092560861062,0.307692307692307,4.55,5,10,47,2.0,4.55,4.93415637860082,4.954802259887,47.0,36.5,17.088007490635,7.53191489361702,14.4222051018559,228,12.0,4.0,8,4,27.7754346960229,3.23404255319148,96.7666666666667,20.25,35.4728894989704,140.307692307692,4,5,2,2.0,9.05882352941176,5.0,0
Shuo-Wen Tseng,1,0,0,0.0,0.0,0,0,0,0,0,0.0,1,1,0.0,0,0,0.0,0.0,0,1,0.0,1.0,0.0,0.0,0.0,0.0,0,0.0,0.0,0.0,0.0,0.0,0.0,0.0,0.0,1,0,1,0.0,0.25,0.0,0.0,0.25,0.0,0.0,0.0,0.0,0,0.0,0.0,0,0,0.0,4.0,0.0,0.25,0.0,0.0,0,0,0,0.0,1.0,1.0,0
Siddharth Barman,11,109,7,15.5714285714285,1.65151515151515,5,10,3,2,101,12.0,6,7,5.82392509451333,62,9,0.85,8.54400374531753,4,5,4.59612598601552,1.41421356237309,69.7247706422018,22.9357798165137,-19.2660550458715,-1.01030927835051,4,0.454545454545454,7.07792207792207,0.714285714285714,1.96428571428571,10.4403065089105,8.26639784509149,0.263157894736842,2.16666666666666,5,7,11,1.66666666666666,2.16666666666666,4.83157894736842,4.85321100917431,11.0,20.2,10.0498756211208,9.9090909090909,7.74596669241483,76,7.07106781186547,2.88675134594812,5,4,8.61435319066897,2.54545454545454,33.4166666666666,5.0,125.102272727272,54.2857142857142,4,3,2,1.66666666666666,6.18181818181818,2.33333333333333,0
Simone C. dos Santos,99,25851,22,1175.04545454545,5.22242424242424,94,99,18,25,25397,185.5,99,99,54.2338533313829,9292,99,88.98,136.301137192614,99,94,37.8514418159156,9.59166304662543,64.0632857529689,34.1804959189199,-0.0580248346292213,-1.0285988177025,99,0.949494949494949,1115.6997245179,4.27272727272727,22.7530562347188,160.782461730127,66.3451773613392,3.24137931034482,25.8511904761904,46,84,99,22.7731958762886,25.8511904761904,45.8932074675667,45.9216664732505,99.0,270.180851063829,159.36436239009,261.121212121212,132.049233242756,16561,96.4676111448811,46.2674876384177,79,61,2169.53660083576,4.13131313131313,6814.95952380952,25.8511904761904,14607.2586437057,15724.5858585858,45,51,24,22.7731958762886,95.010582010582,32.0,0
Simone Turrin,22,76,17,4.47058823529411,0.300395256916996,5,8,3,1,56,12.0,6,7,6.41409574169109,36,11,0.49,6.40312423743284,0,5,4.06741088733515,1.73205080756887,40.7894736842105,32.8947368421052,-84.2105263157894,-1.35,3,0.227272727272727,1.01604278074866,0.294117647058823,1.57142857142857,8.71779788708134,4.83045891539648,0.277777777777777,2.28333333333333,4,4,22,1.47058823529411,2.28333333333333,3.78048780487804,3.88157894736842,22.0,11.2,7.48331477354788,3.45454545454545,7.74596669241483,31,6.32455532033675,2.7116307227332,3,3,11.0439976689976,3.18181818181818,22.9499999999999,8.43333333333333,9.67272727272727,22.1428571428571,3,3,1,1.47058823529411,6.27272727272727,2.0,0
Sk. Md. Mizanur Rahman,10,95,17,5.58823529411764,1.72727272727272,5,9,4,1,93,17.0,10,7,5.36277056277056,68,6,0.69,8.30662386291807,5,5,4.58207640184868,2.0,71.578947368421,26.3157894736842,-21.0526315789473,0.0,4,0.5,2.79411764705882,0.294117647058823,1.5625,9.74679434480896,7.59385716659634,0.238095238095238,2.25,6,7,10,1.78571428571428,2.25,5.73118279569892,5.73684210526315,10.0,18.6,9.64365076099295,9.5,9.21954445729288,68,6.70820393249936,2.98807152333598,5,5,5.68259803921568,3.2,33.5833333333333,3.78333333333333,441.749999999999,48.5714285714285,5,4,1,1.78571428571428,6.45454545454545,1.33333333333333,0
Sonia Guehis,13,27,17,1.58823529411764,0.296703296703296,3,5,2,0,19,7.0,4,4,4.74372294372294,15,6,0.19,3.74165738677394,0,5,2.74364184973712,1.73205080756887,37.037037037037,33.3333333333333,-81.4814814814814,-1.0,0,0.23076923076923,0.366515837104072,0.176470588235294,1.11428571428571,5.19615242270663,4.35889894354067,0.166666666666666,1.99999999999999,3,2,13,1.0,1.99999999999999,2.71428571428571,2.85185185185185,13.0,6.33333333333333,4.35889894354067,2.07692307692307,4.58257569495584,10,3.87298334620741,1.73205080756887,2,2,4.80912698412698,2.69230769230769,9.0,5.66666666666666,4.9326923076923,7.5,2,2,1,1.0,4.28571428571428,2.0,0
Soohan Kim,3,0,13,0.0,0.0,0,0,0,0,0,0.0,3,1,0.0,0,0,0.0,0.0,0,3,0.0,1.0,0.0,0.0,0.0,0.0,0,0.0,0.0,0.0,0.0,0.0,0.0,0.0,0.0,1,0,3,0.0,1.45,0.0,0.0,1.45,0.0,0.0,0.0,0.0,0,0.0,0.0,0,0,0.0,3.33333333333333,0.0,1.45,0.0,0.0,0,0,0,0.0,1.0,1.0,0
Spencer,239,300041,134,2239.1119402985,10.461680613668,234,239,41,99,299478,905.0,239,239,123.757603085055,132508,239,682.77,461.461807737108,239,234,89.1726566827181,14.5258390463339,81.5628530767461,18.2495059008602,-0.197306368129688,-1.00223311291929,239,0.979079497907949,2192.26859426715,1.74626865671641,62.838202247191,547.75998393457,239.055245878616,1.51948051948051,86.4976190476191,177,240,239,62.9379310344827,86.4976190476191,176.881992144492,176.896760776027,239.0,1279.82051282051,547.245831413999,1255.40167364016,460.184745509887,244722,236.486786100196,121.356812178257,239,231,10845.0811198144,3.72384937238493,120384.202380952,87.0809523809524,667788.956338206,239602.292887029,176,126,52,62.9379310344827,235.680170575692,1.684375,0
Stefka P. Stoeva,3,17,6,2.83333333333333,2.83333333333333,2,3,2,1,16,8.0,2,3,3.2,12,3,0.12,3.46410161513775,3,2,2.33754178896073,1.0,70.5882352941176,23.5294117647058,0.0,0.0,1,0.666666666666666,1.88888888888888,0.333333333333333,1.5,4.12310562561766,4.0,0.0512820512820512,2.0,3,4,3,2.0,2.0,2.75,2.76470588235294,3.0,8.0,4.0,5.66666666666666,4.0,12,2.44948974278317,2.0,3,2,0.499794323323735,1.33333333333333,16.5,2.5,90.6666666666666,8.0,2,1,0,2.0,3.6,1.25,0
Stuart B Greenfield,2,2,1,2.0,0.666666666666666,1,1,1,0,2,2.0,2,1,2.0,2,1,0.02,1.41421356237309,1,1,1.18920711500272,1.0,50.0,50.0,0.0,0.0,0,0.5,1.0,1.0,1.0,1.41421356237309,1.41421356237309,0.0256410256410256,1.0,2,1,2,1.0,1.0,1.5,1.5,2.0,2.0,1.41421356237309,1.0,1.41421356237309,1,1.0,1.0,1,1,0.0512820512820512,1.0,2.0,2.0,0.5,1.0,1,0,0,1.0,2.66666666666666,1.0,0
Su Wang,539,1894765,64,29605.703125,13.0197553768982,529,539,70,263,1891271,2635.0,539,539,273.952805910867,902044,539,3659.06,1166.79732601681,539,530,173.346179102958,22.2261107708928,85.0464305599903,14.7691666248848,-0.094787480241613,-1.00313508509743,539,0.981447124304267,29056.4321950371,8.265625,111.075574600701,1376.5046313035,302.416304028121,6.69620253164557,144.256349206349,411,540,539,111.180373460468,144.256349206349,410.89929934871,410.911281874005,539.0,3575.18147448015,1375.23488902805,3515.33395176252,1180.64177462937,1611430,533.976591247219,242.516839746414,539,526,94617.0830739914,4.76252319109462,542540.269444445,144.256349206349,1902818.87758553,1581533.33951762,410,390,168,111.180373460468,530.230406043437,3.15918367346938,0
Su Zhanghua,404,6020,120,50.1666666666666,0.0735851362914069,34,72,10,11,4464,79.5,48,55,32.5840309961177,1508,90,37.43,57.1489282489181,3,36,18.907306396566,5.3851648071345,54.9501661129568,19.2026578073089,-183.122923588039,-1.90890550645819,87,0.0841584158415841,4.22194719471947,0.283333333333333,10.0409356725146,77.5886589650833,39.5215131289276,0.274193548387096,17.0833333333333,20,35,404,8.08391608391608,17.0833333333333,19.9017152191668,19.9400332225913,404.0,131.294117647058,66.8131723539602,14.9009900990099,51.9903837262238,3308,49.4772675074119,16.5786955715203,32,21,312.825573785471,3.38613861386138,1656.43571428571,158.253571428571,42.7493700526865,2044.94545454545,19,16,8,8.08391608391608,35.0289855072463,12.3333333333333,0
Sugie,449,36037,51,706.607843137254,0.356713684731502,99,152,16,23,18639,156.5,131,139,98.5337968749587,12520,350,73.61,117.21774609674,29,99,36.337205467263,17.6918060129541,24.7995116130643,27.1970474789799,-48.1449621222632,-23.1541964866623,449,0.220489977728285,155.799947595964,1.94117647058823,23.4446202531645,189.834138131159,61.7306649891283,1.45588235294117,54.7488095238096,43,64,449,22.5310344827586,54.7488095238096,42.8473916428756,42.9510503094042,449.0,188.272727272727,136.524723035793,80.2605790645879,124.472888614348,8838,122.670289801565,47.2289361916304,60,97,1540.68083319868,4.22271714922049,9550.34999999999,125.203571428571,86.9369749992629,6294.69064748201,42,33,13,22.5310344827586,100.005025125628,50.0,0
Sumit Gulwani,207,12962,20,648.1,0.602099591230026,61,112,13,17,11181,125.0,82,91,45.9811782613452,4429,113,58.16,89.8832576178678,14,62,27.794816058603,6.557438524302,57.5528467829038,28.7069896620891,-54.9683690788458,-1.34816615579748,116,0.294685990338164,190.985990338164,3.05,21.1507537688442,113.850779531806,41.5503335700234,2.54166666666666,31.8166666666666,38,73,207,20.1135135135135,31.8166666666666,37.8505784763152,37.8943835827804,207.0,183.295081967213,105.740247777277,62.6183574879227,87.3212459828649,7460,82.6559132790873,35.0274795599729,72,59,1070.27736283679,2.88405797101449,5750.56666666666,90.8666666666667,393.113899535353,5000.65934065934,37,36,16,20.1135135135135,62.0162601626016,21.3333333333333,0
Sun Xiaohan,11,65,7,9.28571428571428,0.984848484848484,3,8,2,1,58,6.0,4,5,4.63261183261183,48,6,0.58,6.9282032302755,1,4,3.37308360006962,1.0,75.3846153846153,13.8461538461538,-26.1538461538461,-1.0,1,0.272727272727272,2.53246753246753,0.428571428571428,1.0,8.06225774829855,5.56776436283002,0.0909090909090909,1.75,3,5,11,1.125,1.75,2.92592592592592,2.93846153846153,11.0,19.3333333333333,7.6157731058639,5.9090909090909,4.24264068711928,49,4.89897948556635,1.83711730708738,4,3,2.43822038176876,3.0,23.5,4.5,48.9610389610389,29.4,2,1,1,1.125,4.14285714285714,2.5,0
Suresh G. Chandran,1,0,0,0.0,0.0,0,0,0,0,0,0.0,1,1,0.0,0,0,0.0,0.0,0,1,0.0,1.0,0.0,0.0,0.0,0.0,0,0.0,0.0,0.0,0.0,0.0,0.0,0.0,0.0,1,0,1,0.0,1.0,0.0,0.0,1.0,0.0,0.0,0.0,0.0,0,0.0,0.0,0,0,0.0,1.0,0.0,1.0,0.0,0.0,0,0,0,0.0,1.0,1.0,0
Susan Folkes,2,29,53,0.547169811320754,9.66666666666666,2,2,2,1,29,14.5,2,2,3.0,22,2,0.22,4.69041575982343,2,2,2.70853596448118,1.0,86.2068965517241,13.7931034482758,0.0,0.0,1,1.0,0.547169811320754,0.0377358490566037,1.33333333333333,5.3851648071345,5.3851648071345,0.0235294117647058,1.5,2,3,2,1.33333333333333,1.5,2.86206896551724,2.86206896551724,2.0,14.5,5.3851648071345,14.5,5.3851648071345,25,2.0,1.63299316185545,2,2,0.76985294117647,1.5,18.0,1.5,0.5,25.0,2,1,0,1.33333333333333,1.6,-1.33333333333333,0
Suyun Chen,72,475,28,16.9642857142857,0.180745814307458,13,21,5,3,407,23.0,17,18,11.8811354578425,190,21,3.22,16.6433169770932,0,13,8.36700097024926,3.16227766016837,50.1052631578947,35.578947368421,-146.947368421052,-1.14814814814814,14,0.180555555555555,3.06299603174603,0.464285714285714,2.99041533546325,21.7944947177033,17.6918060129541,0.40625,3.18214285714285,5,8,72,2.03614457831325,3.18214285714285,4.929203539823,4.96631578947368,72.0,31.3076923076923,20.174241001832,6.59722222222222,17.2916164657905,238,16.5227116418583,5.14488867888045,7,4,42.3354422431298,4.34722222222222,82.4011904761904,23.4607142857142,39.4863153594771,171.888888888888,4,7,3,2.03614457831325,14.074074074074,5.0,0
Suzanne Bakken,329,12758,31,411.548387096774,0.235018881827392,63,105,13,15,9274,101.0,84,91,53.5541677080408,4350,144,51.11,79.9562380305626,6,64,26.8942828246567,7.6157731058639,41.5817526258034,31.1098918325756,-104.044521084809,-2.12352639671963,172,0.191489361702127,78.8071379547014,2.03225806451612,17.5355329949238,112.951316946727,45.3897932726437,1.8,31.8166666666666,30,58,329,16.4008264462809,31.8166666666666,29.868449867042,29.9340805768929,329.0,147.206349206349,96.3016095400279,38.7781155015197,79.7684148018499,5305,81.3326502703557,32.1442384591034,49,59,790.205410148995,3.59270516717325,3785.51666666666,111.335714285714,103.222802285044,3672.6923076923,29,27,12,16.4008264462809,64.007874015748,32.5,0
Sylvan H. Chasen,7,24,33,0.727272727272727,0.857142857142857,2,4,1,1,20,20.0,2,3,3.06666666666666,20,3,0.22,4.47213595499958,1,3,2.42618002575502,1.0,75.0,16.6666666666666,-33.3333333333333,0.0,1,0.285714285714285,0.207792207792207,0.0606060606060606,1.27272727272727,4.89897948556635,4.69041575982343,0.0273972602739726,1.83333333333333,3,8,7,1.33333333333333,1.83333333333333,2.81818181818181,2.83333333333333,7.0,10.0,4.47213595499958,3.42857142857142,6.32455532033675,16,2.82842712474619,1.63299316185545,3,2,0.568612958856861,1.57142857142857,12.6666666666666,5.33333333333333,37.7142857142857,10.6666666666666,2,1,0,1.33333333333333,3.0,3.0,0
T. Ackemann,39,1433,9,159.222222222222,1.83717948717948,22,37,7,6,1144,47.0,30,33,19.4498795541773,546,39,5.8,29.6141857899216,39,22,12.4260830457421,5.09901951359278,47.5924633635729,33.7752965806001,-7.39706908583391,-1.51521739130434,38,0.564102564102564,89.8176638176638,2.44444444444444,5.72,37.8549864614954,21.9943174479227,0.709677419354838,10.5333333333333,12,20,39,5.69411764705882,10.5333333333333,11.8550898203592,11.9155617585484,39.0,52.0,33.8230690505755,36.7435897435897,32.155870381627,660,28.5306852353742,11.1924344195217,18,11,56.6395626832189,3.84615384615384,450.7,11.2333333333333,160.460770191107,440.0,11,8,3,5.69411764705882,23.0222222222222,11.5,0
T. K. Tan,129,385617,41,9405.29268292682,45.9889087656529,124,129,50,117,385228,2163.0,129,129,68.6310125186996,166992,129,1083.17,525.680511337447,129,124,80.3363041087068,9.89949493661166,95.9117466294276,3.98737607522489,-0.0596446733416835,-1.00136636862859,129,0.961240310077519,9040.74645490641,3.02439024390243,25.0721003134796,620.980676027845,261.873557123728,2.38461538461538,34.5734126984127,120,130,129,25.0016260162601,34.5734126984127,119.963156361062,119.963277033948,129.0,3106.67741935483,620.667382742157,2989.27906976744,517.891880608298,369852,126.475294030099,55.6794542539369,129,120,22208.5096004007,4.94573643410852,110009.89563492,34.5734126984127,2960293.05266933,355516.65116279,119,117,90,25.0016260162601,125.092369477911,6.125,0
T. Krygowski,182,4000,83,48.1927710843373,0.240196961508436,27,59,8,7,2956,40.0,37,41,27.9507219780829,1275,78,24.93,45.5741154604233,3,30,15.211681102691,1.0,55.675,18.2249999999999,-78.525,-1.96905621454357,69,0.148351648351648,7.1494770289951,0.325301204819277,10.2162162162162,63.2455532033675,41.5551841932307,0.238938053097345,17.7833333333333,17,53,182,8.89024390243902,17.7833333333333,16.9017274472168,16.936,182.0,109.481481481481,54.3691088762727,21.9780219780219,32.8633534503099,2227,39.9124040869502,15.4931141274391,32,25,102.129100311692,2.64285714285714,1405.86666666666,85.7333333333333,62.2289587806829,1466.56097560975,16,7,3,8.89024390243902,28.0181818181818,14.5,0
Ta-Hsin Li,124,2068,31,66.7096774193548,0.266838709677419,23,41,8,7,1432,52.0,32,36,23.2733413349869,660,64,9.96,32.3728281124772,2,24,13.2214623259368,3.87298334620741,43.6653771760154,25.5802707930367,-81.5764023210831,-2.37362637362637,51,0.185483870967741,12.3735691987513,0.741935483870967,8.36363636363636,45.4752680036082,29.1604755333882,0.657142857142857,17.1178571428571,19,29,124,7.8955223880597,17.1178571428571,18.7486423584173,18.84332688588,124.0,62.2608695652173,37.841775856849,16.6774193548387,34.5832329315811,903,30.7083050655681,13.47579366588,27,20,132.874510326239,2.75,1087.77261904761,67.3988095238095,37.5504159058632,576.916666666666,18,12,5,7.8955223880597,24.0425531914893,8.66666666666666,0
Taisuke Sato,45,1968,42,46.8571428571428,1.90144927536231,19,44,8,6,1866,47.0,24,29,15.3771165913654,650,30,13.67,36.9729630946723,12,20,12.7876524600002,1.0,76.4735772357723,18.3434959349593,-19.9186991869918,-1.0785193494111,22,0.422222222222222,19.7841269841269,0.452380952380952,9.09574468085106,44.3621460256376,35.0238014308365,0.413043478260869,10.95,15,39,45,8.02222222222222,10.95,14.8876790830945,14.900406504065,45.0,98.2105263157894,43.1972221329103,43.7333333333333,29.8831055949678,1505,28.9136645896019,12.3459395034246,30,14,57.764568191745,2.08888888888888,941.566666666666,26.5333333333333,800.062745098039,986.03448275862,14,7,4,8.02222222222222,20.051282051282,7.33333333333333,0
Takashi Tomine,469,499293,97,5147.35051546391,4.53017284398675,319,469,46,127,490544,1096.0,383,434,178.045424926666,185088,388,1297.35,599.217823499935,345,319,107.956322521594,13.856406460551,77.8667035187755,20.3810187605273,-7.82466407500205,-1.03473067803958,396,0.680170575692963,3501.07636339656,3.28865979381443,69.4572887650882,706.606679843885,265.704609253082,3.15841584158415,96.7785714285718,194,332,469,71.8143966125617,96.7785714285718,193.907755666059,193.925396510666,469.0,1537.75548589341,700.38846364,1064.59061833688,591.290114918218,388783,386.795811766363,151.356508018014,384,289,20151.402477989,4.59275053304904,147735.883333333,121.714285714286,59690.0834702765,285764.46313364,193,164,67,71.8143966125617,320.053208137715,9.17142857142857,0
Tan Haiyuan,47,127,15,8.46666666666666,0.112588652482269,6,9,3,1,81,10.0,8,8,7.85032931694919,54,20,0.81,7.21110255092797,0,6,4.63896464627703,2.44948974278317,35.4330708661417,28.3464566929133,-156.692913385826,-2.0,5,0.127659574468085,1.08085106382978,0.4,2.56363636363636,11.2694276695846,7.6811457478686,0.133333333333333,4.1,6,7,47,1.71428571428571,4.1,5.65277777777777,5.80314960629921,47.0,13.5,9.0,2.70212765957446,7.74596669241483,45,7.34846922834953,3.20713490294909,5,4,3.54964325609843,2.34042553191489,64.7666666666666,28.25,4.75809435707678,33.75,5,1,0,1.71428571428571,7.3076923076923,2.0,0
Tang Zhiwen,46,4955,13,381.153846153846,4.58371877890841,21,46,11,11,4867,146.0,27,34,16.0736984903604,2781,29,29.44,64.4980619863884,19,21,16.9073764784576,3.0,89.3239152371342,8.90010090817356,-8.7991927346115,-1.02292144196707,24,0.456521739130434,174.005016722408,1.61538461538461,4.0759493670886,70.3917608815122,33.4708828685471,0.724137931034482,4.84166666666666,13,35,46,3.55645161290322,4.84166666666666,12.9673617407071,12.9709384460141,46.0,231.761904761904,69.7638875063596,107.717391304347,55.3714727996285,4426,31.0805405358401,8.64207636340756,30,12,295.714448634664,5.15217391304347,917.857142857143,10.0345238095238,5957.50617588932,2733.70588235294,12,14,10,3.55645161290322,22.0465116279069,7.66666666666666,0
Tang Zhonglin,49,263,20,13.15,0.21469387755102,7,16,4,2,221,20.0,11,12,8.45920446298582,116,16,2.21,12.3288280059379,2,8,6.13127391991747,1.41421356237309,65.3992395437262,18.6311787072243,-95.8174904942965,-1.1505376344086,7,0.142857142857142,1.87857142857142,0.35,1.47210300429184,16.2172747402268,11.6761865920913,0.212121212121212,1.99999999999999,4,7,49,1.06521739130434,1.99999999999999,3.94078947368421,3.9657794676806,49.0,31.5714285714285,14.8660687473185,5.36734693877551,11.8321595661992,172,10.5830052442583,2.73066324161922,6,3,18.5410229476405,4.75510204081632,46.9464285714285,11.7666666666666,28.2424684159378,100.333333333333,3,4,2,1.06521739130434,8.6,1.7,0
Ten-Chuan Hsiao,6,5,38,0.131578947368421,0.238095238095238,2,2,1,0,2,2.0,2,2,2.86666666666666,4,3,0.04,2.0,0,2,1.68179283050742,1.41421356237309,0.0,80.0,-120.0,0.0,0,0.333333333333333,0.043859649122807,0.0526315789473684,0.545454545454545,2.23606797749978,1.41421356237309,0.0476190476190476,1.5,2,7,6,1.33333333333333,1.5,1.5,1.8,6.0,1.0,1.41421356237309,0.833333333333333,2.0,-2,2.0,1.63299316185545,1,1,0.345238095238095,3.66666666666666,3.16666666666666,2.4,3.33333333333333,-2.0,1,0,0,1.33333333333333,3.2,1.5,0
Tengfei Ji,16,89,18,4.94444444444444,0.654411764705882,5,9,3,1,69,13.0,7,8,6.58682865122493,40,11,0.61,7.28010988928051,2,6,4.26395856850025,2.23606797749979,49.438202247191,28.0898876404494,-39.3258426966292,-1.35185185185185,3,0.3125,1.54513888888888,0.277777777777777,1.25,9.4339811320566,7.51664818918645,0.166666666666666,2.4095238095238,4,5,16,1.19047619047619,2.4095238095238,3.83018867924528,3.89887640449438,16.0,13.8,8.30662386291807,5.5625,8.06225774829855,44,6.70820393249936,2.43975018237133,4,3,5.94706959706959,4.0,23.8357142857142,4.5595238095238,19.190625,27.5,3,2,1,1.19047619047619,6.27272727272727,2.25,0
Thomas M. Chen,149,5545,43,128.953488372093,0.496196868008948,38,73,11,12,4739,83.5,52,58,30.7182493502128,1768,73,29.07,59.7662111899357,12,38,19.936868244832,4.12310562561766,59.4229035166816,26.0414788097385,-61.4968440036068,-1.35953640715545,69,0.255033557046979,32.8874668331512,0.883720930232558,15.9492957746478,74.4647567645258,49.7862096033295,0.808510638297872,23.6833333333333,30,51,149,15.2,23.6833333333333,29.805324074074,29.8483318304779,149.0,124.710526315789,68.8403951179828,37.2147651006711,56.3293884220306,3295,52.6687763290547,24.0333102172796,50,38,441.183261779939,2.38255033557047,2773.83333333333,83.4166666666666,218.809890585707,2158.79310344827,29,20,11,15.2,39.038961038961,10.0,0
Tian Jiang,284,8216,120,68.4666666666666,0.203014578700271,40,86,12,14,6268,103.0,60,69,38.0465144364372,2430,106,43.89,68.1615727518079,8,42,21.7326950595897,3.0,57.3028237585199,19.4741966893865,-95.5696202531645,-1.78648648648648,109,0.140845070422535,9.64319248826291,0.333333333333333,10.4315886134067,90.6421535489972,48.5521320212565,0.32258064516129,18.695238095238,24,37,284,8.37696335078534,18.695238095238,23.8973413545507,23.9356134371957,284.0,156.7,79.1707016515579,28.9295774647887,64.1872261435248,4668,58.6515131944607,18.305150478251,35,24,451.040158285385,3.83450704225352,1848.70476190476,94.0261904761905,95.6434877609472,2706.08695652173,23,21,12,8.37696335078534,41.0,41.0,0
Tianjun Shi,70,127,32,3.96875,0.0511066398390342,6,9,2,1,75,7.0,7,7,7.64606334575286,48,20,0.9,7.48331477354788,0,6,4.47426522037629,4.89897948556635,35.4330708661417,28.3464566929133,-265.354330708661,-1.425,2,0.0857142857142857,0.340178571428571,0.1875,2.00956937799043,11.2694276695846,8.63133825081603,0.0983606557377049,3.06666666666666,4,8,70,1.63636363636363,3.06666666666666,3.85714285714285,3.92913385826771,70.0,12.5,8.66025403784438,1.81428571428571,6.48074069840786,39,7.34846922834953,3.13339780720256,4,2,3.89821869093813,2.98571428571428,39.0166666666666,32.3523809523809,3.19472049689441,33.4285714285714,3,1,1,1.63636363636363,7.07692307692307,3.5,0
Tianlin Yu,13,154,38,4.05263157894736,1.69230769230769,5,12,4,3,141,30.0,13,9,6.2098568098568,115,8,0.94,10.8627804912002,5,6,5.14643032430397,2.23606797749979,75.3246753246753,16.2337662337662,-17.5324675324675,-1.06015037593984,5,0.384615384615384,1.55870445344129,0.131578947368421,1.10169491525423,12.4096736459908,10.6301458127346,0.119047619047619,1.55238095238095,5,5,13,0.862068965517241,1.55238095238095,4.86440677966101,4.89610389610389,13.0,28.2,11.8743420870379,11.8461538461538,12.2474487139158,116,7.74596669241483,2.07613699634349,5,4,20.6114996114996,4.53846153846153,27.9904761904761,3.75238095238095,128.485207100591,64.4444444444444,4,5,3,0.862068965517241,7.63636363636363,1.26315789473684,0
Tick,999,16814,235,71.5489361702127,0.0336616616616616,70,111,14,17,10306,117.0,93,100,63.2240627932864,5120,180,67.29,88.255311454892,0,71,28.6533535926198,8.94427190999916,32.1517782800047,29.1423813488759,-348.055192101819,-4.08867631851085,265,0.07007007007007,5.01343897088577,0.297872340425531,29.2471769134253,129.668808894043,61.388448967755,0.292887029288702,44.9,43,69,999,21.875,44.9,42.7796927688272,42.895087427144,999.0,147.228571428571,101.518471225683,16.8308308308308,90.4986187739901,5406,88.147603484156,39.1311896062463,64,63,698.315086351655,2.39339339339339,7845.03333333333,605.330952380952,26.6531257748221,3784.2,42,25,11,21.875,71.0070921985815,36.0,0
Tiegang Gao,219,679459,31,21918.0322580645,28.2050228310502,218,219,56,173,679302,2322.5,219,219,114.870272208721,319194,219,1497.85,701.723592306828,219,218,107.859675928502,14.3874945699381,92.9825051989892,6.99438818236273,0.0,0.0,219,0.995433789954337,21817.9499189865,7.03225806451612,38.2241793434747,824.293030420614,298.855601318233,5.89189189189189,44.4142857142857,213,220,219,38.2025723472668,44.4142857142857,212.933041427488,212.933853256782,219.0,3116.06422018348,824.197791795149,3102.55251141552,711.551122548478,631778,218.499427916871,91.2587572329591,219,217,56255.8736101093,5.70319634703196,146843.677380952,44.4142857142857,13424013.5420992,628893.168949771,212,215,148,38.2025723472668,220.631578947368,1.21988795518207,0
Tien-Szu Pan,9,397,9,44.1111111111111,8.82222222222222,9,9,5,4,397,41.0,9,9,7.62093592681828,210,9,2.2,17.3781471969827,9,9,7.57428030059321,2.44948974278317,79.5969773299748,20.4030226700251,0.0,0.0,9,1.0,44.1111111111111,1.0,2.13157894736842,19.9248588451712,16.9705627484771,0.818181818181818,2.18333333333333,7,10,9,2.13157894736842,2.18333333333333,6.89317507418397,6.90931989924433,9.0,44.1111111111111,19.9248588451712,44.1111111111111,19.2093727122985,316,9.0,4.37997837053058,9,6,79.1064213564213,4.22222222222222,103.5,2.18333333333333,0.111111111111111,316.0,6,8,5,2.13157894736842,9.21052631578947,-1.14285714285714,0
Todd A. Coram,279,115566,137,843.547445255474,2.95867895545314,204,279,28,54,103283,333.0,272,279,133.415298584915,41820,279,284.35,271.687320278293,279,204,65.5690555249209,14.2828568570857,53.3608500770122,36.0105913503971,-2.608033504664,-1.26409798138178,279,0.731182795698924,616.787379326583,1.48905109489051,61.3980582524271,339.949996322988,137.877248608175,1.20710059171597,110.297619047619,118,201,279,61.3805309734513,110.297619047619,117.832351536379,117.881548206219,279.0,506.289215686274,321.376725977473,414.21505376344,260.637679547681,61667,238.570744224852,111.900081852445,201,169,2875.53582436164,3.32258064516129,45820.2666666666,110.297619047619,3482.97430577623,45089.8494623655,117,53,21,61.3805309734513,205.0097799511,41.2,0
Tomoyuki Yoda,999,38006,91,417.648351648351,0.076088088088088,82,156,15,20,19632,126.0,111,123,88.6610684609259,9016,290,141.77,117.059813770567,7,84,33.6716392121472,13.5646599662505,33.9630584644529,17.6919433773614,-149.502710098405,-27.6171641791044,680,0.082082082082082,34.2814462814462,0.901098901098901,22.7423653525819,194.951275964021,81.8905192489163,0.7008547008547,52.8190476190476,45,90,999,20.0119047619047,52.8190476190476,44.8783155248271,44.9490606746303,999.0,239.414634146341,140.114239105095,38.044044044044,101.646446076584,12908,113.101724124789,40.5089643224335,71,79,1092.79551627202,3.6056056056056,11836.5523809523,356.114285714284,40.6487793987521,8605.33333333333,44,23,11,20.0119047619047,83.0121212121212,28.3333333333333,0
Trias Thireou,26,296,15,19.7333333333333,0.843304843304843,11,16,4,3,234,19.0,14,15,10.5164147968784,153,19,1.52,13.6747943311773,4,11,7.1315044939967,3.0,41.8918918918918,40.8783783783783,-37.8378378378378,-1.33004926108374,11,0.423076923076923,8.34871794871795,0.733333333333333,2.88888888888888,17.2046505340852,14.7478812037526,0.5,4.9,6,11,26,2.88095238095238,4.9,5.83552631578947,5.91554054054054,26.0,21.2727272727272,15.2970585407783,11.3846153846153,14.4568322948009,113,13.2664991614216,5.62942947291074,7,5,25.552449472612,3.8076923076923,79.5333333333333,7.06666666666666,54.6907993966817,82.8666666666666,5,5,3,2.88095238095238,12.0869565217391,4.0,0
Ulrich Rueckert,98,343,44,7.79545454545454,0.0707070707070707,10,16,4,2,213,18.5,13,14,11.5962520780241,140,30,1.99,13.0,0,10,6.74573908583589,3.16227766016837,32.9446064139941,29.1545189504373,-218.367346938775,-2.66304347826086,10,0.10204081632653,0.795454545454545,0.227272727272727,3.69811320754717,18.5202591774521,12.4498995979887,0.169491525423728,4.89999999999999,6,8,98,2.85714285714285,4.89999999999999,5.81481481481481,5.9271137026239,98.0,21.3,14.5945195193264,3.5,13.6014705087354,113,12.6491106406735,5.34522483824848,7,5,17.003857453982,2.70408163265306,106.133333333333,47.6666666666666,5.73461538461538,80.7142857142857,5,4,1,2.85714285714285,11.2380952380952,2.5,0
V,12,25,12,2.08333333333333,0.32051282051282,3,4,2,0,19,6.0,4,4,4.54170274170274,12,6,0.19,3.87298334620741,0,4,2.72937533930076,1.41421356237309,40.0,36.0,-84.0,-0.8125,0,0.25,0.520833333333333,0.25,0.818181818181818,5.0,3.39116499156263,0.075,1.74999999999999,3,2,12,1.0,1.74999999999999,2.73333333333333,2.84,12.0,6.33333333333333,4.35889894354067,2.08333333333333,4.24264068711928,10,3.46410161513775,1.73205080756887,2,2,0.828794409613375,3.66666666666666,8.58333333333333,3.7095238095238,6.59722222222222,7.5,2,1,0,1.0,4.14285714285714,2.5,0
V. Varadarajan,99,15288,55,277.963636363636,3.08848484848484,50,99,15,19,14007,155.0,69,83,38.6485175091512,4012,98,81.98,102.493902257646,69,50,26.961718135599,4.12310562561766,75.595238095238,16.3526949241234,-7.96049188906331,-1.17981979182849,98,0.505050505050505,140.385674931129,0.909090909090909,19.260700389105,123.644652128589,86.5202976460547,0.757575757575757,31.5833333333333,37,100,99,18.2481751824817,31.5833333333333,36.9016020044036,36.9152276295133,99.0,280.14,118.351172364282,154.424242424242,88.034084308295,11507,70.3562363973514,30.2061046665088,98,48,841.901253476121,2.59595959595959,9755.66666666666,52.7666666666666,1763.39689338552,6931.92771084337,36,23,11,18.2481751824817,51.019801980198,17.0,0
Velmer B. Headley,2,1,7,0.142857142857142,0.333333333333333,1,1,1,0,0,0.0,2,1,1.0,1,1,0.01,1.0,0,1,1.0,1.0,0.0,100.0,0.0,0.0,0,0.5,0.0714285714285714,0.142857142857142,1.0,1.0,1.0,0.0294117647058823,1.0,2,2,2,1.0,1.0,1.0,1.0,1.0,0.0,0.0,0.5,0.0,-1,1.0,1.0,1,1,0.0294117647058823,1.0,1.0,2.0,0.5,-1.0,1,0,0,1.0,2.33333333333333,1.0,0
Veronica E. Arriola,5,42,10,4.2,2.8,3,5,2,1,36,18.0,3,4,3.99682539682539,32,5,0.36,5.65685424949238,5,3,3.06413202343849,1.0,71.4285714285714,21.4285714285714,-4.76190476190476,-0.973684210526315,1,0.6,2.52,0.3,0.9375,6.48074069840786,6.24499799839839,0.176470588235294,1.7,3,6,5,1.5,1.7,2.88888888888888,2.9047619047619,5.0,12.0,6.0,8.4,7.34846922834953,27,3.87298334620741,2.12132034355964,4,2,5.30883822060292,3.2,20.0999999999999,1.9,109.2,20.25,2,1,1,1.5,4.14285714285714,2.0,0
Veronica Maidel,17,245,16,15.3125,1.60130718954248,8,15,4,3,233,22.5,10,11,7.6872654334493,117,10,1.78,13.3416640641263,8,8,6.40614048180413,1.73205080756887,68.9795918367347,26.1224489795918,-23.6734693877551,-1.00440528634361,8,0.470588235294117,7.20588235294117,0.5,2.3859649122807,15.6524758424985,14.1598022585062,0.444444444444444,3.31666666666666,5,9,17,2.0,3.31666666666666,4.91011235955056,4.93469387755102,17.0,29.125,15.2643375224737,14.4117647058823,13.4164078649987,169,10.9544511501033,4.0,7,4,26.6899531024531,3.35294117647058,66.0333333333333,6.55,279.828431372549,122.90909090909,4,6,3,2.0,9.23529411764705,2.2,0
Vijayalakshmi Raghupathi,1,0,0,0.0,0.0,0,0,0,0,0,0.0,1,1,0.0,0,0,0.0,0.0,0,1,0.0,1.0,0.0,0.0,0.0,0.0,0,0.0,0.0,0.0,0.0,0.0,0.0,0.0,0.0,1,0,1,0.0,1.0,0.0,0.0,1.0,0.0,0.0,0.0,0.0,0,0.0,0.0,0,0,0.0,1.0,0.0,1.0,0.0,0.0,0,0,0,0.0,1.0,1.0,0
Vincent Gauthereau,21,76,24,3.16666666666666,0.329004329004329,4,8,3,1,65,11.5,5,6,5.39578141007673,35,10,0.65,6.9282032302755,1,5,3.915310974852,1.0,64.4736842105263,21.0526315789473,-75.0,-0.948275862068965,3,0.19047619047619,0.603174603174603,0.166666666666666,1.55555555555555,8.71779788708134,8.06225774829855,0.142857142857142,3.33333333333333,4,8,21,2.28571428571428,3.33333333333333,3.84482758620689,3.88157894736842,21.0,16.25,8.06225774829855,3.61904761904761,6.78232998312526,49,5.65685424949238,3.02371578407381,6,3,4.27382077697059,2.57142857142857,48.1166666666666,11.4833333333333,21.3852813852813,32.6666666666666,3,2,1,2.28571428571428,5.33333333333333,2.0,0
Vinton Cerf,209,4591,121,37.9421487603305,0.209204830257461,33,64,10,11,3646,82.0,46,52,28.937343767467,1539,72,24.96,51.6913919332803,2,33,18.080157101957,4.35889894354067,55.6959268133304,23.720322369854,-105.881071661947,-1.60395314787701,64,0.157894736842105,5.9908655937364,0.272727272727272,13.7390438247011,67.7569184659397,45.4331010020961,0.264,25.5261904761904,30,54,209,15.125,25.5261904761904,29.7591638029782,29.8168155086037,209.0,110.484848484848,60.3821165578021,21.9665071770334,52.0192272145598,2557,45.9565011723042,22.3411056127488,46,33,163.784569986641,2.40191387559808,2521.70714285714,136.835714285714,84.7512012354117,1622.71153846153,29,13,5,15.125,34.0597014925373,7.2,0
Vitaly Feldman,31,805,29,27.7586206896551,1.62298387096774,15,28,7,5,753,51.0,19,22,12.4606263373081,408,23,3.85,24.0624188310319,15,15,10.1774612063678,2.82842712474619,65.5900621118012,27.9503105590062,-22.9813664596273,-1.08555399719495,17,0.483870967741935,13.4315906562847,0.517241379310344,6.64285714285714,28.3725219182222,19.5984693279857,0.454545454545454,11.5,13,23,31,7.5,11.5,12.7872968980797,12.8211180124223,31.0,50.2,27.4408454680244,25.9677419354838,27.6586333718786,528,20.4939015319191,10.6066017177982,23,13,46.8332110210424,2.25806451612903,538.183333333333,19.5999999999999,376.03287841191,360.0,12,8,3,7.5,16.3225806451612,2.09090909090909,0
Vivek Gopalan,26,282,18,15.6666666666666,0.803418803418803,9,16,4,2,260,15.0,11,13,8.66509414845933,116,13,2.15,13.490737563232,2,9,6.60556068068025,1.0,63.4751773049645,28.7234042553191,-46.0992907801418,-1.04065040650406,9,0.346153846153846,5.42307692307692,0.5,2.34,16.7928556237466,12.7540843131393,0.428571428571428,2.85,5,11,26,1.97560975609756,2.85,4.92,4.94326241134751,26.0,28.8888888888888,16.1245154965971,10.8461538461538,11.6189500386222,179,12.0,4.21669157099236,6,3,25.5735032940915,3.84615384615384,57.9666666666666,9.08333333333333,128.181818181818,123.923076923076,4,4,2,1.97560975609756,10.1052631578947,3.66666666666666,0
Vladimir I. Babitsky,3,0,0,0.0,0.0,0,0,0,0,0,0.0,3,1,0.0,0,0,0.0,0.0,0,3,0.0,1.0,0.0,0.0,0.0,0.0,0,0.0,0.0,0.0,0.0,0.0,0.0,0.0,0.0,1,1,3,0.0,0.75,0.0,0.0,0.75,0.0,0.0,0.0,0.0,0,0.0,0.0,0,0,0.0,4.0,0.0,0.75,0.0,0.0,0,0,0,0.0,1.0,1.0,0
W. Coyne,121,1263,105,12.0285714285714,0.171115025064354,18,32,6,5,891,38.0,25,28,18.5611410960721,462,46,6.93,25.6124969497313,1,19,11.0482998429467,3.74165738677394,44.8931116389548,25.6532066508313,-117.339667458432,-2.1266294227188,31,0.148760330578512,1.78937426210153,0.171428571428571,9.22881355932203,35.5387112878337,25.4034118443435,0.135338345864661,12.95,14,21,121,7.90243902439024,12.95,13.7785058977719,13.8661916072842,121.0,49.5,29.8496231131986,10.4380165289256,26.153393661244,567,24.0,11.9266048160834,21,14,24.6337060010686,1.95041322314049,670.75,81.0166666666666,25.0007331378299,364.5,13,4,1,7.90243902439024,19.054054054054,7.0,0
W. Z. Zhang,304,2474,36,68.7222222222222,0.053364969801553,26,41,7,6,1416,44.0,33,36,25.8751318840655,684,70,11.75,32.5115364140177,0,26,13.6439015904118,4.24264068711928,30.9620048504446,27.3241713823767,-250.363783346806,-5.0,54,0.0855263157894736,5.87755847953216,0.722222222222222,8.11498973305954,49.7393204617835,26.3357443139818,0.440677966101694,14.9166666666666,14,23,304,6.96907216494845,14.9166666666666,13.8333333333333,13.931689571544,304.0,54.4615384615384,37.6297754444535,8.13815789473684,33.8230690505755,740,32.649655434629,13.4609017635766,21,18,84.4743467944643,3.20394736842105,921.680952380951,127.333333333333,11.3713407792737,534.444444444444,13,8,3,6.96907216494845,27.0377358490566,9.0,0
Wade Shen,34,587,15,39.1333333333333,0.986554621848739,13,23,5,4,500,29.0,17,19,11.917898587961,230,27,3.33,19.0262975904404,7,13,8.80704209289113,3.16227766016837,58.603066439523,28.7904599659284,-33.5604770017035,-1.22888888888888,14,0.38235294117647,14.9627450980392,0.866666666666666,3.25,24.2280828791714,12.1860576069539,0.40625,4.85,8,35,34,3.07272727272727,4.85,7.87468030690537,7.91652470187393,34.0,38.4615384615384,22.3606797749978,17.2647058823529,19.4164878389476,331,17.2916164657905,6.32024165245717,11,9,32.8977402026937,4.0,158.383333333333,9.63333333333333,119.68640699523,226.473684210526,7,6,2,3.07272727272727,14.074074074074,4.66666666666666,0
Waheed,69,16085,29,554.655172413793,6.66045548654244,69,69,17,25,16085,187.0,69,69,39.1482189614698,8201,69,40.42,109.562767398418,69,69,31.9789290307364,7.6811457478686,70.4009947155735,29.5990052844264,0.0,0.0,69,1.0,554.655172413793,2.37931034482758,15.5081433224755,126.826653350153,69.432692656441,1.53333333333333,16.8333333333333,43,60,69,15.5081433224755,16.8333333333333,42.8571775564731,42.8903326080199,69.0,233.115942028985,126.826653350153,233.115942028985,113.591372911854,11324,69.0,32.7118004587154,61,48,703.366115326092,4.44927536231884,3942.44999999999,16.8333333333333,0.0144927536231884,11324.0,42,33,14,15.5081433224755,69.3237410071942,-1.02150537634408,0
Wanda Dann,55,3172,27,117.481481481481,2.05974025974025,17,55,9,9,3048,108.0,24,30,14.8481788634046,1332,30,24.72,47.3603209448584,12,17,13.9807455739347,1.41421356237309,86.9798234552333,9.11097099621689,-16.3619167717528,-1.06092579986385,23,0.309090909090909,36.3124579124579,0.629629629629629,4.72222222222222,56.3205113613149,38.1663027639129,0.5,7.36666666666666,13,34,55,4.66129032258064,7.36666666666666,12.9506342132327,12.9546027742749,55.0,179.294117647058,55.208694967369,57.6727272727272,42.8485705712571,2759,30.5777697028413,8.90179394750692,31,12,168.009816721172,3.6,972.8,18.7666666666666,1417.63284457478,1563.43333333333,12,12,7,4.66129032258064,18.1714285714285,3.0,0
Wanjun Huang,28,84,120,0.7,0.206896551724137,6,7,2,1,49,8.0,6,7,7.21137506966174,36,16,0.49,6.0,0,6,4.21640561007415,2.44948974278317,22.6190476190476,42.8571428571428,-120.238095238095,-1.86666666666666,2,0.214285714285714,0.15,0.05,1.54128440366972,9.16515138991168,5.8022983951764,0.0483870967741935,2.36666666666666,3,5,28,1.44,2.36666666666666,2.85714285714285,2.95238095238095,28.0,8.16666666666666,7.0,3.0,6.9282032302755,13,6.48074069840786,2.93938769133981,2,2,5.37051069807833,3.89285714285714,23.7666666666666,8.29285714285714,5.68965517241379,11.1428571428571,2,2,1,1.44,7.15384615384615,2.33333333333333,0
Warren P. Seering,91,5102,40,127.55,1.21882465360726,35,71,12,13,4590,105.0,48,55,27.2921994548257,2125,61,22.65,59.8080262172227,24,35,19.4995030063084,4.12310562561766,65.954527636221,24.0101920815366,-28.3418267346138,-1.21892483580637,55,0.384615384615384,49.0576923076923,0.875,14.8831775700934,71.4282857137143,41.9076365356005,0.795454545454545,19.9166666666666,27,57,91,14.2441860465116,19.9166666666666,26.8380450407283,26.8675029400235,91.0,131.142857142857,67.7495387438172,56.065934065934,60.6217782649107,3365,49.849774322458,22.3281551326549,45,27,164.004396029836,2.35164835164835,2180.41666666666,42.4999999999999,502.622338598901,2141.36363636363,26,14,7,14.2441860465116,36.0422535211267,9.25,0
Wei Hua Zhang,61,374,20,18.7,0.197778952934955,11,15,4,3,200,15.0,13,14,12.7151766736539,140,30,1.63,12.2065556157337,0,11,6.85392286838649,4.47213595499958,24.0641711229946,32.3529411764705,-103.208556149732,-5.39655172413793,12,0.180327868852459,3.37213114754098,0.55,3.5130890052356,19.3390796058137,12.5962957517941,0.275,6.93333333333333,7,9,61,3.55882352941176,6.93333333333333,6.75838926174496,6.90374331550802,61.0,18.1818181818181,14.1421356237309,6.1311475409836,12.8452325786651,79,12.8452325786651,6.25676104893973,9,5,15.8023462552504,3.1311475409836,155.483333333333,24.9666666666666,7.93663884139595,62.0714285714285,6,3,1,3.55882352941176,12.0434782608695,6.0,0
Wei Quan,539,8615,37,232.837837837837,0.0591974163402734,44,78,11,11,4888,75.5,60,66,46.079641028793,2418,140,37.11,58.3438085832592,1,46,20.7817338484035,9.64365076099295,34.2658154381892,22.4724318049912,-209.553105049332,-6.70207468879668,168,0.0816326530612244,19.0071704357418,1.18918918918918,10.9391143911439,92.8170243005023,34.2347226331138,1.07317073170731,24.0563492063491,21,37,539,10.1894736842105,24.0563492063491,20.8851564743037,20.9535693557748,539.0,111.090909090909,69.9142331717941,15.9833024118738,57.6367938039582,2952,58.5832740635072,21.1739661401746,33,27,588.014823774234,4.02226345083487,2269.0365079365,166.962301587301,20.9622705095893,1968.0,20,19,9,10.1894736842105,45.0224719101123,15.6666666666666,0
Wei-Chuan Lin,39,383,26,14.7307692307692,0.491025641025641,9,19,4,3,306,25.0,12,14,9.88979156553026,140,20,2.8,15.4272486205415,1,9,6.95004656218578,1.0,61.0966057441253,21.1488250652741,-52.4804177545691,-1.34901960784313,8,0.23076923076923,3.39940828402366,0.346153846153846,2.34,19.5703857907809,15.9216833280906,0.3,4.8,6,15,39,2.61290322580645,4.8,5.90384615384615,5.93472584856396,39.0,34.0,17.4928556845359,9.82051282051282,15.0,225,13.076696830622,4.84934315472292,11,4,19.4998589130167,3.84615384615384,153.866666666666,12.0166666666666,45.4920814479638,144.642857142857,5,4,1,2.61290322580645,10.0526315789473,5.0,0
Wei-Shang Chu,14,75,44,1.70454545454545,0.714285714285714,6,8,3,1,59,11.0,7,7,6.351885436769,40,10,0.42,7.21110255092797,1,6,4.40033001600181,2.0,38.6666666666666,48.0,-46.6666666666666,-1.05172413793103,4,0.428571428571428,0.73051948051948,0.136363636363636,3.0,8.66025403784438,7.3824115301167,0.0967741935483871,4.0,6,7,14,3.6,4.0,5.57627118644067,5.66666666666666,14.0,9.83333333333333,7.6811457478686,5.35714285714285,8.12403840463596,23,6.9282032302755,4.6475800154489,6,6,2.97804713413565,2.0,45.0,9.0,34.8214285714285,19.7142857142857,5,1,0,3.59999999999999,7.23076923076923,1.75,0
Wei-Tih Cheng,5,4,27,0.148148148148148,0.266666666666666,1,1,1,0,2,2.0,1,1,2.53333333333333,3,3,0.03,1.41421356237309,0,3,1.18920711500272,1.73205080756887,25.0,25.0,-50.0,1.0,0,0.2,0.0296296296296296,0.037037037037037,0.5,2.0,1.41421356237309,0.0185185185185185,1.0,2,1,5,1.0,1.0,1.5,1.75,5.0,2.0,1.41421356237309,0.8,1.41421356237309,1,1.0,1.0,1,1,0.108319088319088,2.0,3.2,3.7,0.8,1.0,1,0,0,1.0,2.33333333333333,1.5,0
Weixin Ling,996,20429,164,124.567073170731,0.0411455249281982,73,133,15,23,14967,167.5,100,112,61.6741061971227,6336,171,100.82,106.386089316225,0,74,31.5811003504023,5.74456264653802,47.5353663909148,26.08546673846,-303.441186548533,-1.99845742492801,222,0.073293172690763,9.12991600548535,0.445121951219512,22.9580044205873,142.93005282305,67.8395034588861,0.434523809523809,40.3095238095238,44,70,996,20.4176245210727,40.3095238095238,43.8464923204649,43.9094914092711,996.0,205.027397260273,122.339691024622,20.5110441767068,110.578026750344,9638,98.5342580019761,38.6068205119032,72,64,797.326551448628,3.179718875502,7694.44761904762,429.821428571427,57.2436638370144,6281.91071428571,43,29,11,20.4176245210727,74.0,74.0,0
Weng Haitao,1,0,0,0.0,0.0,0,0,0,0,0,0.0,1,1,0.0,0,0,0.0,0.0,0,1,0.0,1.0,0.0,0.0,0.0,0.0,0,0.0,0.0,0.0,0.0,0.0,0.0,0.0,0.0,1,1,1,0.0,0.333333333333333,0.0,0.0,0.333333333333333,0.0,0.0,0.0,0.0,0,0.0,0.0,0,0,0.0,3.0,0.0,0.333333333333333,0.0,0.0,0,0,0,0.0,1.0,1.0,0
Win Aye,5,23,13,1.76923076923076,1.53333333333333,3,4,2,1,20,10.0,5,4,3.6,18,3,0.2,4.47213595499958,3,3,2.83701878702349,1.41421356237309,60.8695652173913,39.1304347826086,-13.0434782608695,0.0,1,0.6,1.06153846153846,0.23076923076923,0.652173913043478,4.79583152331271,4.79583152331271,0.075,0.726190476190476,3,3,5,0.642857142857142,0.726190476190476,2.8,2.82608695652173,5.0,6.66666666666666,4.47213595499958,4.6,5.47722557505166,11,3.46410161513775,1.38873014965882,2,2,0.715421455938697,4.6,6.17857142857142,1.17619047619047,0.199999999999999,8.25,2,1,0,0.642857142857142,4.42857142857142,1.0,0
X. -S. Yang,125,779,23,33.8695652173913,0.0989206349206349,13,25,5,4,530,29.0,18,20,14.5902057998092,264,36,5.01,19.4679223339317,0,13,8.88352222551946,2.0,46.3414634146341,21.6944801026957,-154.685494223363,-2.23972602739726,16,0.104,3.52243478260869,0.565217391304347,4.23177083333333,27.9105714739057,17.8535710713571,0.270833333333333,6.61666666666666,8,15,125,3.12962962962962,6.61666666666666,7.87990196078431,7.93709884467265,125.0,40.7692307692307,23.0217288664426,6.232,19.4164878389476,361,18.0277563773199,6.37849395901455,14,6,26.1869939624985,3.072,288.45,59.3523809523809,13.2648995983935,234.65,7,4,2,3.12962962962962,14.1111111111111,3.75,0
Xian Zheng,329,13894,28,496.214285714285,0.255945472966749,68,113,14,17,10687,120.5,93,100,55.0840205075124,4897,133,53.21,88.9606654651369,3,70,28.5401789091183,9.1104335791443,43.6375413847704,33.2805527565855,-104.656686339427,-1.79716481187069,147,0.206686930091185,102.561007381676,2.42857142857142,16.2115942028985,117.872812811097,47.2908270986279,1.61904761904761,29.797619047619,34,48,329,15.2105263157894,29.797619047619,33.8558379666401,33.9216208435295,329.0,157.161764705882,103.377947358225,42.2310030395136,90.5207158610668,6063,87.6584280032445,32.1607802995151,47,63,794.249310858433,4.19452887537993,3722.59047619047,98.804761904762,140.730504983873,4122.84,33,29,12,15.2105263157894,69.0218978102189,18.0,0
Xiang He,339,28960,25,1158.4,0.502516050668054,94,144,15,21,16808,147.0,123,131,88.1389843980637,10032,300,64.94,110.113577727726,35,94,34.8621413554366,13.2664991614216,27.8522099447513,30.5110497237569,-37.8832872928176,-5.79724529066234,339,0.277286135693215,321.20825958702,3.76,17.9223847019122,170.176379089461,59.3401470549496,3.03225806451612,46.8611111111111,36,58,339,17.672,46.8611111111111,35.8753561253561,35.957700276243,339.0,178.808510638297,129.645670965134,85.4277286135693,117.549989366226,7972,116.344316577991,40.7574287707161,53,64,2758.66674516972,5.24483775811209,6650.16388888889,76.4496031746032,119.746182536618,5720.36641221374,35,48,20,17.672,95.005291005291,47.5,0
Xiao-Ling Wang,307,4670,30,155.666666666666,0.098777444054317,38,59,9,9,2876,62.5,50,54,36.3487438249519,1554,100,18.17,46.7225855448946,0,38,17.9077544277142,6.48074069840786,30.6638115631691,30.9207708779443,-180.449678800856,-3.89901697944593,105,0.123778501628664,19.2681867535287,1.26666666666666,9.60164609053498,68.3373982530794,29.7506702605568,1.11764705882352,17.9285714285714,14,24,307,7.36734693877551,17.9285714285714,13.8914579319203,13.9638115631691,307.0,75.6842105263158,53.6283507111676,15.2117263843648,48.7339717240448,1432,47.3497624070068,16.7319808652015,22,16,293.626092554758,3.95765472312703,1126.44761904761,96.1499999999999,24.3862458647899,1007.7037037037,13,16,6,7.36734693877551,39.025974025974,13.3333333333333,0
Xiao-ming Zhang,289,5530,21,263.333333333333,0.131965159288867,37,67,10,11,3704,81.5,51,57,35.8245311673235,1584,100,26.47,53.7494186015067,2,37,18.7435850443221,4.69041575982343,42.8933092224231,24.755877034358,-136.238698010849,-2.63631790744466,106,0.128027681660899,33.7139561707035,1.76190476190476,9.32258064516129,74.3639697703129,34.8722157106689,1.08823529411764,18.7011904761904,19,31,289,8.14880952380952,18.7011904761904,18.8813186813186,18.9414104882459,289.0,100.108108108108,60.8604962188117,19.1349480968858,54.9135684507936,2335,49.7895571380184,17.3639267558047,29,17,339.729209982687,3.96885813148788,1435.44404761904,85.0857142857143,40.0133263445778,1515.70175438596,18,16,8,8.14880952380952,38.0133333333333,19.0,0
Xiaobo Shi,21,844,15,56.2666666666666,3.65367965367965,15,21,6,6,840,38.0,16,19,11.1271995393655,395,16,4.6,24.5153013442625,15,15,10.2430379815987,2.23606797749979,72.867298578199,26.6587677725118,-8.64928909952606,-0.982100238663484,15,0.714285714285714,40.1904761904761,1.0,4.5,29.0516780926679,20.6599451435218,0.34090909090909,4.48333333333333,9,18,21,4.32692307692307,4.48333333333333,8.90560471976401,8.92417061611374,21.0,56.0,28.9827534923788,40.1904761904761,23.8746727726266,615,17.7482393492988,8.05629233294362,16,7,26.4213460075606,3.33333333333333,262.116666666666,7.1,8440.0,485.526315789473,8,6,2,4.32692307692307,16.4516129032258,1.13333333333333,0
Xiaochen Wang,17,470,8,58.75,3.0718954248366,6,17,4,3,459,84.0,7,10,6.1007659007659,252,8,4.41,20.3960780543711,5,6,6.77498811706879,1.73205080756887,91.2765957446808,7.6595744680851,-12.5531914893617,-0.976293103448275,5,0.352941176470588,20.735294117647,0.75,1.64516129032258,21.6794833886788,19.9624647776771,0.23076923076923,1.78333333333333,5,14,17,1.24137931034482,1.78333333333333,4.96371882086167,4.96595744680851,17.0,76.5,21.4242852856285,27.6470588235294,22.4499443206436,423,10.099504938362,2.72915295688405,9,4,21.5399119314451,3.64705882352941,92.6333333333333,6.11666666666666,2571.17647058823,253.799999999999,4,4,3,1.24137931034482,7.15384615384615,2.33333333333333,0
Xiaolong Wu,569,25585,120,213.208333333333,0.157771405667067,64,157,15,19,21956,123.5,86,98,53.7846175375752,10156,150,179.67,126.115026860402,4,66,30.0691342538403,1.0,69.8065272620676,16.0093804963846,-112.139925737736,-1.36023054755043,177,0.112478031634446,23.9812536613942,0.533333333333333,18.3363544813695,159.953118131532,62.5589419037855,0.516129032258064,32.2833333333333,35,70,569,17.4297872340425,32.2833333333333,34.9405808275507,34.9548172757475,569.0,343.0625,148.175571535931,44.9648506151142,88.9044430835714,17860,100.239712689133,33.3991973403362,97,53,919.830853330721,3.49033391915641,10244.0142857142,214.561904761904,272.044160954932,11663.6734693877,34,22,11,17.4297872340425,65.0077519379845,33.0,0
Xiaoman Liu,209,5676,16,354.75,0.258646616541353,42,68,10,10,3730,70.0,56,60,38.9050973590646,1914,105,21.27,52.85830114561,2,42,19.5318322315532,7.6157731058639,35.3770260747004,31.0782241014799,-90.0105708245243,-2.86380303823991,109,0.200956937799043,71.2894736842105,2.625,7.39511373209772,75.3392328073494,32.0766195820183,2.21052631578947,14.8035714285714,14,21,209,6.25531914893617,14.8035714285714,13.9170755642787,13.9702255109231,209.0,88.8095238095238,61.0737259384098,27.1578947368421,54.2217668469038,1966,53.4415568635495,16.2087446847471,21,12,1017.20050310027,5.67942583732057,978.305555555555,44.4690476190476,53.8022998673153,1376.2,13,30,14,6.25531914893617,43.0117647058823,21.5,0
Xiaoqing Ye,38,209,23,9.08695652173913,0.282051282051282,7,13,3,2,152,21.5,9,11,8.59739520920857,84,20,1.52,10.9087121146357,2,8,5.59383392476117,1.41421356237309,52.6315789473684,23.444976076555,-79.9043062200956,-1.47413793103448,4,0.184210526315789,1.67391304347826,0.304347826086956,3.69444444444444,14.4568322948009,12.6095202129184,0.184210526315789,5.58333333333333,7,14,38,2.88235294117647,5.58333333333333,6.76315789473684,6.82775119617224,38.0,21.7142857142857,12.3288280059379,5.5,12.2678441463852,103,9.53939201416945,4.49182263543823,11,6,11.034383206233,1.89473684210526,136.683333333333,28.8666666666666,17.49,65.5454545454545,6,3,2,2.88235294117647,8.0,8.0,0
Xu Jing,269,53479,21,2546.61904761904,1.47264215888751,136,224,20,33,40855,210.5,183,197,107.023686611558,19625,269,135.38,170.238068598066,268,136,47.3564750391049,12.5299640861416,41.8089343480618,34.5855382486583,-10.2152246676265,-1.87583726997109,269,0.505576208178438,1287.51000177022,6.47619047619047,28.1848998459167,231.255270210216,69.0277263154979,3.77777777777777,61.4607142857143,59,85,269,27.6472346786248,61.4607142857143,58.8751994064181,58.9370968043531,269.0,300.404411764705,202.126198203003,198.806691449814,169.198108736474,22359,174.539393834171,61.3190338825798,84,94,3003.07195079303,4.82527881040892,12177.0404761904,63.0242063492064,643.397289225456,15435.654822335,58,53,23,27.6472346786248,137.010989010989,34.75,0
Xuan Li,9,5448,10,544.8,121.066666666666,9,9,9,9,5448,476.0,9,9,7.62093592681828,2912,9,30.12,63.0713881248859,9,9,14.6204275753647,2.64575131106459,98.5132158590308,1.48678414096916,0.0,0.0,9,1.0,544.8,0.9,1.8,73.8105683489837,66.8842283352361,0.5,1.925,9,10,9,1.8,1.925,9.9851321585903,9.9851321585903,9.0,605.333333333333,73.8105683489837,605.333333333333,65.4522726878142,5367,9.0,4.02492235949962,9,9,400.585361860361,5.0,1196.6,1.925,0.111111111111111,5367.0,9,9,9,1.8,-4.36842105263157,-1.00735294117647,0
Xue-mei Yan,199,55427,28,1979.53571428571,2.78527638190954,133,199,22,34,48846,227.0,180,197,92.1707482549856,18573,199,188.75,184.0,199,134,48.4573465517294,11.0905365064094,56.2126761325707,31.9140491096397,-3.9637721687986,-1.30260861361384,199,0.668341708542713,1323.00628140703,4.75,40.0408472012102,235.429394936146,96.3180022474294,2.18032786885245,72.1726190476191,77,129,199,38.5381263616557,72.1726190476191,76.8524799509628,76.8957908600501,199.0,367.263157894736,221.011311927692,278.527638190954,173.755575450113,31157,162.686815691991,71.5930918881159,127,111,1435.81986937935,3.321608040201,19121.1309523809,75.8392857142857,2067.30907386041,21034.9289340101,76,35,16,38.5381263616557,134.003745318352,67.5,0
Xun Shi,7,11,7,1.57142857142857,0.392857142857142,2,3,1,0,7,3.5,2,2,3.68571428571428,8,4,0.07,2.0,0,4,1.93185165257813,2.0,27.2727272727272,36.3636363636363,-54.5454545454545,-0.8,0,0.285714285714285,0.448979591836734,0.285714285714285,0.777777777777777,3.3166247903554,2.64575131106459,0.0512820512820512,1.25,3,2,7,0.8,1.25,2.42857142857142,2.63636363636363,7.0,3.5,2.64575131106459,1.57142857142857,2.64575131106459,3,2.44948974278317,1.26491106406735,2,2,0.326001469383822,2.57142857142857,7.0,4.25,2.75,3.0,2,0,0,0.8,3.2,2.0,0
Y I Zhuravlev,809,24862,57,436.175438596491,0.0758809076897251,71,132,14,17,14234,113.0,95,104,71.1571065368683,5408,220,101.92,98.9393753770459,4,71,29.9035609490572,10.1980390271855,37.2616844984313,20.275923095487,-168.288955031775,-6.29989523310633,409,0.0877626699629171,38.2799210634745,1.24561403508771,21.6587481146304,157.676884799263,68.4227463802953,0.946666666666666,43.9833333333333,41,94,809,20.408906882591,43.9833333333333,40.8619022958743,40.93564475907,809.0,200.478873239436,119.306328415553,30.7317676143386,89.5712007288056,9193,96.8090904822475,38.0661580496898,89,67,1009.09229766709,3.27812113720642,11691.6166666666,315.599999999999,41.6423165409789,6275.99038461538,40,22,10,20.408906882591,72.006993006993,36.0,0
Y. Nishida,259,33233,55,604.236363636363,0.987021087021087,113,162,16,23,21335,164.0,146,152,96.6710059694752,15276,259,58.76,127.667536985719,102,114,39.0544717338879,14.1774468787578,26.1156079800198,38.422652183071,-14.1816868775012,-3.37295417348608,259,0.436293436293436,263.624359424359,2.05454545454545,24.7605752961082,182.299204606054,73.2751202930998,1.66176470588235,59.8404761904762,44,67,259,24.4149139579349,59.8404761904762,43.8404659188956,43.9443625312189,259.0,188.805309734513,146.065053999921,128.312741312741,136.132288601933,8566,135.299667405356,52.5250918823247,61,69,1678.11483130505,4.56370656370656,8293.98809523809,63.8500000000001,233.521567728101,6368.1447368421,43,37,15,24.4149139579349,114.0,114.0,0
Y. Yemez,42,518,35,14.8,0.573643410852713,11,21,5,3,408,29.5,14,16,11.4576529550492,162,30,3.53,18.0554700852677,3,11,7.87837761711287,2.44948974278317,57.5289575289575,23.3590733590733,-46.3320463320463,-1.44680851063829,11,0.261904761904761,3.87619047619047,0.314285714285714,3.609375,22.759613353482,13.6747943311773,0.189655172413793,5.88333333333333,7,14,42,2.95121951219512,5.88333333333333,6.89801699716713,6.93050193050193,42.0,37.090909090909,20.1990098767241,12.3333333333333,18.0138835346518,287,15.1986841535706,5.69766747311093,11,5,19.2687458118645,3.04761904761904,173.133333333333,19.0499999999999,52.1986531986532,197.3125,6,4,2,2.95121951219512,12.0869565217391,4.0,0
Yan Yao,176,2606,137,19.0218978102189,0.167308680020544,22,48,8,7,1919,60.0,32,37,22.9626925173089,684,61,16.68,38.0,3,23,13.7369386182678,3.46410161513775,55.9094397544128,18.5725249424405,-104.489639293937,-1.87211093990755,48,0.125,2.37773722627737,0.160583941605839,6.52951096121416,51.0489960724009,26.3381852070335,0.156028368794326,11.0,12,26,176,5.14893617021276,11.0,11.9229789942711,11.9535686876438,176.0,87.2272727272727,43.806392227619,14.8068181818181,36.3318042491699,1435,32.4961536185438,10.6431478306317,23,10,103.047256475529,3.36931818181818,752.847619047619,64.8690476190476,43.2180963773069,853.243243243243,11,9,5,5.14893617021276,23.0,23.0,0
Yang Linyu,11,188,11,17.090909090909,2.84848484848484,6,11,4,3,173,28.0,8,10,6.84128997937047,96,10,1.31,11.4455231422595,9,7,5.52945594044546,1.73205080756887,72.8723404255319,19.1489361702127,-7.97872340425531,-1.07926829268292,5,0.545454545454545,9.32231404958677,0.545454545454545,1.65,13.711309200802,11.5974135047432,0.214285714285714,2.2,5,7,11,1.56521739130434,2.2,4.89677419354838,4.91489361702127,11.0,28.8333333333333,13.1529464379659,17.090909090909,12.9614813968157,137,8.12403840463596,3.06452351073149,6,4,7.70014731645166,3.63636363636363,48.3,3.7,197.115151515151,82.1999999999999,4,3,1,1.56521739130434,7.07692307692307,4.0,0
Yao-Ting Sung,258,8810,72,122.361111111111,0.263685612522821,47,92,12,15,7481,96.0,64,72,37.5914267087635,2710,98,50.19,73.3825592358293,10,47,23.4201555516092,3.16227766016837,59.8410896708286,25.0737797956867,-97.4687854710556,-1.37979993546305,98,0.182170542635658,22.2905900086132,0.652777777777777,12.9413020277481,93.8616002420584,57.6618426278426,0.626666666666666,19.4999999999999,24,54,258,12.340782122905,19.4999999999999,23.9086671270718,23.9399545970488,258.0,159.170212765957,86.4927742646748,34.1472868217054,67.1714224949866,5272,65.7571288910943,24.0835371109921,46,24,867.651528578845,3.63178294573643,2563.75,83.0261904761905,192.21659346364,3441.44444444444,23,29,13,12.340782122905,48.0210526315789,16.3333333333333,0
Yeung,999,275650,36,7656.94444444444,0.551851851851851,262,457,31,64,167051,407.0,356,386,248.76428423273,90048,900,650.11,342.73750888982,118,264,78.2980559320302,25.9229627936314,35.6999818610556,24.9025938690368,-30.6530019952838,-4.67777702081275,999,0.262262262262262,2008.12757201646,7.27777777777777,72.5437915742793,525.023808983936,119.713762953073,4.59649122807017,171.016666666666,148,245,999,73.1033013844515,171.016666666666,147.834487354279,147.921607110466,999.0,637.599236641221,408.718729690725,275.925925925925,326.548618125999,98407,346.026010583019,138.394598748384,238,234,10959.3887435452,3.61161161161161,96236.1095238094,345.949999999998,424.439468612527,66794.3886010362,147,86,36,73.1033013844515,263.003809523809,88.3333333333333,0
Yibo Xue,12,51,14,3.64285714285714,0.653846153846153,3,7,2,1,40,11.0,4,5,4.96423576423576,25,8,0.4,5.0,2,5,3.2119503094468,1.0,60.7843137254901,17.6470588235294,-31.3725490196078,-1.21875,2,0.25,0.910714285714285,0.214285714285714,1.0,7.14142842854284,5.70087712549569,0.0967741935483871,1.61666666666666,3,4,12,0.9,1.61666666666666,2.88888888888888,2.92156862745098,12.0,13.3333333333333,6.32455532033675,4.25,5.74456264653802,31,4.58257569495584,1.64316767251549,3,2,2.89106753812636,3.0,15.5,4.69999999999999,15.4545454545454,18.6,2,2,1,0.899999999999999,4.14285714285714,2.5,0
Yinchao Chen,154,1372,30,45.7333333333333,0.114956011730205,19,31,6,4,795,32.0,27,28,21.2116755273787,459,58,6.09,24.0208242989286,0,22,10.9117312075865,5.19615242270663,31.6326530612244,26.3119533527696,-144.897959183673,-5.13924050632911,42,0.123376623376623,5.64242424242424,0.633333333333333,5.7037037037037,37.0405183549042,21.7447311625904,0.558823529411764,11.8261904761904,11,18,154,5.55384615384615,11.8261904761904,10.8165137614678,10.9271137026239,154.0,41.8421052631579,28.1957443597433,8.9090909090909,24.6576560118759,434,24.2693221990231,10.2724425977017,14,13,86.4841432307115,3.33116883116883,449.833333333333,53.9523809523809,12.2750905939814,294.5,10,7,4,5.55384615384615,20.076923076923,5.75,0
Ying Xia,64,1254,16,78.375,0.602884615384615,18,35,7,6,1128,40.5,23,26,15.3356971624077,462,30,8.35,28.0891438103762,7,18,11.5587189146,2.64575131106459,64.1148325358851,25.8373205741626,-55.9011164274322,-1.16781157998037,23,0.28125,22.04296875,1.125,6.16042780748663,35.4118624192515,24.0156199170456,0.41860465116279,10.2333333333333,14,21,64,6.0,10.2333333333333,13.832507433102,13.8652312599681,64.0,62.6666666666666,33.5857112474933,19.59375,27.0,804,25.0998007960222,10.3923048454132,21,13,39.6784179583552,2.921875,491.133333333333,29.6166666666666,175.410714285714,556.615384615384,13,7,3,6.0,19.054054054054,6.66666666666666,0
Ying Zhang,529,139232,19,7328.0,0.993201840425152,210,344,26,50,95470,334.0,281,303,178.042974475406,50394,529,294.13,262.051521651754,174,212,65.3059007800207,21.3072757526625,36.8952539646058,31.673753160193,-16.6829464490921,-2.67157825802226,529,0.396975425330812,2909.03591682419,11.0526315789473,45.3243574051407,373.138044160603,99.823574528996,6.36363636363636,110.871825396825,94,164,529,45.3703703703703,110.871825396825,93.8644930828646,93.9378806596184,529.0,454.619047619047,308.98220013457,263.198487712665,264.839574082122,51370,268.774998837317,97.6103364289754,146,139,7750.05287371244,4.63327032136105,35867.2079365079,130.801587301587,574.186728712768,35602.9702970297,93,82,33,45.3703703703703,211.002375296912,106.0,0
Yingli Sun,23,1700,120,14.1666666666666,6.15942028985507,9,23,7,6,1683,94.0,11,16,8.42086376573925,816,14,13.85,37.2155881318567,9,9,10.5082554941602,1.73205080756887,94.235294117647,4.76470588235294,-6.29411764705882,-1.0023909145248,9,0.391304347826087,5.54347826086956,0.075,2.27472527472527,41.2310562561766,29.7909382195324,0.0725806451612903,2.61666666666666,9,24,23,1.97560975609756,2.61666666666666,8.96158463385354,8.96235294117647,23.0,187.0,41.024382993532,73.9130434782608,29.0860791444979,1602,14.3874945699381,4.21669157099236,19,8,102.618690230478,3.95652173913043,363.233333333333,6.73333333333333,7317.39130434782,901.125,8,8,5,1.97560975609756,10.5263157894736,1.63636363636363,0
Yong Hoon Lee,19,2709,24,112.875,14.2578947368421,19,19,10,10,2709,113.0,19,19,13.1810482770852,1302,19,12.65,45.0777106783385,19,19,14.6332345381975,3.74165738677394,86.6740494647471,13.3259505352528,0.0,0.0,19,1.0,112.874999999999,0.791666666666666,4.81333333333333,52.0480547186924,43.5028734683124,0.558823529411764,5.99285714285714,17,20,19,4.81333333333333,5.99285714285714,16.8996471971775,16.9055001845699,19.0,142.578947368421,52.0480547186924,142.578947368421,46.3357313528123,2348,19.0,9.56312361800961,19,19,155.76657550691,3.94736842105263,770.928571428571,5.99285714285714,0.0526315789473684,2348.0,16,14,8,4.81333333333333,18.8205128205128,-1.04444444444444,0
Yong Su,209,19938,24,830.75,0.908544087491455,78,134,15,20,14526,127.0,105,113,66.4528664840802,6490,190,64.19,101.444566143288,44,78,31.5247891135127,10.8627804912002,42.732470659043,30.5145952452603,-24.490921857759,-2.11073071573767,209,0.373205741626794,310.040669856459,3.25,16.0927936821322,141.201982988908,48.0002449694389,2.1081081081081,35.9869047619047,35,59,209,17.1864406779661,35.9869047619047,34.8861980704863,34.9420202628147,209.0,186.230769230769,120.523856559604,95.3971291866028,99.5288902781498,8442,102.235023353056,36.6134179349778,62,61,1247.19446540638,4.84688995215311,5375.97619047619,49.1214285714286,261.188540427661,5827.22123893805,34,33,15,17.1864406779661,79.0063694267515,39.5,0
Yong Zhang,299,146043,19,7686.47368421052,3.256254180602,211,299,29,57,130402,346.0,285,299,142.291406925593,45584,299,497.57,301.686923813412,299,211,68.4668401244309,16.093476939431,58.8052833754442,30.4848571995919,-2.00283478153694,-1.26766982691136,299,0.705685618729097,5424.23393768702,11.1052631578947,45.2250896057347,382.155727420118,91.8690723435154,6.39393939393939,74.9976190476191,97,167,299,44.6997991967871,74.9976190476191,96.9070967741935,96.9368952979601,299.0,618.018957345971,361.112170938615,488.438127090301,270.196224992134,85881,251.175237633011,97.1167216833542,179,140,8707.30751774792,4.66555183946488,37999.0416666666,74.9976190476191,4072.20181886256,60604.9866220735,96,85,42,44.6997991967871,212.009456264775,42.8,0
Yongcai Guo,37,250,19,13.1578947368421,0.355618776671408,8,15,4,2,198,21.5,11,12,9.15074670771948,102,20,1.76,11.8321595661992,2,8,6.2078028955623,2.44948974278317,53.6,25.6,-71.6,-1.39215686274509,7,0.216216216216216,2.84495021337126,0.421052631578947,2.20895522388059,15.8113883008418,9.60034721594311,0.266666666666666,3.6,6,8,37,2.20689655172413,3.6,5.84276729559748,5.9,37.0,24.75,14.0712472794702,6.75675675675675,13.114877048604,134,10.9544511501033,4.20180585151112,7,5,19.8348452201393,3.62162162162162,70.5166666666666,10.75,25.7276507276507,89.3333333333333,5,5,2,2.20689655172413,9.11764705882352,3.33333333333333,0
Yongdong Zhang,27,85,109,0.779816513761467,0.224867724867724,6,8,2,1,55,8.0,7,7,7.08053178551844,42,14,0.55,6.40312423743284,0,7,4.31930434970416,2.64575131106459,29.4117647058823,42.3529411764705,-120.0,-1.34883720930232,2,0.222222222222222,0.173292558613659,0.055045871559633,1.78021978021978,9.21954445729288,6.12372435695794,0.0530973451327433,2.91666666666666,3,6,27,2.0,2.91666666666666,2.87878787878787,2.95294117647058,27.0,9.16666666666666,7.41619848709566,3.14814814814814,6.9282032302755,19,6.9282032302755,3.46410161513775,4,2,3.92242765868337,3.37037037037037,29.7833333333333,9.36666666666666,8.00154320987654,16.2857142857142,2,2,1,2.0,7.0,7.0,0
Yongkun Lu,2,1,1,1.0,0.333333333333333,1,1,1,0,0,0.0,2,1,1.0,1,1,0.01,1.0,0,1,1.0,1.0,0.0,100.0,0.0,0.0,0,0.5,0.5,1.0,0.4,1.0,1.0,0.0588235294117647,0.5,1,2,2,0.5,0.5,-1.0,-1.0,2.0,0.0,0.0,0.5,0.0,-1,1.0,0.707106781186547,0,0,0.0625,2.5,0.5,0.833333333333333,0.5,-1.0,0,0,0,0.5,2.33333333333333,1.0,0
Yoo Jin Hong,89,1135,33,34.3939393939393,0.283395755305867,19,32,7,5,880,42.0,26,28,17.4094224745095,420,38,6.2,26.4196896272458,1,19,11.2370788202793,3.87298334620741,47.4008810572687,31.806167400881,-96.2995594713656,-1.5359765051395,28,0.213483146067415,7.3425263874702,0.575757575757575,4.01662707838479,33.689761055846,19.9001675034826,0.513513513513513,6.16666666666667,9,13,89,3.64646464646464,6.16666666666667,8.88888888888889,8.94361233480176,89.0,46.3157894736842,29.6647939483826,12.752808988764,28.248893783651,519,24.6576560118759,8.32363071518843,11,8,55.2208876127277,4.73033707865168,225.535714285714,22.7547619047618,48.5795562749952,352.178571428571,8,9,3,3.64646464646464,20.025641025641,10.0,0
Young Park,919,158153,34,4651.55882352941,0.374114112693381,201,338,27,48,91878,315.5,270,293,190.93505370243,47092,660,366.93,255.683397974917,58,201,63.7238916797731,19.6468827043885,32.6759530328226,25.5455160509127,-49.4729786978432,-6.00015264262545,919,0.218715995647442,1017.37031940088,5.91176470588235,45.8246092780947,397.684548354598,117.990894177962,3.79245283018867,112.659523809524,96,152,919,46.6524249422632,112.659523809524,95.8619481751154,95.9429350059752,919.0,457.10447761194,303.113840000749,172.092491838955,251.824343541286,51477,260.649189524924,96.8356205814519,144,162,6852.94458249105,4.38628944504896,42926.7166666666,248.726190476189,239.823600145884,35313.5733788395,95,66,29,46.6524249422632,202.002481389578,101.0,0
Young-Jin Jeon,186,5725,35,163.571428571428,0.329193260882065,37,74,11,12,4793,90.0,51,58,31.0245823763288,1886,78,32.37,58.6259328283994,9,37,19.8305520537449,4.79583152331271,60.4541484716157,23.9126637554585,-80.646288209607,-1.39486275497355,75,0.198924731182795,32.5384024577573,1.05714285714285,8.83440308087291,75.6637297521077,41.0741199946308,0.948717948717948,15.9761904761904,20,41,186,7.44021739130434,15.9761904761904,19.9050749408361,19.936943231441,186.0,129.54054054054,69.2314957226839,30.7795698924731,57.706152185014,3424,52.3259018078045,16.5918065164183,31,26,297.750207412432,4.18817204301075,1332.99761904761,61.0809523809524,166.106505676698,2184.27586206896,19,19,8,7.44021739130434,38.0133333333333,19.0,0
Yousry Taha,3,23,2,11.5,3.83333333333333,3,3,2,1,23,5.0,3,3,3.8,14,3,0.14,3.74165738677394,3,3,2.82448674351177,1.0,60.8695652173913,39.1304347826086,0.0,0.0,1,1.0,11.5,1.5,0.899999999999999,4.79583152331271,4.79583152331271,0.111111111111111,0.916666666666666,2,4,3,0.9,0.916666666666666,1.92857142857142,1.95652173913043,3.0,7.66666666666666,4.79583152331271,7.66666666666666,3.87298334620741,14,3.0,1.64316767251549,2,1,0.886609686609686,3.33333333333333,7.25,0.916666666666666,0.333333333333333,14.0,1,1,0,0.899999999999999,3.42857142857142,-1.66666666666666,0
Yu Gui,469,45431,27,1682.62962962962,0.412203420587034,100,200,19,27,33792,173.5,136,152,87.9144886524283,10152,277,205.38,153.736788050225,21,100,40.3019826850119,10.3923048454132,52.369527415201,22.0114019061874,-55.5986000748387,-2.02067322816952,397,0.21321961620469,358.76964384427,3.7037037037037,17.9555895865237,213.145490217363,75.0903828615262,2.56410256410256,38.9103174603174,39,77,469,17.0648464163822,38.9103174603174,38.9424517774589,38.9682155356474,469.0,337.92,183.826004689216,96.867803837953,131.719398723194,23792,141.421356237309,41.3096192386013,78,38,2862.64017520519,5.56929637526652,8721.13412698412,95.4996031746032,281.240383820956,15652.6315789473,38,44,22,17.0648464163822,101.014925373134,25.5,0
Yu Tingting,59,1263,21,60.1428571428571,0.713559322033898,17,35,7,6,1174,50.0,22,26,14.214050899596,480,27,8.23,29.6479341607471,8,17,11.4852368078062,3.46410161513775,70.0712589073634,22.8820269200316,-49.3269992082343,-1.09454545454545,21,0.288135593220339,17.3292978208232,0.809523809523809,3.36577181208053,35.5387112878337,12.4858894716169,0.5,4.975,9,15,59,2.86138613861386,4.975,8.92718998862343,8.94932699920823,59.0,69.0588235294117,34.2636833980236,21.4067796610169,29.1547594742265,885,24.3926218353009,6.97449384231111,14,8,95.5544575522516,5.05084745762711,238.589285714285,13.9119047619047,282.377071034088,578.653846153846,8,11,5,2.86138613861386,18.1428571428571,3.5,0
Yuan-liang Ma,21,227,16,14.1875,0.982683982683982,8,15,3,2,192,15.0,10,11,8.21305015455056,93,15,1.56,11.1803398874989,2,8,6.02902348176525,1.0,59.9118942731277,28.1938325991189,-33.0396475770925,-1.15083798882681,6,0.38095238095238,5.4047619047619,0.5,2.75409836065573,15.0665191733193,12.8840987267251,0.266666666666666,3.66666666666666,6,11,21,2.9090909090909,3.66666666666666,5.85294117647058,5.88986784140969,21.0,24.0,13.856406460551,10.8095238095238,10.9544511501033,128,10.9544511501033,4.82418151324421,8,6,11.947808326229,2.9047619047619,80.9999999999999,7.69999999999999,80.0705467372134,93.0909090909091,5,3,2,2.9090909090909,9.11764705882352,3.0,0
Yunlong Xu,30,232,19,12.2105263157894,0.498924731182795,9,14,4,2,187,20.0,12,13,9.48282060754769,126,18,1.29,11.3578166916005,2,9,6.35982115669555,3.0,45.6896551724137,34.9137931034482,-61.6379310344827,-1.34666666666666,9,0.3,3.66315789473684,0.473684210526315,2.67326732673267,15.2315462117278,10.0349389634416,0.214285714285714,4.78333333333333,6,9,30,2.89285714285714,4.78333333333333,5.80620155038759,5.89224137931034,30.0,20.7777777777777,13.6747943311773,7.73333333333333,13.4164078649987,106,11.2249721603218,5.10252038562456,7,6,7.50395361845572,3.36666666666666,81.075,10.8749999999999,32.1362962962963,73.3846153846153,5,2,1,2.89285714285714,10.3157894736842,2.14285714285714,0
Yutaka Fukuda,529,15468,51,303.294117647058,0.110339907978742,59,103,13,15,8676,99.0,81,88,60.2041115695371,4000,183,57.56,77.9679421300831,5,60,25.9198892006467,10.0,33.585466770106,22.504525471942,-135.363330747349,-7.68862583633556,307,0.111531190926275,33.8267541421105,1.15686274509803,15.644611528822,124.370414488334,64.1683982450344,1.09259259259259,32.0833333333333,28,54,529,14.2663934426229,32.0833333333333,27.8820769977353,27.9528704422032,529.0,147.050847457627,93.1450481775601,29.2400756143667,76.4264352171419,5195,77.9551152907876,29.0123631080743,49,38,791.541493045513,3.77126654064272,4633.06666666666,165.333333333333,37.3508386381398,3483.01136363636,27,24,11,14.2663934426229,60.016806722689,20.6666666666666,0
Zach Bush,599,48147,58,830.120689655172,0.267929883138564,101,195,18,27,31136,176.0,139,154,96.8240792409214,11060,316,184.39,148.182320133003,18,103,39.8463421705799,11.8321595661992,43.4814214800506,21.1871975408644,-69.1361870936922,-3.34233094334317,585,0.168614357262103,139.970266536181,1.74137931034482,28.4433474377056,219.424246609166,81.1691662503906,1.36486486486486,61.602380952381,58,106,599,27.8715846994535,61.602380952381,57.872573243911,57.9325191600722,599.0,308.277227722772,176.453960000902,80.3789649415692,133.326666499991,20935,140.338875583353,53.0568568108289,104,94,2194.33098803925,3.55091819699499,16926.9809523809,219.073809523809,147.121242279742,13730.0974025974,57,38,16,27.8715846994535,102.009852216748,34.6666666666666,0
Zaixin Lu,29,212,16,13.25,0.48735632183908,6,14,4,2,184,27.0,8,10,7.06387990257151,99,11,1.84,12.7279220613578,3,6,5.48133252771068,1.0,72.6415094339622,16.9811320754717,-54.2452830188679,-1.05780346820809,4,0.206896551724137,2.74137931034482,0.375,3.0,14.560219778561,12.8062484748656,0.127659574468085,5.0,7,8,29,3.6,5.0,6.81052631578947,6.83018867924528,29.0,30.6666666666666,13.5646599662505,7.3103448275862,12.7279220613578,148,9.16515138991168,4.6475800154489,10,6,6.41773501996992,2.0,111.166666666666,18.9833333333333,63.1347962382445,88.8,6,2,1,3.59999999999999,7.07692307692307,3.5,0
Zelalem Bachore,2,0,11,0.0,0.0,0,0,0,0,0,0.0,2,1,0.0,0,0,0.0,0.0,0,2,0.0,1.0,0.0,0.0,0.0,0.0,0,0.0,0.0,0.0,0.0,0.0,0.0,0.0,0.0,1,3,2,0.0,1.16666666666666,0.0,0.0,1.16666666666666,0.0,0.0,0.0,0.0,0,0.0,0.0,0,0,0.0,3.5,0.0,1.16666666666666,0.0,0.0,0,0,0,0.0,1.0,1.0,0
Zhang,789,639438,17,37614.0,2.05174953073109,471,789,43,115,523644,747.5,632,684,337.254275522593,232870,788,1376.76,608.030426870234,789,471,121.100930061072,25.2586618806301,47.271823069633,34.6931211470072,-5.38816898589073,-1.56048936866848,789,0.596958174904943,22453.9847908745,27.7058823529411,121.009117551286,799.64867285577,136.949375467209,10.4666666666666,250.049206349205,232,399,789,118.252132196162,250.049206349205,231.860032315771,231.916550158107,789.0,1111.77070063694,723.632503415925,810.441064638783,593.356975184416,301803,609.605610210404,236.00159801237,392,449,20986.886134162,3.89226869455006,204693.644841269,251.215873015872,3683.25762071014,207820.486842105,231,133,55,118.252132196162,472.001060445387,236.0,0
Zhang Heng,619,22765,28,813.035714285714,0.11863567668977,74,129,15,18,13602,116.0,100,109,71.9046482615982,6148,223,84.43,98.0255068846879,3,77,30.6079718512218,10.770329614269,35.6951460575444,24.0544695804963,-136.907533494399,-4.90715710170618,345,0.119547657512116,97.1965151165474,2.64285714285714,16.7664714494875,150.880747612145,38.1589928913714,1.80487804878048,34.4194444444444,31,51,619,14.4867724867724,34.4194444444444,30.9036711976881,30.960465627059,619.0,183.81081081081,116.627612510931,36.7770597738287,92.6498785752037,8126,97.7036335045938,32.7417342854828,48,43,1453.87677478373,4.41357027463651,4999.19603174603,164.645634920634,54.593644771758,5516.73394495412,30,33,14,14.4867724867724,75.0067114093959,38.0,0
Zhang Zhuo,531,12183,140,87.0214285714285,0.086253770018266,60,100,13,16,8291,109.0,80,87,52.7978488140501,3610,150,51.62,78.1280999384984,0,60,26.0922924639148,6.16441400296897,38.9969629812033,29.5493720758433,-200.484281375687,-2.54632867132867,171,0.112994350282485,9.83292978208232,0.428571428571428,14.8600746268656,110.376627960814,39.1499711123167,0.416666666666666,25.7071428571428,25,41,531,11.8421052631578,25.7071428571428,24.8911770262611,24.9527210046786,531.0,138.183333333333,91.0549284772658,22.9435028248587,80.8702664766229,4691,77.4596669241483,26.6556994991591,39,31,665.195605370328,4.03766478342749,2801.98214285714,167.698809523809,50.0003110883078,3235.1724137931,24,26,10,11.8421052631578,61.0247933884297,15.25,0
Zhen-hou Zhang,459,1371097,23,59612.9130434782,12.9875627545704,458,459,63,205,1370915,1940.5,459,459,235.266257839021,585984,459,3730.32,977.138680024488,459,458,151.421235914112,21.1660104885167,84.6877354410373,15.2989905163529,0.0,0.0,459,0.997821350762527,59483.0374159325,19.9130434782608,100.248927038626,1170.9385124762,250.056474203357,10.9047619047619,126.13492063492,330,460,459,100.221691352126,126.13492063492,329.908948365014,329.921055184279,459.0,2993.26419213973,1170.8607944585,2987.13943355119,942.734851376568,1161151,458.499727371783,214.246434367701,459,439,58390.2925080307,4.56862745098039,422493.268253968,126.13492063492,22500627.7832244,1158621.25925925,329,286,119,100.221691352126,459.618320610687,1.32042253521126,0
Zheng Jiang,179,15501,23,673.95652173913,0.962197392923649,68,116,14,18,11263,110.5,91,100,58.7002795794689,4760,177,49.83,88.9438024822415,50,69,28.8350116112373,8.24621125123532,42.8294948712986,29.8303335268692,-21.3534610670279,-2.16015790215705,179,0.379888268156424,256.028175856205,2.95652173913043,15.1581569115815,124.503012011758,51.1641460523855,1.78947368421052,34.4928571428571,31,55,179,14.7261146496815,34.4928571428571,30.8844820947246,30.9419392297271,179.0,165.632352941176,106.127282072047,86.5977653631284,86.6833317310773,6639,88.814413244698,31.6445223724161,50,44,808.715773619401,4.48603351955307,4059.51904761904,48.4619047619048,230.144084776997,4514.52,30,28,13,14.7261146496815,69.0145985401459,23.6666666666666,0
Zheng Zhao,229,8766,25,350.64,0.332865008543763,48,82,11,12,5534,82.0,66,72,46.2259425585936,2730,144,31.11,62.1047502208969,12,48,22.2866727496508,6.48074069840786,37.3944786675792,26.2833675564681,-62.7652292950034,-3.4930441898527,177,0.209606986899563,73.4965938864628,1.92,13.1013110846245,93.6269192059633,36.3973442254605,1.11627906976744,25.8357142857142,25,45,229,12.8715083798882,25.8357142857142,24.8537699923838,24.9342915811088,229.0,115.291666666666,74.3908596535891,38.2794759825327,62.7375485654324,3230,62.7375485654324,24.8562346753211,41,25,410.83567150311,3.66375545851528,2806.47857142857,73.6714285714286,67.109307454302,2153.33333333333,24,17,8,12.8715083798882,49.020618556701,16.3333333333333,0
Zhenyun Zhang,1,7,0,7.0,7.0,1,1,1,0,7,7.0,1,1,2.0,7,1,0.07,2.64575131106459,1,1,1.62657656169778,1.0,85.7142857142857,14.2857142857142,0.0,0.0,0,1.0,7.0,1.0,0.333333333333333,2.64575131106459,2.64575131106459,0.0263157894736842,0.333333333333333,1,1,1,0.333333333333333,0.333333333333333,1.85714285714285,1.85714285714285,1.0,7.0,2.64575131106459,7.0,2.64575131106459,6,1.0,0.577350269189625,1,1,0.184210526315789,3.0,2.33333333333333,0.333333333333333,1.0,6.0,1,0,0,0.333333333333333,-0.333333333333333,-1.33333333333333,0
Zhifang Sui,549,4307,75,57.4266666666666,0.0285279019705249,30,60,9,8,3142,57.0,40,45,28.2459890433142,1056,78,29.5,48.2907858705985,1,30,16.6074601260046,2.44948974278317,52.7513350359879,20.8962154631994,-335.128859995356,-1.8189738625363,69,0.0546448087431694,3.13806921675774,0.4,8.95595432300163,65.6277380381193,38.8694395809012,0.297029702970297,15.5095238095238,17,30,549,8.41121495327102,15.5095238095238,16.9030303030303,16.9405618760157,549.0,104.733333333333,56.053545828966,7.84517304189435,41.3521462562706,2242,42.4264068711928,15.8851014664096,31,28,135.311180644034,3.34972677595628,1378.29999999999,214.120238095237,21.9250122369065,1494.66666666666,16,10,5,8.41121495327102,31.0163934426229,15.5,0
Zhifeng Liu,17,34,14,2.42857142857142,0.222222222222222,2,5,2,1,24,12.0,3,4,4.24360084360084,17,7,0.28,4.12310562561766,1,7,2.60170269951857,1.0,58.8235294117647,11.7647058823529,-58.8235294117647,-1.0625,1,0.117647058823529,0.285714285714285,0.142857142857142,0.641509433962264,5.8309518948453,3.46410161513775,0.0476190476190476,1.86666666666666,3,3,17,0.5,1.86666666666666,2.83333333333333,2.88235294117647,17.0,12.0,4.89897948556635,2.0,4.89897948556635,20,3.16227766016837,1.0,2,2,1.11182266009852,3.11764705882352,9.96666666666666,7.85,4.8,10.0,2,1,0,0.5,4.0,1.33333333333333,0
Zhike Mao,309,47830,42,1138.80952380952,0.998642864599645,112,205,19,27,33824,194.5,154,168,100.180977998254,14960,307,157.8,153.987012439361,83,113,42.0827450667155,13.6747943311773,44.4909052895672,26.2262178549027,-16.8471670499686,-2.38439538384345,309,0.362459546925566,412.77238403452,2.66666666666666,32.9286393910561,218.700708732276,77.5264170940281,1.47368421052631,71.3952380952381,64,110,309,31.6767676767676,71.3952380952381,63.8521457308895,63.9170186075684,309.0,302.0,183.913022921162,154.789644012945,147.59403781996,21280,151.525575399006,59.5633946295707,107,108,1215.37491504083,3.40129449838187,17005.2261904761,116.129761904761,373.811574974571,14186.6666666666,63,27,12,31.6767676767676,113.004444444444,57.0,0
Zhiqiang Gao,249,25230,22,1146.81818181818,0.810602409638554,73,153,16,22,19293,130.0,103,116,66.0672099350787,5934,193,114.84,117.995762635782,34,75,32.4287256485546,9.2736184954957,55.3468093539437,21.1216805390408,-27.3919936583432,-1.86022786506813,246,0.293172690763052,336.215772179627,3.31818181818181,20.9171461449942,158.839541676498,77.7317885577126,2.08571428571428,44.9845238095238,44,101,249,21.2310756972111,44.9845238095238,43.8881156964782,43.9267142290923,249.0,264.287671232876,138.899244058418,101.325301204819,97.4166310236604,13964,105.683489722851,39.3683696118649,99,61,1353.29703223919,3.48995983935742,11305.9178571428,86.0178571428571,329.268828725716,8787.68965517241,43,33,15,21.2310756972111,74.0068027210884,37.5,0
ke Bjrck,1,2,0,2.0,2.0,1,1,1,0,2,2.0,1,1,2.0,2,1,0.02,1.41421356237309,1,1,1.18920711500272,1.0,50.0,50.0,0.0,0.0,0,1.0,2.0,1.0,1.0,1.41421356237309,1.41421356237309,0.0303030303030303,1.0,1,1,1,1.0,1.0,1.5,1.5,1.0,2.0,1.41421356237309,2.0,1.41421356237309,1,1.0,1.0,1,1,0.0606060606060606,1.0,2.0,1.0,1.0,1.0,1,0,0,1.0,1.33333333333333,-3.0,0
