repeat,shortlist,pair_rho,redundancy_rho,ROC-AUC,AP,NDCG10,Precision10,Recall10,NDCG20,Precision20,Recall20,NDCG30,Precision30,Recall30,NDCG40,Precision40,Recall40,NDCG50,Precision50,Recall50,tie_count
1,8,0.6,0.85,0.7151667023631042,0.6992546067311171,0.7471370336821628,0.7675070028011205,0.1499726327312534,0.7797704272289298,0.7974683544303798,0.3103448275862069,0.7421928710187503,0.7443820224719101,0.4351395730706076,0.7174975660169838,0.7130801687763713,0.555008210180624,0.6926888534244471,0.683277027027027,0.6642036124794746,492
1,8,0.6,0.9,0.7151667023631042,0.6992546067311171,0.7471370336821628,0.7675070028011205,0.1499726327312534,0.7797704272289298,0.7974683544303798,0.3103448275862069,0.7421928710187503,0.7443820224719101,0.4351395730706076,0.7174975660169838,0.7130801687763713,0.555008210180624,0.6926888534244471,0.683277027027027,0.6642036124794746,492
1,8,0.6,0.95,0.7291382879988577,0.7071897709855486,0.7672478345725828,0.7983193277310925,0.1559934318555008,0.7834178473245258,0.8016877637130801,0.3119868637110016,0.7516095614149226,0.7556179775280899,0.4417077175697865,0.7310370703423577,0.729254571026723,0.5675971538040504,0.7031227091240695,0.6951013513513513,0.6756978653530378,486
1,8,0.7,0.85,0.7151667023631042,0.6992546067311171,0.7471370336821628,0.7675070028011205,0.1499726327312534,0.7797704272289298,0.7974683544303798,0.3103448275862069,0.7421928710187503,0.7443820224719101,0.4351395730706076,0.7174975660169838,0.7130801687763713,0.555008210180624,0.6926888534244471,0.683277027027027,0.6642036124794746,492
1,8,0.7,0.9,0.7151667023631042,0.6992546067311171,0.7471370336821628,0.7675070028011205,0.1499726327312534,0.7797704272289298,0.7974683544303798,0.3103448275862069,0.7421928710187503,0.7443820224719101,0.4351395730706076,0.7174975660169838,0.7130801687763713,0.555008210180624,0.6926888534244471,0.683277027027027,0.6642036124794746,492
1,8,0.7,0.95,0.7291382879988577,0.7071897709855486,0.7672478345725828,0.7983193277310925,0.1559934318555008,0.7834178473245258,0.8016877637130801,0.3119868637110016,0.7516095614149226,0.7556179775280899,0.4417077175697865,0.7310370703423577,0.729254571026723,0.5675971538040504,0.7031227091240695,0.6951013513513513,0.6756978653530378,486
1,8,0.8,0.85,0.7151667023631042,0.6992546067311171,0.7471370336821628,0.7675070028011205,0.1499726327312534,0.7797704272289298,0.7974683544303798,0.3103448275862069,0.7421928710187503,0.7443820224719101,0.4351395730706076,0.7174975660169838,0.7130801687763713,0.555008210180624,0.6926888534244471,0.683277027027027,0.6642036124794746,492
1,8,0.8,0.9,0.7151667023631042,0.6992546067311171,0.7471370336821628,0.7675070028011205,0.1499726327312534,0.7797704272289298,0.7974683544303798,0.3103448275862069,0.7421928710187503,0.7443820224719101,0.4351395730706076,0.7174975660169838,0.7130801687763713,0.555008210180624,0.6926888534244471,0.683277027027027,0.6642036124794746,492
1,8,0.8,0.95,0.7291382879988577,0.7071897709855486,0.7672478345725828,0.7983193277310925,0.1559934318555008,0.7834178473245258,0.8016877637130801,0.3119868637110016,0.7516095614149226,0.7556179775280899,0.4417077175697865,0.7310370703423577,0.729254571026723,0.5675971538040504,0.7031227091240695,0.6951013513513513,0.6756978653530378,486
1,8,0.9,0.85,0.7151667023631042,0.6992546067311171,0.7471370336821628,0.7675070028011205,0.1499726327312534,0.7797704272289298,0.7974683544303798,0.3103448275862069,0.7421928710187503,0.7443820224719101,0.4351395730706076,0.7174975660169838,0.7130801687763713,0.555008210180624,0.6926888534244471,0.683277027027027,0.6642036124794746,492
1,8,0.9,0.9,0.7151667023631042,0.6992546067311171,0.7471370336821628,0.7675070028011205,0.1499726327312534,0.7797704272289298,0.7974683544303798,0.3103448275862069,0.7421928710187503,0.7443820224719101,0.4351395730706076,0.7174975660169838,0.7130801687763713,0.555008210180624,0.6926888534244471,0.683277027027027,0.6642036124794746,492
1,8,0.9,0.95,0.7291382879988577,0.7071897709855486,0.7672478345725828,0.7983193277310925,0.1559934318555008,0.7834178473245258,0.8016877637130801,0.3119868637110016,0.7516095614149226,0.7556179775280899,0.4417077175697865,0.7310370703423577,0.729254571026723,0.5675971538040504,0.7031227091240695,0.6951013513513513,0.6756978653530378,486
1,10,0.6,0.85,0.7151667023631042,0.6992546067311171,0.7471370336821628,0.7675070028011205,0.1499726327312534,0.7797704272289298,0.7974683544303798,0.3103448275862069,0.7421928710187503,0.7443820224719101,0.4351395730706076,0.7174975660169838,0.7130801687763713,0.555008210180624,0.6926888534244471,0.683277027027027,0.6642036124794746,492
1,10,0.6,0.9,0.7151667023631042,0.6992546067311171,0.7471370336821628,0.7675070028011205,0.1499726327312534,0.7797704272289298,0.7974683544303798,0.3103448275862069,0.7421928710187503,0.7443820224719101,0.4351395730706076,0.7174975660169838,0.7130801687763713,0.555008210180624,0.6926888534244471,0.683277027027027,0.6642036124794746,492
1,10,0.6,0.95,0.7291382879988577,0.7071897709855486,0.7672478345725828,0.7983193277310925,0.1559934318555008,0.7834178473245258,0.8016877637130801,0.3119868637110016,0.7516095614149226,0.7556179775280899,0.4417077175697865,0.7310370703423577,0.729254571026723,0.5675971538040504,0.7031227091240695,0.6951013513513513,0.6756978653530378,486
1,10,0.7,0.85,0.7151667023631042,0.6992546067311171,0.7471370336821628,0.7675070028011205,0.1499726327312534,0.7797704272289298,0.7974683544303798,0.3103448275862069,0.7421928710187503,0.7443820224719101,0.4351395730706076,0.7174975660169838,0.7130801687763713,0.555008210180624,0.6926888534244471,0.683277027027027,0.6642036124794746,492
1,10,0.7,0.9,0.7151667023631042,0.6992546067311171,0.7471370336821628,0.7675070028011205,0.1499726327312534,0.7797704272289298,0.7974683544303798,0.3103448275862069,0.7421928710187503,0.7443820224719101,0.4351395730706076,0.7174975660169838,0.7130801687763713,0.555008210180624,0.6926888534244471,0.683277027027027,0.6642036124794746,492
1,10,0.7,0.95,0.7291382879988577,0.7071897709855486,0.7672478345725828,0.7983193277310925,0.1559934318555008,0.7834178473245258,0.8016877637130801,0.3119868637110016,0.7516095614149226,0.7556179775280899,0.4417077175697865,0.7310370703423577,0.729254571026723,0.5675971538040504,0.7031227091240695,0.6951013513513513,0.6756978653530378,486
1,10,0.8,0.85,0.7151667023631042,0.6992546067311171,0.7471370336821628,0.7675070028011205,0.1499726327312534,0.7797704272289298,0.7974683544303798,0.3103448275862069,0.7421928710187503,0.7443820224719101,0.4351395730706076,0.7174975660169838,0.7130801687763713,0.555008210180624,0.6926888534244471,0.683277027027027,0.6642036124794746,492
1,10,0.8,0.9,0.7151667023631042,0.6992546067311171,0.7471370336821628,0.7675070028011205,0.1499726327312534,0.7797704272289298,0.7974683544303798,0.3103448275862069,0.7421928710187503,0.7443820224719101,0.4351395730706076,0.7174975660169838,0.7130801687763713,0.555008210180624,0.6926888534244471,0.683277027027027,0.6642036124794746,492
1,10,0.8,0.95,0.7291382879988577,0.7071897709855486,0.7672478345725828,0.7983193277310925,0.1559934318555008,0.7834178473245258,0.8016877637130801,0.3119868637110016,0.7516095614149226,0.7556179775280899,0.4417077175697865,0.7310370703423577,0.729254571026723,0.5675971538040504,0.7031227091240695,0.6951013513513513,0.6756978653530378,486
1,10,0.9,0.85,0.7151667023631042,0.6992546067311171,0.7471370336821628,0.7675070028011205,0.1499726327312534,0.7797704272289298,0.7974683544303798,0.3103448275862069,0.7421928710187503,0.7443820224719101,0.4351395730706076,0.7174975660169838,0.7130801687763713,0.555008210180624,0.6926888534244471,0.683277027027027,0.6642036124794746,492
1,10,0.9,0.9,0.7151667023631042,0.6992546067311171,0.7471370336821628,0.7675070028011205,0.1499726327312534,0.7797704272289298,0.7974683544303798,0.3103448275862069,0.7421928710187503,0.7443820224719101,0.4351395730706076,0.7174975660169838,0.7130801687763713,0.555008210180624,0.6926888534244471,0.683277027027027,0.6642036124794746,492
1,10,0.9,0.95,0.7291382879988577,0.7071897709855486,0.7672478345725828,0.7983193277310925,0.1559934318555008,0.7834178473245258,0.8016877637130801,0.3119868637110016,0.7516095614149226,0.7556179775280899,0.4417077175697865,0.7310370703423577,0.729254571026723,0.5675971538040504,0.7031227091240695,0.6951013513513513,0.6756978653530378,486
1,12,0.6,0.85,0.7151667023631042,0.6992546067311171,0.7471370336821628,0.7675070028011205,0.1499726327312534,0.7797704272289298,0.7974683544303798,0.3103448275862069,0.7421928710187503,0.7443820224719101,0.4351395730706076,0.7174975660169838,0.7130801687763713,0.555008210180624,0.6926888534244471,0.683277027027027,0.6642036124794746,492
1,12,0.6,0.9,0.7151667023631042,0.6992546067311171,0.7471370336821628,0.7675070028011205,0.1499726327312534,0.7797704272289298,0.7974683544303798,0.3103448275862069,0.7421928710187503,0.7443820224719101,0.4351395730706076,0.7174975660169838,0.7130801687763713,0.555008210180624,0.6926888534244471,0.683277027027027,0.6642036124794746,492
1,12,0.6,0.95,0.7291382879988577,0.7071897709855486,0.7672478345725828,0.7983193277310925,0.1559934318555008,0.7834178473245258,0.8016877637130801,0.3119868637110016,0.7516095614149226,0.7556179775280899,0.4417077175697865,0.7310370703423577,0.729254571026723,0.5675971538040504,0.7031227091240695,0.6951013513513513,0.6756978653530378,486
1,12,0.7,0.85,0.7151667023631042,0.6992546067311171,0.7471370336821628,0.7675070028011205,0.1499726327312534,0.7797704272289298,0.7974683544303798,0.3103448275862069,0.7421928710187503,0.7443820224719101,0.4351395730706076,0.7174975660169838,0.7130801687763713,0.555008210180624,0.6926888534244471,0.683277027027027,0.6642036124794746,492
1,12,0.7,0.9,0.7151667023631042,0.6992546067311171,0.7471370336821628,0.7675070028011205,0.1499726327312534,0.7797704272289298,0.7974683544303798,0.3103448275862069,0.7421928710187503,0.7443820224719101,0.4351395730706076,0.7174975660169838,0.7130801687763713,0.555008210180624,0.6926888534244471,0.683277027027027,0.6642036124794746,492
1,12,0.7,0.95,0.7291382879988577,0.7071897709855486,0.7672478345725828,0.7983193277310925,0.1559934318555008,0.7834178473245258,0.8016877637130801,0.3119868637110016,0.7516095614149226,0.7556179775280899,0.4417077175697865,0.7310370703423577,0.729254571026723,0.5675971538040504,0.7031227091240695,0.6951013513513513,0.6756978653530378,486
1,12,0.8,0.85,0.7151667023631042,0.6992546067311171,0.7471370336821628,0.7675070028011205,0.1499726327312534,0.7797704272289298,0.7974683544303798,0.3103448275862069,0.7421928710187503,0.7443820224719101,0.4351395730706076,0.7174975660169838,0.7130801687763713,0.555008210180624,0.6926888534244471,0.683277027027027,0.6642036124794746,492
1,12,0.8,0.9,0.7151667023631042,0.6992546067311171,0.7471370336821628,0.7675070028011205,0.1499726327312534,0.7797704272289298,0.7974683544303798,0.3103448275862069,0.7421928710187503,0.7443820224719101,0.4351395730706076,0.7174975660169838,0.7130801687763713,0.555008210180624,0.6926888534244471,0.683277027027027,0.6642036124794746,492
1,12,0.8,0.95,0.7291382879988577,0.7071897709855486,0.7672478345725828,0.7983193277310925,0.1559934318555008,0.7834178473245258,0.8016877637130801,0.3119868637110016,0.7516095614149226,0.7556179775280899,0.4417077175697865,0.7310370703423577,0.729254571026723,0.5675971538040504,0.7031227091240695,0.6951013513513513,0.6756978653530378,486
1,12,0.9,0.85,0.7151667023631042,0.6992546067311171,0.7471370336821628,0.7675070028011205,0.1499726327312534,0.7797704272289298,0.7974683544303798,0.3103448275862069,0.7421928710187503,0.7443820224719101,0.4351395730706076,0.7174975660169838,0.7130801687763713,0.555008210180624,0.6926888534244471,0.683277027027027,0.6642036124794746,492
1,12,0.9,0.9,0.7151667023631042,0.6992546067311171,0.7471370336821628,0.7675070028011205,0.1499726327312534,0.7797704272289298,0.7974683544303798,0.3103448275862069,0.7421928710187503,0.7443820224719101,0.4351395730706076,0.7174975660169838,0.7130801687763713,0.555008210180624,0.6926888534244471,0.683277027027027,0.6642036124794746,492
1,12,0.9,0.95,0.7291382879988577,0.7071897709855486,0.7672478345725828,0.7983193277310925,0.1559934318555008,0.7834178473245258,0.8016877637130801,0.3119868637110016,0.7516095614149226,0.7556179775280899,0.4417077175697865,0.7310370703423577,0.729254571026723,0.5675971538040504,0.7031227091240695,0.6951013513513513,0.6756978653530378,486
2,8,0.6,0.85,0.7150596130506175,0.6907493753456706,0.734438572884649,0.7478991596638656,0.1461412151067323,0.7615739977266204,0.7742616033755274,0.3013136288998358,0.7381945577033919,0.7408707865168539,0.4330870279146141,0.7114434879554525,0.7067510548523207,0.5500821018062397,0.6856471140784773,0.6756756756756757,0.6568144499178982,699
2,8,0.6,0.9,0.7150596130506175,0.6907493753456706,0.734438572884649,0.7478991596638656,0.1461412151067323,0.7615739977266204,0.7742616033755274,0.3013136288998358,0.7381945577033919,0.7408707865168539,0.4330870279146141,0.7114434879554525,0.7067510548523207,0.5500821018062397,0.6856471140784773,0.6756756756756757,0.6568144499178982,699
2,8,0.6,0.95,0.7329292496608839,0.7113142967208527,0.7764513320001377,0.8151260504201681,0.1592775041050903,0.7841649496847977,0.8037974683544303,0.312807881773399,0.7534517516786996,0.7584269662921348,0.4433497536945813,0.7216176898994604,0.7172995780590717,0.5582922824302134,0.6992020467775123,0.6903153153153152,0.6710454296661192,697
2,8,0.7,0.85,0.7150596130506175,0.6907493753456706,0.734438572884649,0.7478991596638656,0.1461412151067323,0.7615739977266204,0.7742616033755274,0.3013136288998358,0.7381945577033919,0.7408707865168539,0.4330870279146141,0.7114434879554525,0.7067510548523207,0.5500821018062397,0.6856471140784773,0.6756756756756757,0.6568144499178982,699
2,8,0.7,0.9,0.7150596130506175,0.6907493753456706,0.734438572884649,0.7478991596638656,0.1461412151067323,0.7615739977266204,0.7742616033755274,0.3013136288998358,0.7381945577033919,0.7408707865168539,0.4330870279146141,0.7114434879554525,0.7067510548523207,0.5500821018062397,0.6856471140784773,0.6756756756756757,0.6568144499178982,699
2,8,0.7,0.95,0.7329292496608839,0.7113142967208527,0.7764513320001377,0.8151260504201681,0.1592775041050903,0.7841649496847977,0.8037974683544303,0.312807881773399,0.7534517516786996,0.7584269662921348,0.4433497536945813,0.7216176898994604,0.7172995780590717,0.5582922824302134,0.6992020467775123,0.6903153153153152,0.6710454296661192,697
2,8,0.8,0.85,0.7150596130506175,0.6907493753456706,0.734438572884649,0.7478991596638656,0.1461412151067323,0.7615739977266204,0.7742616033755274,0.3013136288998358,0.7381945577033919,0.7408707865168539,0.4330870279146141,0.7114434879554525,0.7067510548523207,0.5500821018062397,0.6856471140784773,0.6756756756756757,0.6568144499178982,699
2,8,0.8,0.9,0.7150596130506175,0.6907493753456706,0.734438572884649,0.7478991596638656,0.1461412151067323,0.7615739977266204,0.7742616033755274,0.3013136288998358,0.7381945577033919,0.7408707865168539,0.4330870279146141,0.7114434879554525,0.7067510548523207,0.5500821018062397,0.6856471140784773,0.6756756756756757,0.6568144499178982,699
2,8,0.8,0.95,0.7329292496608839,0.7113142967208527,0.7764513320001377,0.8151260504201681,0.1592775041050903,0.7841649496847977,0.8037974683544303,0.312807881773399,0.7534517516786996,0.7584269662921348,0.4433497536945813,0.7216176898994604,0.7172995780590717,0.5582922824302134,0.6992020467775123,0.6903153153153152,0.6710454296661192,697
2,8,0.9,0.85,0.7150596130506175,0.6907493753456706,0.734438572884649,0.7478991596638656,0.1461412151067323,0.7615739977266204,0.7742616033755274,0.3013136288998358,0.7381945577033919,0.7408707865168539,0.4330870279146141,0.7114434879554525,0.7067510548523207,0.5500821018062397,0.6856471140784773,0.6756756756756757,0.6568144499178982,699
2,8,0.9,0.9,0.7150596130506175,0.6907493753456706,0.734438572884649,0.7478991596638656,0.1461412151067323,0.7615739977266204,0.7742616033755274,0.3013136288998358,0.7381945577033919,0.7408707865168539,0.4330870279146141,0.7114434879554525,0.7067510548523207,0.5500821018062397,0.6856471140784773,0.6756756756756757,0.6568144499178982,699
2,8,0.9,0.95,0.7329292496608839,0.7113142967208527,0.7764513320001377,0.8151260504201681,0.1592775041050903,0.7841649496847977,0.8037974683544303,0.312807881773399,0.7534517516786996,0.7584269662921348,0.4433497536945813,0.7216176898994604,0.7172995780590717,0.5582922824302134,0.6992020467775123,0.6903153153153152,0.6710454296661192,697
2,10,0.6,0.85,0.7150596130506175,0.6907493753456706,0.734438572884649,0.7478991596638656,0.1461412151067323,0.7615739977266204,0.7742616033755274,0.3013136288998358,0.7381945577033919,0.7408707865168539,0.4330870279146141,0.7114434879554525,0.7067510548523207,0.5500821018062397,0.6856471140784773,0.6756756756756757,0.6568144499178982,699
2,10,0.6,0.9,0.7150596130506175,0.6907493753456706,0.734438572884649,0.7478991596638656,0.1461412151067323,0.7615739977266204,0.7742616033755274,0.3013136288998358,0.7381945577033919,0.7408707865168539,0.4330870279146141,0.7114434879554525,0.7067510548523207,0.5500821018062397,0.6856471140784773,0.6756756756756757,0.6568144499178982,699
2,10,0.6,0.95,0.7353965874205755,0.7170267042810079,0.801933677695001,0.8319327731092437,0.1625615763546798,0.7818160586445267,0.7911392405063291,0.3078817733990148,0.7557320970923841,0.7546816479400748,0.4411603721948549,0.7358560236612887,0.729957805907173,0.5681444991789819,0.7065327984464393,0.6948198198198198,0.675424192665572,699
2,10,0.7,0.85,0.7150596130506175,0.6907493753456706,0.734438572884649,0.7478991596638656,0.1461412151067323,0.7615739977266204,0.7742616033755274,0.3013136288998358,0.7381945577033919,0.7408707865168539,0.4330870279146141,0.7114434879554525,0.7067510548523207,0.5500821018062397,0.6856471140784773,0.6756756756756757,0.6568144499178982,699
2,10,0.7,0.9,0.7150596130506175,0.6907493753456706,0.734438572884649,0.7478991596638656,0.1461412151067323,0.7615739977266204,0.7742616033755274,0.3013136288998358,0.7381945577033919,0.7408707865168539,0.4330870279146141,0.7114434879554525,0.7067510548523207,0.5500821018062397,0.6856471140784773,0.6756756756756757,0.6568144499178982,699
2,10,0.7,0.95,0.7353965874205755,0.7170267042810079,0.801933677695001,0.8319327731092437,0.1625615763546798,0.7818160586445267,0.7911392405063291,0.3078817733990148,0.7557320970923841,0.7546816479400748,0.4411603721948549,0.7358560236612887,0.729957805907173,0.5681444991789819,0.7065327984464393,0.6948198198198198,0.675424192665572,699
2,10,0.8,0.85,0.7150596130506175,0.6907493753456706,0.734438572884649,0.7478991596638656,0.1461412151067323,0.7615739977266204,0.7742616033755274,0.3013136288998358,0.7381945577033919,0.7408707865168539,0.4330870279146141,0.7114434879554525,0.7067510548523207,0.5500821018062397,0.6856471140784773,0.6756756756756757,0.6568144499178982,699
2,10,0.8,0.9,0.7150596130506175,0.6907493753456706,0.734438572884649,0.7478991596638656,0.1461412151067323,0.7615739977266204,0.7742616033755274,0.3013136288998358,0.7381945577033919,0.7408707865168539,0.4330870279146141,0.7114434879554525,0.7067510548523207,0.5500821018062397,0.6856471140784773,0.6756756756756757,0.6568144499178982,699
2,10,0.8,0.95,0.7353965874205755,0.7170267042810079,0.801933677695001,0.8319327731092437,0.1625615763546798,0.7818160586445267,0.7911392405063291,0.3078817733990148,0.7557320970923841,0.7546816479400748,0.4411603721948549,0.7358560236612887,0.729957805907173,0.5681444991789819,0.7065327984464393,0.6948198198198198,0.675424192665572,699
2,10,0.9,0.85,0.7150596130506175,0.6907493753456706,0.734438572884649,0.7478991596638656,0.1461412151067323,0.7615739977266204,0.7742616033755274,0.3013136288998358,0.7381945577033919,0.7408707865168539,0.4330870279146141,0.7114434879554525,0.7067510548523207,0.5500821018062397,0.6856471140784773,0.6756756756756757,0.6568144499178982,699
2,10,0.9,0.9,0.7150596130506175,0.6907493753456706,0.734438572884649,0.7478991596638656,0.1461412151067323,0.7615739977266204,0.7742616033755274,0.3013136288998358,0.7381945577033919,0.7408707865168539,0.4330870279146141,0.7114434879554525,0.7067510548523207,0.5500821018062397,0.6856471140784773,0.6756756756756757,0.6568144499178982,699
2,10,0.9,0.95,0.7353965874205755,0.7170267042810079,0.801933677695001,0.8319327731092437,0.1625615763546798,0.7818160586445267,0.7911392405063291,0.3078817733990148,0.7557320970923841,0.7546816479400748,0.4411603721948549,0.7358560236612887,0.729957805907173,0.5681444991789819,0.7065327984464393,0.6948198198198198,0.675424192665572,699
2,12,0.6,0.85,0.7150596130506175,0.6907493753456706,0.734438572884649,0.7478991596638656,0.1461412151067323,0.7615739977266204,0.7742616033755274,0.3013136288998358,0.7381945577033919,0.7408707865168539,0.4330870279146141,0.7114434879554525,0.7067510548523207,0.5500821018062397,0.6856471140784773,0.6756756756756757,0.6568144499178982,699
2,12,0.6,0.9,0.7150596130506175,0.6907493753456706,0.734438572884649,0.7478991596638656,0.1461412151067323,0.7615739977266204,0.7742616033755274,0.3013136288998358,0.7381945577033919,0.7408707865168539,0.4330870279146141,0.7114434879554525,0.7067510548523207,0.5500821018062397,0.6856471140784773,0.6756756756756757,0.6568144499178982,699
2,12,0.6,0.95,0.7353965874205755,0.7170267042810079,0.801933677695001,0.8319327731092437,0.1625615763546798,0.7818160586445267,0.7911392405063291,0.3078817733990148,0.7557320970923841,0.7546816479400748,0.4411603721948549,0.7358560236612887,0.729957805907173,0.5681444991789819,0.7065327984464393,0.6948198198198198,0.675424192665572,699
2,12,0.7,0.85,0.7150596130506175,0.6907493753456706,0.734438572884649,0.7478991596638656,0.1461412151067323,0.7615739977266204,0.7742616033755274,0.3013136288998358,0.7381945577033919,0.7408707865168539,0.4330870279146141,0.7114434879554525,0.7067510548523207,0.5500821018062397,0.6856471140784773,0.6756756756756757,0.6568144499178982,699
2,12,0.7,0.9,0.7150596130506175,0.6907493753456706,0.734438572884649,0.7478991596638656,0.1461412151067323,0.7615739977266204,0.7742616033755274,0.3013136288998358,0.7381945577033919,0.7408707865168539,0.4330870279146141,0.7114434879554525,0.7067510548523207,0.5500821018062397,0.6856471140784773,0.6756756756756757,0.6568144499178982,699
2,12,0.7,0.95,0.7353965874205755,0.7170267042810079,0.801933677695001,0.8319327731092437,0.1625615763546798,0.7818160586445267,0.7911392405063291,0.3078817733990148,0.7557320970923841,0.7546816479400748,0.4411603721948549,0.7358560236612887,0.729957805907173,0.5681444991789819,0.7065327984464393,0.6948198198198198,0.675424192665572,699
2,12,0.8,0.85,0.7150596130506175,0.6907493753456706,0.734438572884649,0.7478991596638656,0.1461412151067323,0.7615739977266204,0.7742616033755274,0.3013136288998358,0.7381945577033919,0.7408707865168539,0.4330870279146141,0.7114434879554525,0.7067510548523207,0.5500821018062397,0.6856471140784773,0.6756756756756757,0.6568144499178982,699
2,12,0.8,0.9,0.7150596130506175,0.6907493753456706,0.734438572884649,0.7478991596638656,0.1461412151067323,0.7615739977266204,0.7742616033755274,0.3013136288998358,0.7381945577033919,0.7408707865168539,0.4330870279146141,0.7114434879554525,0.7067510548523207,0.5500821018062397,0.6856471140784773,0.6756756756756757,0.6568144499178982,699
2,12,0.8,0.95,0.7353965874205755,0.7170267042810079,0.801933677695001,0.8319327731092437,0.1625615763546798,0.7818160586445267,0.7911392405063291,0.3078817733990148,0.7557320970923841,0.7546816479400748,0.4411603721948549,0.7358560236612887,0.729957805907173,0.5681444991789819,0.7065327984464393,0.6948198198198198,0.675424192665572,699
2,12,0.9,0.85,0.7150596130506175,0.6907493753456706,0.734438572884649,0.7478991596638656,0.1461412151067323,0.7615739977266204,0.7742616033755274,0.3013136288998358,0.7381945577033919,0.7408707865168539,0.4330870279146141,0.7114434879554525,0.7067510548523207,0.5500821018062397,0.6856471140784773,0.6756756756756757,0.6568144499178982,699
2,12,0.9,0.9,0.7150596130506175,0.6907493753456706,0.734438572884649,0.7478991596638656,0.1461412151067323,0.7615739977266204,0.7742616033755274,0.3013136288998358,0.7381945577033919,0.7408707865168539,0.4330870279146141,0.7114434879554525,0.7067510548523207,0.5500821018062397,0.6856471140784773,0.6756756756756757,0.6568144499178982,699
2,12,0.9,0.95,0.7353965874205755,0.7170267042810079,0.801933677695001,0.8319327731092437,0.1625615763546798,0.7818160586445267,0.7911392405063291,0.3078817733990148,0.7557320970923841,0.7546816479400748,0.4411603721948549,0.7358560236612887,0.729957805907173,0.5681444991789819,0.7065327984464393,0.6948198198198198,0.675424192665572,699
3,8,0.6,0.85,0.724456343256943,0.6940040665863169,0.699245146821132,0.7310924369747899,0.1428571428571428,0.7453183632523374,0.7721518987341772,0.3004926108374384,0.7375503799415327,0.7528089887640449,0.4400656814449918,0.7290066263957922,0.7383966244725738,0.5747126436781609,0.692729146901076,0.691722972972973,0.6724137931034483,716
3,8,0.6,0.9,0.7231698436496037,0.6873559555937556,0.6639675273783717,0.7058823529411766,0.1379310344827586,0.7341616689610031,0.7721518987341772,0.3004926108374384,0.7291982911918442,0.7528089887640449,0.4400656814449918,0.7206463634108825,0.7362869198312236,0.5730706075533661,0.6864258941341056,0.6908783783783784,0.6715927750410509,716
3,8,0.6,0.95,0.7294152923538231,0.6956813707929477,0.6913985625024863,0.7394957983193278,0.1444991789819376,0.7472377891744454,0.7848101265822784,0.3054187192118227,0.7386738869828261,0.7612359550561798,0.444991789819376,0.7214713621719567,0.7341772151898734,0.5714285714285714,0.6963542382192088,0.7006756756756757,0.6811165845648605,713
3,8,0.7,0.85,0.724456343256943,0.6940040665863169,0.699245146821132,0.7310924369747899,0.1428571428571428,0.7453183632523374,0.7721518987341772,0.3004926108374384,0.7375503799415327,0.7528089887640449,0.4400656814449918,0.7290066263957922,0.7383966244725738,0.5747126436781609,0.692729146901076,0.691722972972973,0.6724137931034483,716
3,8,0.7,0.9,0.7231698436496037,0.6873559555937556,0.6639675273783717,0.7058823529411766,0.1379310344827586,0.7341616689610031,0.7721518987341772,0.3004926108374384,0.7291982911918442,0.7528089887640449,0.4400656814449918,0.7206463634108825,0.7362869198312236,0.5730706075533661,0.6864258941341056,0.6908783783783784,0.6715927750410509,716
3,8,0.7,0.95,0.7294152923538231,0.6956813707929477,0.6913985625024863,0.7394957983193278,0.1444991789819376,0.7472377891744454,0.7848101265822784,0.3054187192118227,0.7386738869828261,0.7612359550561798,0.444991789819376,0.7214713621719567,0.7341772151898734,0.5714285714285714,0.6963542382192088,0.7006756756756757,0.6811165845648605,713
3,8,0.8,0.85,0.724456343256943,0.6940040665863169,0.699245146821132,0.7310924369747899,0.1428571428571428,0.7453183632523374,0.7721518987341772,0.3004926108374384,0.7375503799415327,0.7528089887640449,0.4400656814449918,0.7290066263957922,0.7383966244725738,0.5747126436781609,0.692729146901076,0.691722972972973,0.6724137931034483,716
3,8,0.8,0.9,0.7231698436496037,0.6873559555937556,0.6639675273783717,0.7058823529411766,0.1379310344827586,0.7341616689610031,0.7721518987341772,0.3004926108374384,0.7291982911918442,0.7528089887640449,0.4400656814449918,0.7206463634108825,0.7362869198312236,0.5730706075533661,0.6864258941341056,0.6908783783783784,0.6715927750410509,716
3,8,0.8,0.95,0.7294152923538231,0.6956813707929477,0.6913985625024863,0.7394957983193278,0.1444991789819376,0.7472377891744454,0.7848101265822784,0.3054187192118227,0.7386738869828261,0.7612359550561798,0.444991789819376,0.7214713621719567,0.7341772151898734,0.5714285714285714,0.6963542382192088,0.7006756756756757,0.6811165845648605,713
3,8,0.9,0.85,0.724456343256943,0.6940040665863169,0.699245146821132,0.7310924369747899,0.1428571428571428,0.7453183632523374,0.7721518987341772,0.3004926108374384,0.7375503799415327,0.7528089887640449,0.4400656814449918,0.7290066263957922,0.7383966244725738,0.5747126436781609,0.692729146901076,0.691722972972973,0.6724137931034483,716
3,8,0.9,0.9,0.7231698436496037,0.6873559555937556,0.6639675273783717,0.7058823529411766,0.1379310344827586,0.7341616689610031,0.7721518987341772,0.3004926108374384,0.7291982911918442,0.7528089887640449,0.4400656814449918,0.7206463634108825,0.7362869198312236,0.5730706075533661,0.6864258941341056,0.6908783783783784,0.6715927750410509,716
3,8,0.9,0.95,0.7294152923538231,0.6956813707929477,0.6913985625024863,0.7394957983193278,0.1444991789819376,0.7472377891744454,0.7848101265822784,0.3054187192118227,0.7386738869828261,0.7612359550561798,0.444991789819376,0.7214713621719567,0.7341772151898734,0.5714285714285714,0.6963542382192088,0.7006756756756757,0.6811165845648605,713
3,10,0.6,0.85,0.724456343256943,0.6940040665863169,0.699245146821132,0.7310924369747899,0.1428571428571428,0.7453183632523374,0.7721518987341772,0.3004926108374384,0.7375503799415327,0.7528089887640449,0.4400656814449918,0.7290066263957922,0.7383966244725738,0.5747126436781609,0.692729146901076,0.691722972972973,0.6724137931034483,716
3,10,0.6,0.9,0.7231698436496037,0.6873559555937556,0.6639675273783717,0.7058823529411766,0.1379310344827586,0.7341616689610031,0.7721518987341772,0.3004926108374384,0.7291982911918442,0.7528089887640449,0.4400656814449918,0.7206463634108825,0.7362869198312236,0.5730706075533661,0.6864258941341056,0.6908783783783784,0.6715927750410509,716
3,10,0.6,0.95,0.7265381594916828,0.6975922295492853,0.7101735370494722,0.7394957983193278,0.1444991789819376,0.7588180962240597,0.7848101265822784,0.3054187192118227,0.7468882441896645,0.7612359550561798,0.444991789819376,0.7247189401364376,0.729957805907173,0.5681444991789819,0.6976872333730001,0.6956081081081081,0.6761904761904762,712
3,10,0.7,0.85,0.724456343256943,0.6940040665863169,0.699245146821132,0.7310924369747899,0.1428571428571428,0.7453183632523374,0.7721518987341772,0.3004926108374384,0.7375503799415327,0.7528089887640449,0.4400656814449918,0.7290066263957922,0.7383966244725738,0.5747126436781609,0.692729146901076,0.691722972972973,0.6724137931034483,716
3,10,0.7,0.9,0.7231698436496037,0.6873559555937556,0.6639675273783717,0.7058823529411766,0.1379310344827586,0.7341616689610031,0.7721518987341772,0.3004926108374384,0.7291982911918442,0.7528089887640449,0.4400656814449918,0.7206463634108825,0.7362869198312236,0.5730706075533661,0.6864258941341056,0.6908783783783784,0.6715927750410509,716
3,10,0.7,0.95,0.7265381594916828,0.6975922295492853,0.7101735370494722,0.7394957983193278,0.1444991789819376,0.7588180962240597,0.7848101265822784,0.3054187192118227,0.7468882441896645,0.7612359550561798,0.444991789819376,0.7247189401364376,0.729957805907173,0.5681444991789819,0.6976872333730001,0.6956081081081081,0.6761904761904762,712
3,10,0.8,0.85,0.724456343256943,0.6940040665863169,0.699245146821132,0.7310924369747899,0.1428571428571428,0.7453183632523374,0.7721518987341772,0.3004926108374384,0.7375503799415327,0.7528089887640449,0.4400656814449918,0.7290066263957922,0.7383966244725738,0.5747126436781609,0.692729146901076,0.691722972972973,0.6724137931034483,716
3,10,0.8,0.9,0.7231698436496037,0.6873559555937556,0.6639675273783717,0.7058823529411766,0.1379310344827586,0.7341616689610031,0.7721518987341772,0.3004926108374384,0.7291982911918442,0.7528089887640449,0.4400656814449918,0.7206463634108825,0.7362869198312236,0.5730706075533661,0.6864258941341056,0.6908783783783784,0.6715927750410509,716
3,10,0.8,0.95,0.7265381594916828,0.6975922295492853,0.7101735370494722,0.7394957983193278,0.1444991789819376,0.7588180962240597,0.7848101265822784,0.3054187192118227,0.7468882441896645,0.7612359550561798,0.444991789819376,0.7247189401364376,0.729957805907173,0.5681444991789819,0.6976872333730001,0.6956081081081081,0.6761904761904762,712
3,10,0.9,0.85,0.724456343256943,0.6940040665863169,0.699245146821132,0.7310924369747899,0.1428571428571428,0.7453183632523374,0.7721518987341772,0.3004926108374384,0.7375503799415327,0.7528089887640449,0.4400656814449918,0.7290066263957922,0.7383966244725738,0.5747126436781609,0.692729146901076,0.691722972972973,0.6724137931034483,716
3,10,0.9,0.9,0.7231698436496037,0.6873559555937556,0.6639675273783717,0.7058823529411766,0.1379310344827586,0.7341616689610031,0.7721518987341772,0.3004926108374384,0.7291982911918442,0.7528089887640449,0.4400656814449918,0.7206463634108825,0.7362869198312236,0.5730706075533661,0.6864258941341056,0.6908783783783784,0.6715927750410509,716
3,10,0.9,0.95,0.7265381594916828,0.6975922295492853,0.7101735370494722,0.7394957983193278,0.1444991789819376,0.7588180962240597,0.7848101265822784,0.3054187192118227,0.7468882441896645,0.7612359550561798,0.444991789819376,0.7247189401364376,0.729957805907173,0.5681444991789819,0.6976872333730001,0.6956081081081081,0.6761904761904762,712
3,12,0.6,0.85,0.724456343256943,0.6940040665863169,0.699245146821132,0.7310924369747899,0.1428571428571428,0.7453183632523374,0.7721518987341772,0.3004926108374384,0.7375503799415327,0.7528089887640449,0.4400656814449918,0.7290066263957922,0.7383966244725738,0.5747126436781609,0.692729146901076,0.691722972972973,0.6724137931034483,716
3,12,0.6,0.9,0.7231698436496037,0.6873559555937556,0.6639675273783717,0.7058823529411766,0.1379310344827586,0.7341616689610031,0.7721518987341772,0.3004926108374384,0.7291982911918442,0.7528089887640449,0.4400656814449918,0.7206463634108825,0.7362869198312236,0.5730706075533661,0.6864258941341056,0.6908783783783784,0.6715927750410509,716
3,12,0.6,0.95,0.7265381594916828,0.6975922295492853,0.7101735370494722,0.7394957983193278,0.1444991789819376,0.7588180962240597,0.7848101265822784,0.3054187192118227,0.7468882441896645,0.7612359550561798,0.444991789819376,0.7247189401364376,0.729957805907173,0.5681444991789819,0.6976872333730001,0.6956081081081081,0.6761904761904762,712
3,12,0.7,0.85,0.724456343256943,0.6940040665863169,0.699245146821132,0.7310924369747899,0.1428571428571428,0.7453183632523374,0.7721518987341772,0.3004926108374384,0.7375503799415327,0.7528089887640449,0.4400656814449918,0.7290066263957922,0.7383966244725738,0.5747126436781609,0.692729146901076,0.691722972972973,0.6724137931034483,716
3,12,0.7,0.9,0.7231698436496037,0.6873559555937556,0.6639675273783717,0.7058823529411766,0.1379310344827586,0.7341616689610031,0.7721518987341772,0.3004926108374384,0.7291982911918442,0.7528089887640449,0.4400656814449918,0.7206463634108825,0.7362869198312236,0.5730706075533661,0.6864258941341056,0.6908783783783784,0.6715927750410509,716
3,12,0.7,0.95,0.7265381594916828,0.6975922295492853,0.7101735370494722,0.7394957983193278,0.1444991789819376,0.7588180962240597,0.7848101265822784,0.3054187192118227,0.7468882441896645,0.7612359550561798,0.444991789819376,0.7247189401364376,0.729957805907173,0.5681444991789819,0.6976872333730001,0.6956081081081081,0.6761904761904762,712
3,12,0.8,0.85,0.724456343256943,0.6940040665863169,0.699245146821132,0.7310924369747899,0.1428571428571428,0.7453183632523374,0.7721518987341772,0.3004926108374384,0.7375503799415327,0.7528089887640449,0.4400656814449918,0.7290066263957922,0.7383966244725738,0.5747126436781609,0.692729146901076,0.691722972972973,0.6724137931034483,716
3,12,0.8,0.9,0.7231698436496037,0.6873559555937556,0.6639675273783717,0.7058823529411766,0.1379310344827586,0.7341616689610031,0.7721518987341772,0.3004926108374384,0.7291982911918442,0.7528089887640449,0.4400656814449918,0.7206463634108825,0.7362869198312236,0.5730706075533661,0.6864258941341056,0.6908783783783784,0.6715927750410509,716
3,12,0.8,0.95,0.7265381594916828,0.6975922295492853,0.7101735370494722,0.7394957983193278,0.1444991789819376,0.7588180962240597,0.7848101265822784,0.3054187192118227,0.7468882441896645,0.7612359550561798,0.444991789819376,0.7247189401364376,0.729957805907173,0.5681444991789819,0.6976872333730001,0.6956081081081081,0.6761904761904762,712
3,12,0.9,0.85,0.724456343256943,0.6940040665863169,0.699245146821132,0.7310924369747899,0.1428571428571428,0.7453183632523374,0.7721518987341772,0.3004926108374384,0.7375503799415327,0.7528089887640449,0.4400656814449918,0.7290066263957922,0.7383966244725738,0.5747126436781609,0.692729146901076,0.691722972972973,0.6724137931034483,716
3,12,0.9,0.9,0.7231698436496037,0.6873559555937556,0.6639675273783717,0.7058823529411766,0.1379310344827586,0.7341616689610031,0.7721518987341772,0.3004926108374384,0.7291982911918442,0.7528089887640449,0.4400656814449918,0.7206463634108825,0.7362869198312236,0.5730706075533661,0.6864258941341056,0.6908783783783784,0.6715927750410509,716
3,12,0.9,0.95,0.7265381594916828,0.6975922295492853,0.7101735370494722,0.7394957983193278,0.1444991789819376,0.7588180962240597,0.7848101265822784,0.3054187192118227,0.7468882441896645,0.7612359550561798,0.444991789819376,0.7247189401364376,0.729957805907173,0.5681444991789819,0.6976872333730001,0.6956081081081081,0.6761904761904762,712
4,8,0.6,0.85,0.7180509745127436,0.6875298022496099,0.6875430259440308,0.75,0.146551724137931,0.7358121811700666,0.7784810126582279,0.3029556650246305,0.7216555416552601,0.7464887640449438,0.4363711001642036,0.6980964925894572,0.7109704641350211,0.5533661740558292,0.6844921352682185,0.6914414414414414,0.6721401204159825,692
4,8,0.6,0.9,0.7180509745127436,0.6875298022496099,0.6875430259440308,0.75,0.146551724137931,0.7358121811700666,0.7784810126582279,0.3029556650246305,0.7216555416552601,0.7464887640449438,0.4363711001642036,0.6980964925894572,0.7109704641350211,0.5533661740558292,0.6844921352682185,0.6914414414414414,0.6721401204159825,692
4,8,0.6,0.95,0.71672021132291,0.69110775368777,0.7084439112125505,0.7668067226890757,0.1498357963875205,0.7381984029617242,0.7742616033755274,0.3013136288998358,0.7189270189955773,0.738061797752809,0.4314449917898194,0.7010745315221246,0.7109704641350211,0.5533661740558292,0.6842060343485692,0.6880630630630631,0.668856048166393,692
4,8,0.7,0.85,0.7180509745127436,0.6875298022496099,0.6875430259440308,0.75,0.146551724137931,0.7358121811700666,0.7784810126582279,0.3029556650246305,0.7216555416552601,0.7464887640449438,0.4363711001642036,0.6980964925894572,0.7109704641350211,0.5533661740558292,0.6844921352682185,0.6914414414414414,0.6721401204159825,692
4,8,0.7,0.9,0.7180509745127436,0.6875298022496099,0.6875430259440308,0.75,0.146551724137931,0.7358121811700666,0.7784810126582279,0.3029556650246305,0.7216555416552601,0.7464887640449438,0.4363711001642036,0.6980964925894572,0.7109704641350211,0.5533661740558292,0.6844921352682185,0.6914414414414414,0.6721401204159825,692
4,8,0.7,0.95,0.71672021132291,0.69110775368777,0.7084439112125505,0.7668067226890757,0.1498357963875205,0.7381984029617242,0.7742616033755274,0.3013136288998358,0.7189270189955773,0.738061797752809,0.4314449917898194,0.7010745315221246,0.7109704641350211,0.5533661740558292,0.6842060343485692,0.6880630630630631,0.668856048166393,692
4,8,0.8,0.85,0.7180509745127436,0.6875298022496099,0.6875430259440308,0.75,0.146551724137931,0.7358121811700666,0.7784810126582279,0.3029556650246305,0.7216555416552601,0.7464887640449438,0.4363711001642036,0.6980964925894572,0.7109704641350211,0.5533661740558292,0.6844921352682185,0.6914414414414414,0.6721401204159825,692
4,8,0.8,0.9,0.7180509745127436,0.6875298022496099,0.6875430259440308,0.75,0.146551724137931,0.7358121811700666,0.7784810126582279,0.3029556650246305,0.7216555416552601,0.7464887640449438,0.4363711001642036,0.6980964925894572,0.7109704641350211,0.5533661740558292,0.6844921352682185,0.6914414414414414,0.6721401204159825,692
4,8,0.8,0.95,0.71672021132291,0.69110775368777,0.7084439112125505,0.7668067226890757,0.1498357963875205,0.7381984029617242,0.7742616033755274,0.3013136288998358,0.7189270189955773,0.738061797752809,0.4314449917898194,0.7010745315221246,0.7109704641350211,0.5533661740558292,0.6842060343485692,0.6880630630630631,0.668856048166393,692
4,8,0.9,0.85,0.7180509745127436,0.6875298022496099,0.6875430259440308,0.75,0.146551724137931,0.7358121811700666,0.7784810126582279,0.3029556650246305,0.7216555416552601,0.7464887640449438,0.4363711001642036,0.6980964925894572,0.7109704641350211,0.5533661740558292,0.6844921352682185,0.6914414414414414,0.6721401204159825,692
4,8,0.9,0.9,0.7180509745127436,0.6875298022496099,0.6875430259440308,0.75,0.146551724137931,0.7358121811700666,0.7784810126582279,0.3029556650246305,0.7216555416552601,0.7464887640449438,0.4363711001642036,0.6980964925894572,0.7109704641350211,0.5533661740558292,0.6844921352682185,0.6914414414414414,0.6721401204159825,692
4,8,0.9,0.95,0.71672021132291,0.69110775368777,0.7084439112125505,0.7668067226890757,0.1498357963875205,0.7381984029617242,0.7742616033755274,0.3013136288998358,0.7189270189955773,0.738061797752809,0.4314449917898194,0.7010745315221246,0.7109704641350211,0.5533661740558292,0.6842060343485692,0.6880630630630631,0.668856048166393,692
4,10,0.6,0.85,0.7180509745127436,0.6875298022496099,0.6875430259440308,0.75,0.146551724137931,0.7358121811700666,0.7784810126582279,0.3029556650246305,0.7216555416552601,0.7464887640449438,0.4363711001642036,0.6980964925894572,0.7109704641350211,0.5533661740558292,0.6844921352682185,0.6914414414414414,0.6721401204159825,692
4,10,0.6,0.9,0.7180509745127436,0.6875298022496099,0.6875430259440308,0.75,0.146551724137931,0.7358121811700666,0.7784810126582279,0.3029556650246305,0.7216555416552601,0.7464887640449438,0.4363711001642036,0.6980964925894572,0.7109704641350211,0.5533661740558292,0.6844921352682185,0.6914414414414414,0.6721401204159825,692
4,10,0.6,0.95,0.7139944313557508,0.6912805406773991,0.7224668685111576,0.7836134453781513,0.15311986863711,0.7416179895469246,0.7763713080168776,0.3021346469622332,0.7185204295044157,0.7359550561797753,0.4302134646962233,0.7036714579584868,0.7130801687763713,0.555008210180624,0.6849922462870571,0.6880630630630631,0.6688560481663931,696
4,10,0.7,0.85,0.7180509745127436,0.6875298022496099,0.6875430259440308,0.75,0.146551724137931,0.7358121811700666,0.7784810126582279,0.3029556650246305,0.7216555416552601,0.7464887640449438,0.4363711001642036,0.6980964925894572,0.7109704641350211,0.5533661740558292,0.6844921352682185,0.6914414414414414,0.6721401204159825,692
4,10,0.7,0.9,0.7180509745127436,0.6875298022496099,0.6875430259440308,0.75,0.146551724137931,0.7358121811700666,0.7784810126582279,0.3029556650246305,0.7216555416552601,0.7464887640449438,0.4363711001642036,0.6980964925894572,0.7109704641350211,0.5533661740558292,0.6844921352682185,0.6914414414414414,0.6721401204159825,692
4,10,0.7,0.95,0.7139944313557508,0.6912805406773991,0.7224668685111576,0.7836134453781513,0.15311986863711,0.7416179895469246,0.7763713080168776,0.3021346469622332,0.7185204295044157,0.7359550561797753,0.4302134646962233,0.7036714579584868,0.7130801687763713,0.555008210180624,0.6849922462870571,0.6880630630630631,0.6688560481663931,696
4,10,0.8,0.85,0.7180509745127436,0.6875298022496099,0.6875430259440308,0.75,0.146551724137931,0.7358121811700666,0.7784810126582279,0.3029556650246305,0.7216555416552601,0.7464887640449438,0.4363711001642036,0.6980964925894572,0.7109704641350211,0.5533661740558292,0.6844921352682185,0.6914414414414414,0.6721401204159825,692
4,10,0.8,0.9,0.7180509745127436,0.6875298022496099,0.6875430259440308,0.75,0.146551724137931,0.7358121811700666,0.7784810126582279,0.3029556650246305,0.7216555416552601,0.7464887640449438,0.4363711001642036,0.6980964925894572,0.7109704641350211,0.5533661740558292,0.6844921352682185,0.6914414414414414,0.6721401204159825,692
4,10,0.8,0.95,0.7139944313557508,0.6912805406773991,0.7224668685111576,0.7836134453781513,0.15311986863711,0.7416179895469246,0.7763713080168776,0.3021346469622332,0.7185204295044157,0.7359550561797753,0.4302134646962233,0.7036714579584868,0.7130801687763713,0.555008210180624,0.6849922462870571,0.6880630630630631,0.6688560481663931,696
4,10,0.9,0.85,0.7180509745127436,0.6875298022496099,0.6875430259440308,0.75,0.146551724137931,0.7358121811700666,0.7784810126582279,0.3029556650246305,0.7216555416552601,0.7464887640449438,0.4363711001642036,0.6980964925894572,0.7109704641350211,0.5533661740558292,0.6844921352682185,0.6914414414414414,0.6721401204159825,692
4,10,0.9,0.9,0.7180509745127436,0.6875298022496099,0.6875430259440308,0.75,0.146551724137931,0.7358121811700666,0.7784810126582279,0.3029556650246305,0.7216555416552601,0.7464887640449438,0.4363711001642036,0.6980964925894572,0.7109704641350211,0.5533661740558292,0.6844921352682185,0.6914414414414414,0.6721401204159825,692
4,10,0.9,0.95,0.7139944313557508,0.6912805406773991,0.7224668685111576,0.7836134453781513,0.15311986863711,0.7416179895469246,0.7763713080168776,0.3021346469622332,0.7185204295044157,0.7359550561797753,0.4302134646962233,0.7036714579584868,0.7130801687763713,0.555008210180624,0.6849922462870571,0.6880630630630631,0.6688560481663931,696
4,12,0.6,0.85,0.7180509745127436,0.6875298022496099,0.6875430259440308,0.75,0.146551724137931,0.7358121811700666,0.7784810126582279,0.3029556650246305,0.7216555416552601,0.7464887640449438,0.4363711001642036,0.6980964925894572,0.7109704641350211,0.5533661740558292,0.6844921352682185,0.6914414414414414,0.6721401204159825,692
4,12,0.6,0.9,0.7180509745127436,0.6875298022496099,0.6875430259440308,0.75,0.146551724137931,0.7358121811700666,0.7784810126582279,0.3029556650246305,0.7216555416552601,0.7464887640449438,0.4363711001642036,0.6980964925894572,0.7109704641350211,0.5533661740558292,0.6844921352682185,0.6914414414414414,0.6721401204159825,692
4,12,0.6,0.95,0.7139944313557508,0.6912805406773991,0.7224668685111576,0.7836134453781513,0.15311986863711,0.7416179895469246,0.7763713080168776,0.3021346469622332,0.7185204295044157,0.7359550561797753,0.4302134646962233,0.7036714579584868,0.7130801687763713,0.555008210180624,0.6849922462870571,0.6880630630630631,0.6688560481663931,696
4,12,0.7,0.85,0.7180509745127436,0.6875298022496099,0.6875430259440308,0.75,0.146551724137931,0.7358121811700666,0.7784810126582279,0.3029556650246305,0.7216555416552601,0.7464887640449438,0.4363711001642036,0.6980964925894572,0.7109704641350211,0.5533661740558292,0.6844921352682185,0.6914414414414414,0.6721401204159825,692
4,12,0.7,0.9,0.7180509745127436,0.6875298022496099,0.6875430259440308,0.75,0.146551724137931,0.7358121811700666,0.7784810126582279,0.3029556650246305,0.7216555416552601,0.7464887640449438,0.4363711001642036,0.6980964925894572,0.7109704641350211,0.5533661740558292,0.6844921352682185,0.6914414414414414,0.6721401204159825,692
4,12,0.7,0.95,0.7139944313557508,0.6912805406773991,0.7224668685111576,0.7836134453781513,0.15311986863711,0.7416179895469246,0.7763713080168776,0.3021346469622332,0.7185204295044157,0.7359550561797753,0.4302134646962233,0.7036714579584868,0.7130801687763713,0.555008210180624,0.6849922462870571,0.6880630630630631,0.6688560481663931,696
4,12,0.8,0.85,0.7180509745127436,0.6875298022496099,0.6875430259440308,0.75,0.146551724137931,0.7358121811700666,0.7784810126582279,0.3029556650246305,0.7216555416552601,0.7464887640449438,0.4363711001642036,0.6980964925894572,0.7109704641350211,0.5533661740558292,0.6844921352682185,0.6914414414414414,0.6721401204159825,692
4,12,0.8,0.9,0.7180509745127436,0.6875298022496099,0.6875430259440308,0.75,0.146551724137931,0.7358121811700666,0.7784810126582279,0.3029556650246305,0.7216555416552601,0.7464887640449438,0.4363711001642036,0.6980964925894572,0.7109704641350211,0.5533661740558292,0.6844921352682185,0.6914414414414414,0.6721401204159825,692
4,12,0.8,0.95,0.7139944313557508,0.6912805406773991,0.7224668685111576,0.7836134453781513,0.15311986863711,0.7416179895469246,0.7763713080168776,0.3021346469622332,0.7185204295044157,0.7359550561797753,0.4302134646962233,0.7036714579584868,0.7130801687763713,0.555008210180624,0.6849922462870571,0.6880630630630631,0.6688560481663931,696
4,12,0.9,0.85,0.7180509745127436,0.6875298022496099,0.6875430259440308,0.75,0.146551724137931,0.7358121811700666,0.7784810126582279,0.3029556650246305,0.7216555416552601,0.7464887640449438,0.4363711001642036,0.6980964925894572,0.7109704641350211,0.5533661740558292,0.6844921352682185,0.6914414414414414,0.6721401204159825,692
4,12,0.9,0.9,0.7180509745127436,0.6875298022496099,0.6875430259440308,0.75,0.146551724137931,0.7358121811700666,0.7784810126582279,0.3029556650246305,0.7216555416552601,0.7464887640449438,0.4363711001642036,0.6980964925894572,0.7109704641350211,0.5533661740558292,0.6844921352682185,0.6914414414414414,0.6721401204159825,692
4,12,0.9,0.95,0.7139944313557508,0.6912805406773991,0.7224668685111576,0.7836134453781513,0.15311986863711,0.7416179895469246,0.7763713080168776,0.3021346469622332,0.7185204295044157,0.7359550561797753,0.4302134646962233,0.7036714579584868,0.7130801687763713,0.555008210180624,0.6849922462870571,0.6880630630630631,0.6688560481663931,696
5,8,0.6,0.85,0.7176511744127936,0.6994528108118385,0.7360164851265303,0.7815126050420168,0.1527093596059113,0.7557863879314478,0.7827004219409283,0.3045977011494253,0.7502362349095184,0.7668539325842697,0.4482758620689655,0.7239107049072454,0.729957805907173,0.5681444991789819,0.6878606295679139,0.6841216216216216,0.6650246305418719,696
5,8,0.6,0.9,0.7176511744127936,0.6994528108118385,0.7360164851265303,0.7815126050420168,0.1527093596059113,0.7557863879314478,0.7827004219409283,0.3045977011494253,0.7502362349095184,0.7668539325842697,0.4482758620689655,0.7239107049072454,0.729957805907173,0.5681444991789819,0.6878606295679139,0.6841216216216216,0.6650246305418719,696
5,8,0.6,0.95,0.7176511744127936,0.6994528108118385,0.7360164851265303,0.7815126050420168,0.1527093596059113,0.7557863879314478,0.7827004219409283,0.3045977011494253,0.7502362349095184,0.7668539325842697,0.4482758620689655,0.7239107049072454,0.729957805907173,0.5681444991789819,0.6878606295679139,0.6841216216216216,0.6650246305418719,696
5,8,0.7,0.85,0.7176511744127936,0.6994528108118385,0.7360164851265303,0.7815126050420168,0.1527093596059113,0.7557863879314478,0.7827004219409283,0.3045977011494253,0.7502362349095184,0.7668539325842697,0.4482758620689655,0.7239107049072454,0.729957805907173,0.5681444991789819,0.6878606295679139,0.6841216216216216,0.6650246305418719,696
5,8,0.7,0.9,0.7176511744127936,0.6994528108118385,0.7360164851265303,0.7815126050420168,0.1527093596059113,0.7557863879314478,0.7827004219409283,0.3045977011494253,0.7502362349095184,0.7668539325842697,0.4482758620689655,0.7239107049072454,0.729957805907173,0.5681444991789819,0.6878606295679139,0.6841216216216216,0.6650246305418719,696
5,8,0.7,0.95,0.7176511744127936,0.6994528108118385,0.7360164851265303,0.7815126050420168,0.1527093596059113,0.7557863879314478,0.7827004219409283,0.3045977011494253,0.7502362349095184,0.7668539325842697,0.4482758620689655,0.7239107049072454,0.729957805907173,0.5681444991789819,0.6878606295679139,0.6841216216216216,0.6650246305418719,696
5,8,0.8,0.85,0.7176511744127936,0.6994528108118385,0.7360164851265303,0.7815126050420168,0.1527093596059113,0.7557863879314478,0.7827004219409283,0.3045977011494253,0.7502362349095184,0.7668539325842697,0.4482758620689655,0.7239107049072454,0.729957805907173,0.5681444991789819,0.6878606295679139,0.6841216216216216,0.6650246305418719,696
5,8,0.8,0.9,0.7176511744127936,0.6994528108118385,0.7360164851265303,0.7815126050420168,0.1527093596059113,0.7557863879314478,0.7827004219409283,0.3045977011494253,0.7502362349095184,0.7668539325842697,0.4482758620689655,0.7239107049072454,0.729957805907173,0.5681444991789819,0.6878606295679139,0.6841216216216216,0.6650246305418719,696
5,8,0.8,0.95,0.7176511744127936,0.6994528108118385,0.7360164851265303,0.7815126050420168,0.1527093596059113,0.7557863879314478,0.7827004219409283,0.3045977011494253,0.7502362349095184,0.7668539325842697,0.4482758620689655,0.7239107049072454,0.729957805907173,0.5681444991789819,0.6878606295679139,0.6841216216216216,0.6650246305418719,696
5,8,0.9,0.85,0.7176511744127936,0.6994528108118385,0.7360164851265303,0.7815126050420168,0.1527093596059113,0.7557863879314478,0.7827004219409283,0.3045977011494253,0.7502362349095184,0.7668539325842697,0.4482758620689655,0.7239107049072454,0.729957805907173,0.5681444991789819,0.6878606295679139,0.6841216216216216,0.6650246305418719,696
5,8,0.9,0.9,0.7176511744127936,0.6994528108118385,0.7360164851265303,0.7815126050420168,0.1527093596059113,0.7557863879314478,0.7827004219409283,0.3045977011494253,0.7502362349095184,0.7668539325842697,0.4482758620689655,0.7239107049072454,0.729957805907173,0.5681444991789819,0.6878606295679139,0.6841216216216216,0.6650246305418719,696
5,8,0.9,0.95,0.7176511744127936,0.6994528108118385,0.7360164851265303,0.7815126050420168,0.1527093596059113,0.7557863879314478,0.7827004219409283,0.3045977011494253,0.7502362349095184,0.7668539325842697,0.4482758620689655,0.7239107049072454,0.729957805907173,0.5681444991789819,0.6878606295679139,0.6841216216216216,0.6650246305418719,696
5,10,0.6,0.85,0.7176511744127936,0.6994528108118385,0.7360164851265303,0.7815126050420168,0.1527093596059113,0.7557863879314478,0.7827004219409283,0.3045977011494253,0.7502362349095184,0.7668539325842697,0.4482758620689655,0.7239107049072454,0.729957805907173,0.5681444991789819,0.6878606295679139,0.6841216216216216,0.6650246305418719,696
5,10,0.6,0.9,0.7176511744127936,0.6994528108118385,0.7360164851265303,0.7815126050420168,0.1527093596059113,0.7557863879314478,0.7827004219409283,0.3045977011494253,0.7502362349095184,0.7668539325842697,0.4482758620689655,0.7239107049072454,0.729957805907173,0.5681444991789819,0.6878606295679139,0.6841216216216216,0.6650246305418719,696
5,10,0.6,0.95,0.7301335046762333,0.7086574067376419,0.7702398464793939,0.8235294117647058,0.160919540229885,0.7691572372966216,0.7960618846694797,0.3097974822112753,0.7396369977101501,0.75,0.438423645320197,0.7273061301645782,0.7320675105485233,0.5697865353037767,0.7015755638160545,0.6993243243243243,0.6798029556650246,681
5,10,0.7,0.85,0.7176511744127936,0.6994528108118385,0.7360164851265303,0.7815126050420168,0.1527093596059113,0.7557863879314478,0.7827004219409283,0.3045977011494253,0.7502362349095184,0.7668539325842697,0.4482758620689655,0.7239107049072454,0.729957805907173,0.5681444991789819,0.6878606295679139,0.6841216216216216,0.6650246305418719,696
5,10,0.7,0.9,0.7176511744127936,0.6994528108118385,0.7360164851265303,0.7815126050420168,0.1527093596059113,0.7557863879314478,0.7827004219409283,0.3045977011494253,0.7502362349095184,0.7668539325842697,0.4482758620689655,0.7239107049072454,0.729957805907173,0.5681444991789819,0.6878606295679139,0.6841216216216216,0.6650246305418719,696
5,10,0.7,0.95,0.7301335046762333,0.7086574067376419,0.7702398464793939,0.8235294117647058,0.160919540229885,0.7691572372966216,0.7960618846694797,0.3097974822112753,0.7396369977101501,0.75,0.438423645320197,0.7273061301645782,0.7320675105485233,0.5697865353037767,0.7015755638160545,0.6993243243243243,0.6798029556650246,681
5,10,0.8,0.85,0.7176511744127936,0.6994528108118385,0.7360164851265303,0.7815126050420168,0.1527093596059113,0.7557863879314478,0.7827004219409283,0.3045977011494253,0.7502362349095184,0.7668539325842697,0.4482758620689655,0.7239107049072454,0.729957805907173,0.5681444991789819,0.6878606295679139,0.6841216216216216,0.6650246305418719,696
5,10,0.8,0.9,0.7176511744127936,0.6994528108118385,0.7360164851265303,0.7815126050420168,0.1527093596059113,0.7557863879314478,0.7827004219409283,0.3045977011494253,0.7502362349095184,0.7668539325842697,0.4482758620689655,0.7239107049072454,0.729957805907173,0.5681444991789819,0.6878606295679139,0.6841216216216216,0.6650246305418719,696
5,10,0.8,0.95,0.7301335046762333,0.7086574067376419,0.7702398464793939,0.8235294117647058,0.160919540229885,0.7691572372966216,0.7960618846694797,0.3097974822112753,0.7396369977101501,0.75,0.438423645320197,0.7273061301645782,0.7320675105485233,0.5697865353037767,0.7015755638160545,0.6993243243243243,0.6798029556650246,681
5,10,0.9,0.85,0.7176511744127936,0.6994528108118385,0.7360164851265303,0.7815126050420168,0.1527093596059113,0.7557863879314478,0.7827004219409283,0.3045977011494253,0.7502362349095184,0.7668539325842697,0.4482758620689655,0.7239107049072454,0.729957805907173,0.5681444991789819,0.6878606295679139,0.6841216216216216,0.6650246305418719,696
5,10,0.9,0.9,0.7176511744127936,0.6994528108118385,0.7360164851265303,0.7815126050420168,0.1527093596059113,0.7557863879314478,0.7827004219409283,0.3045977011494253,0.7502362349095184,0.7668539325842697,0.4482758620689655,0.7239107049072454,0.729957805907173,0.5681444991789819,0.6878606295679139,0.6841216216216216,0.6650246305418719,696
5,10,0.9,0.95,0.7301335046762333,0.7086574067376419,0.7702398464793939,0.8235294117647058,0.160919540229885,0.7691572372966216,0.7960618846694797,0.3097974822112753,0.7396369977101501,0.75,0.438423645320197,0.7273061301645782,0.7320675105485233,0.5697865353037767,0.7015755638160545,0.6993243243243243,0.6798029556650246,681
5,12,0.6,0.85,0.7176511744127936,0.6994528108118385,0.7360164851265303,0.7815126050420168,0.1527093596059113,0.7557863879314478,0.7827004219409283,0.3045977011494253,0.7502362349095184,0.7668539325842697,0.4482758620689655,0.7239107049072454,0.729957805907173,0.5681444991789819,0.6878606295679139,0.6841216216216216,0.6650246305418719,696
5,12,0.6,0.9,0.7176511744127936,0.6994528108118385,0.7360164851265303,0.7815126050420168,0.1527093596059113,0.7557863879314478,0.7827004219409283,0.3045977011494253,0.7502362349095184,0.7668539325842697,0.4482758620689655,0.7239107049072454,0.729957805907173,0.5681444991789819,0.6878606295679139,0.6841216216216216,0.6650246305418719,696
5,12,0.6,0.95,0.7301335046762333,0.7086574067376419,0.7702398464793939,0.8235294117647058,0.160919540229885,0.7691572372966216,0.7960618846694797,0.3097974822112753,0.7396369977101501,0.75,0.438423645320197,0.7273061301645782,0.7320675105485233,0.5697865353037767,0.7015755638160545,0.6993243243243243,0.6798029556650246,681
5,12,0.7,0.85,0.7176511744127936,0.6994528108118385,0.7360164851265303,0.7815126050420168,0.1527093596059113,0.7557863879314478,0.7827004219409283,0.3045977011494253,0.7502362349095184,0.7668539325842697,0.4482758620689655,0.7239107049072454,0.729957805907173,0.5681444991789819,0.6878606295679139,0.6841216216216216,0.6650246305418719,696
5,12,0.7,0.9,0.7176511744127936,0.6994528108118385,0.7360164851265303,0.7815126050420168,0.1527093596059113,0.7557863879314478,0.7827004219409283,0.3045977011494253,0.7502362349095184,0.7668539325842697,0.4482758620689655,0.7239107049072454,0.729957805907173,0.5681444991789819,0.6878606295679139,0.6841216216216216,0.6650246305418719,696
5,12,0.7,0.95,0.7301335046762333,0.7086574067376419,0.7702398464793939,0.8235294117647058,0.160919540229885,0.7691572372966216,0.7960618846694797,0.3097974822112753,0.7396369977101501,0.75,0.438423645320197,0.7273061301645782,0.7320675105485233,0.5697865353037767,0.7015755638160545,0.6993243243243243,0.6798029556650246,681
5,12,0.8,0.85,0.7176511744127936,0.6994528108118385,0.7360164851265303,0.7815126050420168,0.1527093596059113,0.7557863879314478,0.7827004219409283,0.3045977011494253,0.7502362349095184,0.7668539325842697,0.4482758620689655,0.7239107049072454,0.729957805907173,0.5681444991789819,0.6878606295679139,0.6841216216216216,0.6650246305418719,696
5,12,0.8,0.9,0.7176511744127936,0.6994528108118385,0.7360164851265303,0.7815126050420168,0.1527093596059113,0.7557863879314478,0.7827004219409283,0.3045977011494253,0.7502362349095184,0.7668539325842697,0.4482758620689655,0.7239107049072454,0.729957805907173,0.5681444991789819,0.6878606295679139,0.6841216216216216,0.6650246305418719,696
5,12,0.8,0.95,0.7301335046762333,0.7086574067376419,0.7702398464793939,0.8235294117647058,0.160919540229885,0.7691572372966216,0.7960618846694797,0.3097974822112753,0.7396369977101501,0.75,0.438423645320197,0.7273061301645782,0.7320675105485233,0.5697865353037767,0.7015755638160545,0.6993243243243243,0.6798029556650246,681
5,12,0.9,0.85,0.7176511744127936,0.6994528108118385,0.7360164851265303,0.7815126050420168,0.1527093596059113,0.7557863879314478,0.7827004219409283,0.3045977011494253,0.7502362349095184,0.7668539325842697,0.4482758620689655,0.7239107049072454,0.729957805907173,0.5681444991789819,0.6878606295679139,0.6841216216216216,0.6650246305418719,696
5,12,0.9,0.9,0.7176511744127936,0.6994528108118385,0.7360164851265303,0.7815126050420168,0.1527093596059113,0.7557863879314478,0.7827004219409283,0.3045977011494253,0.7502362349095184,0.7668539325842697,0.4482758620689655,0.7239107049072454,0.729957805907173,0.5681444991789819,0.6878606295679139,0.6841216216216216,0.6650246305418719,696
5,12,0.9,0.95,0.7301335046762333,0.7086574067376419,0.7702398464793939,0.8235294117647058,0.160919540229885,0.7691572372966216,0.7960618846694797,0.3097974822112753,0.7396369977101501,0.75,0.438423645320197,0.7273061301645782,0.7320675105485233,0.5697865353037767,0.7015755638160545,0.6993243243243243,0.6798029556650246,681
6,8,0.6,0.85,0.7341029485257372,0.7052299112137984,0.7458313060455817,0.8067226890756303,0.1576354679802955,0.7610851180993087,0.7946554149085794,0.3092501368363437,0.7349630920965299,0.75,0.438423645320197,0.7221201630215571,0.729957805907173,0.5681444991789819,0.6924936674529985,0.691722972972973,0.6724137931034483,679
6,8,0.6,0.9,0.7383708145927037,0.7193869726105612,0.7921318229147486,0.8403361344537815,0.1642036124794745,0.7881542172045645,0.810126582278481,0.3152709359605911,0.7486696603484085,0.7528089887640449,0.4400656814449918,0.7313698030700018,0.729957805907173,0.5681444991789819,0.6968695523460459,0.6875,0.6683087027914614,694
6,8,0.6,0.95,0.7367230670379096,0.7152193832999022,0.7846845069664942,0.8319327731092437,0.1625615763546798,0.7843940029326266,0.8073136427566806,0.3141762452107279,0.7423195015392136,0.7464887640449438,0.4363711001642036,0.7334201393733699,0.7341772151898734,0.5714285714285714,0.6985497708455464,0.6908783783783784,0.6715927750410509,694
6,8,0.7,0.85,0.7341029485257372,0.7052299112137984,0.7458313060455817,0.8067226890756303,0.1576354679802955,0.7610851180993087,0.7946554149085794,0.3092501368363437,0.7349630920965299,0.75,0.438423645320197,0.7221201630215571,0.729957805907173,0.5681444991789819,0.6924936674529985,0.691722972972973,0.6724137931034483,679
6,8,0.7,0.9,0.7383708145927037,0.7193869726105612,0.7921318229147486,0.8403361344537815,0.1642036124794745,0.7881542172045645,0.810126582278481,0.3152709359605911,0.7486696603484085,0.7528089887640449,0.4400656814449918,0.7313698030700018,0.729957805907173,0.5681444991789819,0.6968695523460459,0.6875,0.6683087027914614,694
6,8,0.7,0.95,0.7367230670379096,0.7152193832999022,0.7846845069664942,0.8319327731092437,0.1625615763546798,0.7843940029326266,0.8073136427566806,0.3141762452107279,0.7423195015392136,0.7464887640449438,0.4363711001642036,0.7334201393733699,0.7341772151898734,0.5714285714285714,0.6985497708455464,0.6908783783783784,0.6715927750410509,694
6,8,0.8,0.85,0.7341029485257372,0.7052299112137984,0.7458313060455817,0.8067226890756303,0.1576354679802955,0.7610851180993087,0.7946554149085794,0.3092501368363437,0.7349630920965299,0.75,0.438423645320197,0.7221201630215571,0.729957805907173,0.5681444991789819,0.6924936674529985,0.691722972972973,0.6724137931034483,679
6,8,0.8,0.9,0.7383708145927037,0.7193869726105612,0.7921318229147486,0.8403361344537815,0.1642036124794745,0.7881542172045645,0.810126582278481,0.3152709359605911,0.7486696603484085,0.7528089887640449,0.4400656814449918,0.7313698030700018,0.729957805907173,0.5681444991789819,0.6968695523460459,0.6875,0.6683087027914614,694
6,8,0.8,0.95,0.7367230670379096,0.7152193832999022,0.7846845069664942,0.8319327731092437,0.1625615763546798,0.7843940029326266,0.8073136427566806,0.3141762452107279,0.7423195015392136,0.7464887640449438,0.4363711001642036,0.7334201393733699,0.7341772151898734,0.5714285714285714,0.6985497708455464,0.6908783783783784,0.6715927750410509,694
6,8,0.9,0.85,0.7341029485257372,0.7052299112137984,0.7458313060455817,0.8067226890756303,0.1576354679802955,0.7610851180993087,0.7946554149085794,0.3092501368363437,0.7349630920965299,0.75,0.438423645320197,0.7221201630215571,0.729957805907173,0.5681444991789819,0.6924936674529985,0.691722972972973,0.6724137931034483,679
6,8,0.9,0.9,0.7383708145927037,0.7193869726105612,0.7921318229147486,0.8403361344537815,0.1642036124794745,0.7881542172045645,0.810126582278481,0.3152709359605911,0.7486696603484085,0.7528089887640449,0.4400656814449918,0.7313698030700018,0.729957805907173,0.5681444991789819,0.6968695523460459,0.6875,0.6683087027914614,694
6,8,0.9,0.95,0.7367230670379096,0.7152193832999022,0.7846845069664942,0.8319327731092437,0.1625615763546798,0.7843940029326266,0.8073136427566806,0.3141762452107279,0.7423195015392136,0.7464887640449438,0.4363711001642036,0.7334201393733699,0.7341772151898734,0.5714285714285714,0.6985497708455464,0.6908783783783784,0.6715927750410509,694
6,10,0.6,0.85,0.7341029485257372,0.7052299112137984,0.7458313060455817,0.8067226890756303,0.1576354679802955,0.7610851180993087,0.7946554149085794,0.3092501368363437,0.7349630920965299,0.75,0.438423645320197,0.7221201630215571,0.729957805907173,0.5681444991789819,0.6924936674529985,0.691722972972973,0.6724137931034483,679
6,10,0.6,0.9,0.7383708145927037,0.7193869726105612,0.7921318229147486,0.8403361344537815,0.1642036124794745,0.7881542172045645,0.810126582278481,0.3152709359605911,0.7486696603484085,0.7528089887640449,0.4400656814449918,0.7313698030700018,0.729957805907173,0.5681444991789819,0.6968695523460459,0.6875,0.6683087027914614,694
6,10,0.6,0.95,0.7367230670379096,0.7152193832999022,0.7846845069664942,0.8319327731092437,0.1625615763546798,0.7843940029326266,0.8073136427566806,0.3141762452107279,0.7423195015392136,0.7464887640449438,0.4363711001642036,0.7334201393733699,0.7341772151898734,0.5714285714285714,0.6985497708455464,0.6908783783783784,0.6715927750410509,694
6,10,0.7,0.85,0.7341029485257372,0.7052299112137984,0.7458313060455817,0.8067226890756303,0.1576354679802955,0.7610851180993087,0.7946554149085794,0.3092501368363437,0.7349630920965299,0.75,0.438423645320197,0.7221201630215571,0.729957805907173,0.5681444991789819,0.6924936674529985,0.691722972972973,0.6724137931034483,679
6,10,0.7,0.9,0.7383708145927037,0.7193869726105612,0.7921318229147486,0.8403361344537815,0.1642036124794745,0.7881542172045645,0.810126582278481,0.3152709359605911,0.7486696603484085,0.7528089887640449,0.4400656814449918,0.7313698030700018,0.729957805907173,0.5681444991789819,0.6968695523460459,0.6875,0.6683087027914614,694
6,10,0.7,0.95,0.7367230670379096,0.7152193832999022,0.7846845069664942,0.8319327731092437,0.1625615763546798,0.7843940029326266,0.8073136427566806,0.3141762452107279,0.7423195015392136,0.7464887640449438,0.4363711001642036,0.7334201393733699,0.7341772151898734,0.5714285714285714,0.6985497708455464,0.6908783783783784,0.6715927750410509,694
6,10,0.8,0.85,0.7341029485257372,0.7052299112137984,0.7458313060455817,0.8067226890756303,0.1576354679802955,0.7610851180993087,0.7946554149085794,0.3092501368363437,0.7349630920965299,0.75,0.438423645320197,0.7221201630215571,0.729957805907173,0.5681444991789819,0.6924936674529985,0.691722972972973,0.6724137931034483,679
6,10,0.8,0.9,0.7383708145927037,0.7193869726105612,0.7921318229147486,0.8403361344537815,0.1642036124794745,0.7881542172045645,0.810126582278481,0.3152709359605911,0.7486696603484085,0.7528089887640449,0.4400656814449918,0.7313698030700018,0.729957805907173,0.5681444991789819,0.6968695523460459,0.6875,0.6683087027914614,694
6,10,0.8,0.95,0.7367230670379096,0.7152193832999022,0.7846845069664942,0.8319327731092437,0.1625615763546798,0.7843940029326266,0.8073136427566806,0.3141762452107279,0.7423195015392136,0.7464887640449438,0.4363711001642036,0.7334201393733699,0.7341772151898734,0.5714285714285714,0.6985497708455464,0.6908783783783784,0.6715927750410509,694
6,10,0.9,0.85,0.7341029485257372,0.7052299112137984,0.7458313060455817,0.8067226890756303,0.1576354679802955,0.7610851180993087,0.7946554149085794,0.3092501368363437,0.7349630920965299,0.75,0.438423645320197,0.7221201630215571,0.729957805907173,0.5681444991789819,0.6924936674529985,0.691722972972973,0.6724137931034483,679
6,10,0.9,0.9,0.7383708145927037,0.7193869726105612,0.7921318229147486,0.8403361344537815,0.1642036124794745,0.7881542172045645,0.810126582278481,0.3152709359605911,0.7486696603484085,0.7528089887640449,0.4400656814449918,0.7313698030700018,0.729957805907173,0.5681444991789819,0.6968695523460459,0.6875,0.6683087027914614,694
6,10,0.9,0.95,0.7367230670379096,0.7152193832999022,0.7846845069664942,0.8319327731092437,0.1625615763546798,0.7843940029326266,0.8073136427566806,0.3141762452107279,0.7423195015392136,0.7464887640449438,0.4363711001642036,0.7334201393733699,0.7341772151898734,0.5714285714285714,0.6985497708455464,0.6908783783783784,0.6715927750410509,694
6,12,0.6,0.85,0.7341486399657314,0.7081681644956483,0.7499789327671519,0.8067226890756303,0.1576354679802955,0.7672405263364082,0.7988748241912798,0.3108921729611384,0.7387868603815357,0.7521067415730337,0.4396551724137931,0.7221408054906991,0.7278481012658228,0.5665024630541872,0.6890475040161019,0.6858108108108109,0.6666666666666666,692
6,12,0.6,0.9,0.7383708145927037,0.7193869726105612,0.7921318229147486,0.8403361344537815,0.1642036124794745,0.7881542172045645,0.810126582278481,0.3152709359605911,0.7486696603484085,0.7528089887640449,0.4400656814449918,0.7313698030700018,0.729957805907173,0.5681444991789819,0.6968695523460459,0.6875,0.6683087027914614,694
6,12,0.6,0.95,0.7367230670379096,0.7152193832999022,0.7846845069664942,0.8319327731092437,0.1625615763546798,0.7843940029326266,0.8073136427566806,0.3141762452107279,0.7423195015392136,0.7464887640449438,0.4363711001642036,0.7334201393733699,0.7341772151898734,0.5714285714285714,0.6985497708455464,0.6908783783783784,0.6715927750410509,694
6,12,0.7,0.85,0.7341486399657314,0.7081681644956483,0.7499789327671519,0.8067226890756303,0.1576354679802955,0.7672405263364082,0.7988748241912798,0.3108921729611384,0.7387868603815357,0.7521067415730337,0.4396551724137931,0.7221408054906991,0.7278481012658228,0.5665024630541872,0.6890475040161019,0.6858108108108109,0.6666666666666666,692
6,12,0.7,0.9,0.7383708145927037,0.7193869726105612,0.7921318229147486,0.8403361344537815,0.1642036124794745,0.7881542172045645,0.810126582278481,0.3152709359605911,0.7486696603484085,0.7528089887640449,0.4400656814449918,0.7313698030700018,0.729957805907173,0.5681444991789819,0.6968695523460459,0.6875,0.6683087027914614,694
6,12,0.7,0.95,0.7367230670379096,0.7152193832999022,0.7846845069664942,0.8319327731092437,0.1625615763546798,0.7843940029326266,0.8073136427566806,0.3141762452107279,0.7423195015392136,0.7464887640449438,0.4363711001642036,0.7334201393733699,0.7341772151898734,0.5714285714285714,0.6985497708455464,0.6908783783783784,0.6715927750410509,694
6,12,0.8,0.85,0.7341486399657314,0.7081681644956483,0.7499789327671519,0.8067226890756303,0.1576354679802955,0.7672405263364082,0.7988748241912798,0.3108921729611384,0.7387868603815357,0.7521067415730337,0.4396551724137931,0.7221408054906991,0.7278481012658228,0.5665024630541872,0.6890475040161019,0.6858108108108109,0.6666666666666666,692
6,12,0.8,0.9,0.7383708145927037,0.7193869726105612,0.7921318229147486,0.8403361344537815,0.1642036124794745,0.7881542172045645,0.810126582278481,0.3152709359605911,0.7486696603484085,0.7528089887640449,0.4400656814449918,0.7313698030700018,0.729957805907173,0.5681444991789819,0.6968695523460459,0.6875,0.6683087027914614,694
6,12,0.8,0.95,0.7367230670379096,0.7152193832999022,0.7846845069664942,0.8319327731092437,0.1625615763546798,0.7843940029326266,0.8073136427566806,0.3141762452107279,0.7423195015392136,0.7464887640449438,0.4363711001642036,0.7334201393733699,0.7341772151898734,0.5714285714285714,0.6985497708455464,0.6908783783783784,0.6715927750410509,694
6,12,0.9,0.85,0.7341486399657314,0.7081681644956483,0.7499789327671519,0.8067226890756303,0.1576354679802955,0.7672405263364082,0.7988748241912798,0.3108921729611384,0.7387868603815357,0.7521067415730337,0.4396551724137931,0.7221408054906991,0.7278481012658228,0.5665024630541872,0.6890475040161019,0.6858108108108109,0.6666666666666666,692
6,12,0.9,0.9,0.7383708145927037,0.7193869726105612,0.7921318229147486,0.8403361344537815,0.1642036124794745,0.7881542172045645,0.810126582278481,0.3152709359605911,0.7486696603484085,0.7528089887640449,0.4400656814449918,0.7313698030700018,0.729957805907173,0.5681444991789819,0.6968695523460459,0.6875,0.6683087027914614,694
6,12,0.9,0.95,0.7367230670379096,0.7152193832999022,0.7846845069664942,0.8319327731092437,0.1625615763546798,0.7843940029326266,0.8073136427566806,0.3141762452107279,0.7423195015392136,0.7464887640449438,0.4363711001642036,0.7334201393733699,0.7341772151898734,0.5714285714285714,0.6985497708455464,0.6908783783783784,0.6715927750410509,694
7,8,0.6,0.85,0.7144727636181909,0.6903327567936708,0.6790584961047059,0.7058823529411765,0.1379310344827586,0.7606707508486844,0.7932489451476793,0.3087027914614121,0.7404489428132223,0.7570224719101124,0.4425287356321839,0.7202302407113214,0.7278481012658228,0.5665024630541872,0.6881447121482581,0.6866554054054054,0.6674876847290641,701
7,8,0.6,0.9,0.7144727636181909,0.6903327567936708,0.6790584961047059,0.7058823529411765,0.1379310344827586,0.7606707508486844,0.7932489451476793,0.3087027914614121,0.7404489428132223,0.7570224719101124,0.4425287356321839,0.7202302407113214,0.7278481012658228,0.5665024630541872,0.6881447121482581,0.6866554054054054,0.6674876847290641,701
7,8,0.6,0.95,0.7137531234382809,0.7028181256388327,0.7583283324494535,0.7983193277310925,0.1559934318555008,0.7732430141300186,0.7953586497890295,0.3095238095238095,0.7375840610378198,0.7429775280898876,0.4343185550082102,0.724666686801368,0.7257383966244726,0.5648604269293924,0.6903955513907936,0.683277027027027,0.6642036124794746,695
7,8,0.7,0.85,0.7144727636181909,0.6903327567936708,0.6790584961047059,0.7058823529411765,0.1379310344827586,0.7606707508486844,0.7932489451476793,0.3087027914614121,0.7404489428132223,0.7570224719101124,0.4425287356321839,0.7202302407113214,0.7278481012658228,0.5665024630541872,0.6881447121482581,0.6866554054054054,0.6674876847290641,701
7,8,0.7,0.9,0.7144727636181909,0.6903327567936708,0.6790584961047059,0.7058823529411765,0.1379310344827586,0.7606707508486844,0.7932489451476793,0.3087027914614121,0.7404489428132223,0.7570224719101124,0.4425287356321839,0.7202302407113214,0.7278481012658228,0.5665024630541872,0.6881447121482581,0.6866554054054054,0.6674876847290641,701
7,8,0.7,0.95,0.7137531234382809,0.7028181256388327,0.7583283324494535,0.7983193277310925,0.1559934318555008,0.7732430141300186,0.7953586497890295,0.3095238095238095,0.7375840610378198,0.7429775280898876,0.4343185550082102,0.724666686801368,0.7257383966244726,0.5648604269293924,0.6903955513907936,0.683277027027027,0.6642036124794746,695
7,8,0.8,0.85,0.7144727636181909,0.6903327567936708,0.6790584961047059,0.7058823529411765,0.1379310344827586,0.7606707508486844,0.7932489451476793,0.3087027914614121,0.7404489428132223,0.7570224719101124,0.4425287356321839,0.7202302407113214,0.7278481012658228,0.5665024630541872,0.6881447121482581,0.6866554054054054,0.6674876847290641,701
7,8,0.8,0.9,0.7144727636181909,0.6903327567936708,0.6790584961047059,0.7058823529411765,0.1379310344827586,0.7606707508486844,0.7932489451476793,0.3087027914614121,0.7404489428132223,0.7570224719101124,0.4425287356321839,0.7202302407113214,0.7278481012658228,0.5665024630541872,0.6881447121482581,0.6866554054054054,0.6674876847290641,701
7,8,0.8,0.95,0.7137531234382809,0.7028181256388327,0.7583283324494535,0.7983193277310925,0.1559934318555008,0.7732430141300186,0.7953586497890295,0.3095238095238095,0.7375840610378198,0.7429775280898876,0.4343185550082102,0.724666686801368,0.7257383966244726,0.5648604269293924,0.6903955513907936,0.683277027027027,0.6642036124794746,695
7,8,0.9,0.85,0.7144727636181909,0.6903327567936708,0.6790584961047059,0.7058823529411765,0.1379310344827586,0.7606707508486844,0.7932489451476793,0.3087027914614121,0.7404489428132223,0.7570224719101124,0.4425287356321839,0.7202302407113214,0.7278481012658228,0.5665024630541872,0.6881447121482581,0.6866554054054054,0.6674876847290641,701
7,8,0.9,0.9,0.7144727636181909,0.6903327567936708,0.6790584961047059,0.7058823529411765,0.1379310344827586,0.7606707508486844,0.7932489451476793,0.3087027914614121,0.7404489428132223,0.7570224719101124,0.4425287356321839,0.7202302407113214,0.7278481012658228,0.5665024630541872,0.6881447121482581,0.6866554054054054,0.6674876847290641,701
7,8,0.9,0.95,0.7137531234382809,0.7028181256388327,0.7583283324494535,0.7983193277310925,0.1559934318555008,0.7732430141300186,0.7953586497890295,0.3095238095238095,0.7375840610378198,0.7429775280898876,0.4343185550082102,0.724666686801368,0.7257383966244726,0.5648604269293924,0.6903955513907936,0.683277027027027,0.6642036124794746,695
7,10,0.6,0.85,0.7144727636181909,0.6903327567936708,0.6790584961047059,0.7058823529411765,0.1379310344827586,0.7606707508486844,0.7932489451476793,0.3087027914614121,0.7404489428132223,0.7570224719101124,0.4425287356321839,0.7202302407113214,0.7278481012658228,0.5665024630541872,0.6881447121482581,0.6866554054054054,0.6674876847290641,701
7,10,0.6,0.9,0.7144727636181909,0.6903327567936708,0.6790584961047059,0.7058823529411765,0.1379310344827586,0.7606707508486844,0.7932489451476793,0.3087027914614121,0.7404489428132223,0.7570224719101124,0.4425287356321839,0.7202302407113214,0.7278481012658228,0.5665024630541872,0.6881447121482581,0.6866554054054054,0.6674876847290641,701
7,10,0.6,0.95,0.7154180052830729,0.701874143151197,0.7642273660026598,0.8067226890756303,0.1576354679802955,0.7599486520227752,0.7784810126582279,0.3029556650246305,0.7375588042564745,0.7436797752808989,0.4347290640394088,0.7175521681814231,0.7172995780590717,0.5582922824302134,0.6871771883285384,0.6798986486486487,0.6609195402298851,699
7,10,0.7,0.85,0.7144727636181909,0.6903327567936708,0.6790584961047059,0.7058823529411765,0.1379310344827586,0.7606707508486844,0.7932489451476793,0.3087027914614121,0.7404489428132223,0.7570224719101124,0.4425287356321839,0.7202302407113214,0.7278481012658228,0.5665024630541872,0.6881447121482581,0.6866554054054054,0.6674876847290641,701
7,10,0.7,0.9,0.7144727636181909,0.6903327567936708,0.6790584961047059,0.7058823529411765,0.1379310344827586,0.7606707508486844,0.7932489451476793,0.3087027914614121,0.7404489428132223,0.7570224719101124,0.4425287356321839,0.7202302407113214,0.7278481012658228,0.5665024630541872,0.6881447121482581,0.6866554054054054,0.6674876847290641,701
7,10,0.7,0.95,0.7154180052830729,0.701874143151197,0.7642273660026598,0.8067226890756303,0.1576354679802955,0.7599486520227752,0.7784810126582279,0.3029556650246305,0.7375588042564745,0.7436797752808989,0.4347290640394088,0.7175521681814231,0.7172995780590717,0.5582922824302134,0.6871771883285384,0.6798986486486487,0.6609195402298851,699
7,10,0.8,0.85,0.7144727636181909,0.6903327567936708,0.6790584961047059,0.7058823529411765,0.1379310344827586,0.7606707508486844,0.7932489451476793,0.3087027914614121,0.7404489428132223,0.7570224719101124,0.4425287356321839,0.7202302407113214,0.7278481012658228,0.5665024630541872,0.6881447121482581,0.6866554054054054,0.6674876847290641,701
7,10,0.8,0.9,0.7144727636181909,0.6903327567936708,0.6790584961047059,0.7058823529411765,0.1379310344827586,0.7606707508486844,0.7932489451476793,0.3087027914614121,0.7404489428132223,0.7570224719101124,0.4425287356321839,0.7202302407113214,0.7278481012658228,0.5665024630541872,0.6881447121482581,0.6866554054054054,0.6674876847290641,701
7,10,0.8,0.95,0.7154180052830729,0.701874143151197,0.7642273660026598,0.8067226890756303,0.1576354679802955,0.7599486520227752,0.7784810126582279,0.3029556650246305,0.7375588042564745,0.7436797752808989,0.4347290640394088,0.7175521681814231,0.7172995780590717,0.5582922824302134,0.6871771883285384,0.6798986486486487,0.6609195402298851,699
7,10,0.9,0.85,0.7144727636181909,0.6903327567936708,0.6790584961047059,0.7058823529411765,0.1379310344827586,0.7606707508486844,0.7932489451476793,0.3087027914614121,0.7404489428132223,0.7570224719101124,0.4425287356321839,0.7202302407113214,0.7278481012658228,0.5665024630541872,0.6881447121482581,0.6866554054054054,0.6674876847290641,701
7,10,0.9,0.9,0.7144727636181909,0.6903327567936708,0.6790584961047059,0.7058823529411765,0.1379310344827586,0.7606707508486844,0.7932489451476793,0.3087027914614121,0.7404489428132223,0.7570224719101124,0.4425287356321839,0.7202302407113214,0.7278481012658228,0.5665024630541872,0.6881447121482581,0.6866554054054054,0.6674876847290641,701
7,10,0.9,0.95,0.7154180052830729,0.701874143151197,0.7642273660026598,0.8067226890756303,0.1576354679802955,0.7599486520227752,0.7784810126582279,0.3029556650246305,0.7375588042564745,0.7436797752808989,0.4347290640394088,0.7175521681814231,0.7172995780590717,0.5582922824302134,0.6871771883285384,0.6798986486486487,0.6609195402298851,699
7,12,0.6,0.85,0.7144727636181909,0.6903327567936708,0.6790584961047059,0.7058823529411765,0.1379310344827586,0.7606707508486844,0.7932489451476793,0.3087027914614121,0.7404489428132223,0.7570224719101124,0.4425287356321839,0.7202302407113214,0.7278481012658228,0.5665024630541872,0.6881447121482581,0.6866554054054054,0.6674876847290641,701
7,12,0.6,0.9,0.7144727636181909,0.6903327567936708,0.6790584961047059,0.7058823529411765,0.1379310344827586,0.7606707508486844,0.7932489451476793,0.3087027914614121,0.7404489428132223,0.7570224719101124,0.4425287356321839,0.7202302407113214,0.7278481012658228,0.5665024630541872,0.6881447121482581,0.6866554054054054,0.6674876847290641,701
7,12,0.6,0.95,0.7142857142857144,0.7009995029220152,0.7889301472617188,0.8235294117647058,0.160919540229885,0.7643073297664856,0.7742616033755274,0.3013136288998358,0.7399961839898211,0.7401685393258427,0.4326765188834154,0.7165123045651886,0.7109704641350211,0.5533661740558292,0.687074136127895,0.6756756756756757,0.6568144499178982,699
7,12,0.7,0.85,0.7144727636181909,0.6903327567936708,0.6790584961047059,0.7058823529411765,0.1379310344827586,0.7606707508486844,0.7932489451476793,0.3087027914614121,0.7404489428132223,0.7570224719101124,0.4425287356321839,0.7202302407113214,0.7278481012658228,0.5665024630541872,0.6881447121482581,0.6866554054054054,0.6674876847290641,701
7,12,0.7,0.9,0.7144727636181909,0.6903327567936708,0.6790584961047059,0.7058823529411765,0.1379310344827586,0.7606707508486844,0.7932489451476793,0.3087027914614121,0.7404489428132223,0.7570224719101124,0.4425287356321839,0.7202302407113214,0.7278481012658228,0.5665024630541872,0.6881447121482581,0.6866554054054054,0.6674876847290641,701
7,12,0.7,0.95,0.7142857142857144,0.7009995029220152,0.7889301472617188,0.8235294117647058,0.160919540229885,0.7643073297664856,0.7742616033755274,0.3013136288998358,0.7399961839898211,0.7401685393258427,0.4326765188834154,0.7165123045651886,0.7109704641350211,0.5533661740558292,0.687074136127895,0.6756756756756757,0.6568144499178982,699
7,12,0.8,0.85,0.7144727636181909,0.6903327567936708,0.6790584961047059,0.7058823529411765,0.1379310344827586,0.7606707508486844,0.7932489451476793,0.3087027914614121,0.7404489428132223,0.7570224719101124,0.4425287356321839,0.7202302407113214,0.7278481012658228,0.5665024630541872,0.6881447121482581,0.6866554054054054,0.6674876847290641,701
7,12,0.8,0.9,0.7144727636181909,0.6903327567936708,0.6790584961047059,0.7058823529411765,0.1379310344827586,0.7606707508486844,0.7932489451476793,0.3087027914614121,0.7404489428132223,0.7570224719101124,0.4425287356321839,0.7202302407113214,0.7278481012658228,0.5665024630541872,0.6881447121482581,0.6866554054054054,0.6674876847290641,701
7,12,0.8,0.95,0.7142857142857144,0.7009995029220152,0.7889301472617188,0.8235294117647058,0.160919540229885,0.7643073297664856,0.7742616033755274,0.3013136288998358,0.7399961839898211,0.7401685393258427,0.4326765188834154,0.7165123045651886,0.7109704641350211,0.5533661740558292,0.687074136127895,0.6756756756756757,0.6568144499178982,699
7,12,0.9,0.85,0.7144727636181909,0.6903327567936708,0.6790584961047059,0.7058823529411765,0.1379310344827586,0.7606707508486844,0.7932489451476793,0.3087027914614121,0.7404489428132223,0.7570224719101124,0.4425287356321839,0.7202302407113214,0.7278481012658228,0.5665024630541872,0.6881447121482581,0.6866554054054054,0.6674876847290641,701
7,12,0.9,0.9,0.7144727636181909,0.6903327567936708,0.6790584961047059,0.7058823529411765,0.1379310344827586,0.7606707508486844,0.7932489451476793,0.3087027914614121,0.7404489428132223,0.7570224719101124,0.4425287356321839,0.7202302407113214,0.7278481012658228,0.5665024630541872,0.6881447121482581,0.6866554054054054,0.6674876847290641,701
7,12,0.9,0.95,0.7142857142857144,0.7009995029220152,0.7889301472617188,0.8235294117647058,0.160919540229885,0.7643073297664856,0.7742616033755274,0.3013136288998358,0.7399961839898211,0.7401685393258427,0.4326765188834154,0.7165123045651886,0.7109704641350211,0.5533661740558292,0.687074136127895,0.6756756756756757,0.6568144499178982,699
8,8,0.6,0.85,0.7207481973299066,0.7040907402698979,0.7304302470633077,0.7310924369747899,0.1428571428571428,0.7831268764313171,0.7974683544303798,0.3103448275862069,0.7576347482809216,0.7605337078651685,0.4445812807881773,0.743879501508778,0.7426160337552743,0.5779967159277504,0.7052757965334284,0.6951013513513513,0.6756978653530378,695
8,8,0.6,0.9,0.7207481973299066,0.7040907402698979,0.7304302470633077,0.7310924369747899,0.1428571428571428,0.7831268764313171,0.7974683544303798,0.3103448275862069,0.7576347482809216,0.7605337078651685,0.4445812807881773,0.743879501508778,0.7426160337552743,0.5779967159277504,0.7052757965334284,0.6951013513513513,0.6756978653530378,695
8,8,0.6,0.95,0.7251659884343542,0.712529219523786,0.7823240159777709,0.8067226890756302,0.1576354679802955,0.7917360801641741,0.8059071729957805,0.3136288998357963,0.7591705253365076,0.7605337078651685,0.4445812807881773,0.7247552954560762,0.7172995780590717,0.5582922824302134,0.7099706046051779,0.7004504504504505,0.6808976464148878,681
8,8,0.7,0.85,0.7207481973299066,0.7040907402698979,0.7304302470633077,0.7310924369747899,0.1428571428571428,0.7831268764313171,0.7974683544303798,0.3103448275862069,0.7576347482809216,0.7605337078651685,0.4445812807881773,0.743879501508778,0.7426160337552743,0.5779967159277504,0.7052757965334284,0.6951013513513513,0.6756978653530378,695
8,8,0.7,0.9,0.7207481973299066,0.7040907402698979,0.7304302470633077,0.7310924369747899,0.1428571428571428,0.7831268764313171,0.7974683544303798,0.3103448275862069,0.7576347482809216,0.7605337078651685,0.4445812807881773,0.743879501508778,0.7426160337552743,0.5779967159277504,0.7052757965334284,0.6951013513513513,0.6756978653530378,695
8,8,0.7,0.95,0.7251659884343542,0.712529219523786,0.7823240159777709,0.8067226890756302,0.1576354679802955,0.7917360801641741,0.8059071729957805,0.3136288998357963,0.7591705253365076,0.7605337078651685,0.4445812807881773,0.7247552954560762,0.7172995780590717,0.5582922824302134,0.7099706046051779,0.7004504504504505,0.6808976464148878,681
8,8,0.8,0.85,0.7207481973299066,0.7040907402698979,0.7304302470633077,0.7310924369747899,0.1428571428571428,0.7831268764313171,0.7974683544303798,0.3103448275862069,0.7576347482809216,0.7605337078651685,0.4445812807881773,0.743879501508778,0.7426160337552743,0.5779967159277504,0.7052757965334284,0.6951013513513513,0.6756978653530378,695
8,8,0.8,0.9,0.7207481973299066,0.7040907402698979,0.7304302470633077,0.7310924369747899,0.1428571428571428,0.7831268764313171,0.7974683544303798,0.3103448275862069,0.7576347482809216,0.7605337078651685,0.4445812807881773,0.743879501508778,0.7426160337552743,0.5779967159277504,0.7052757965334284,0.6951013513513513,0.6756978653530378,695
8,8,0.8,0.95,0.7251659884343542,0.712529219523786,0.7823240159777709,0.8067226890756302,0.1576354679802955,0.7917360801641741,0.8059071729957805,0.3136288998357963,0.7591705253365076,0.7605337078651685,0.4445812807881773,0.7247552954560762,0.7172995780590717,0.5582922824302134,0.7099706046051779,0.7004504504504505,0.6808976464148878,681
8,8,0.9,0.85,0.7207481973299066,0.7040907402698979,0.7304302470633077,0.7310924369747899,0.1428571428571428,0.7831268764313171,0.7974683544303798,0.3103448275862069,0.7576347482809216,0.7605337078651685,0.4445812807881773,0.743879501508778,0.7426160337552743,0.5779967159277504,0.7052757965334284,0.6951013513513513,0.6756978653530378,695
8,8,0.9,0.9,0.7207481973299066,0.7040907402698979,0.7304302470633077,0.7310924369747899,0.1428571428571428,0.7831268764313171,0.7974683544303798,0.3103448275862069,0.7576347482809216,0.7605337078651685,0.4445812807881773,0.743879501508778,0.7426160337552743,0.5779967159277504,0.7052757965334284,0.6951013513513513,0.6756978653530378,695
8,8,0.9,0.95,0.7251659884343542,0.712529219523786,0.7823240159777709,0.8067226890756302,0.1576354679802955,0.7917360801641741,0.8059071729957805,0.3136288998357963,0.7591705253365076,0.7605337078651685,0.4445812807881773,0.7247552954560762,0.7172995780590717,0.5582922824302134,0.7099706046051779,0.7004504504504505,0.6808976464148878,681
8,10,0.6,0.85,0.7207481973299066,0.7040907402698979,0.7304302470633077,0.7310924369747899,0.1428571428571428,0.7831268764313171,0.7974683544303798,0.3103448275862069,0.7576347482809216,0.7605337078651685,0.4445812807881773,0.743879501508778,0.7426160337552743,0.5779967159277504,0.7052757965334284,0.6951013513513513,0.6756978653530378,695
8,10,0.6,0.9,0.7207481973299066,0.7040907402698979,0.7304302470633077,0.7310924369747899,0.1428571428571428,0.7831268764313171,0.7974683544303798,0.3103448275862069,0.7576347482809216,0.7605337078651685,0.4445812807881773,0.743879501508778,0.7426160337552743,0.5779967159277504,0.7052757965334284,0.6951013513513513,0.6756978653530378,695
8,10,0.6,0.95,0.7251659884343542,0.712529219523786,0.7823240159777709,0.8067226890756302,0.1576354679802955,0.7917360801641741,0.8059071729957805,0.3136288998357963,0.7591705253365076,0.7605337078651685,0.4445812807881773,0.7247552954560762,0.7172995780590717,0.5582922824302134,0.7099706046051779,0.7004504504504505,0.6808976464148878,681
8,10,0.7,0.85,0.7207481973299066,0.7040907402698979,0.7304302470633077,0.7310924369747899,0.1428571428571428,0.7831268764313171,0.7974683544303798,0.3103448275862069,0.7576347482809216,0.7605337078651685,0.4445812807881773,0.743879501508778,0.7426160337552743,0.5779967159277504,0.7052757965334284,0.6951013513513513,0.6756978653530378,695
8,10,0.7,0.9,0.7207481973299066,0.7040907402698979,0.7304302470633077,0.7310924369747899,0.1428571428571428,0.7831268764313171,0.7974683544303798,0.3103448275862069,0.7576347482809216,0.7605337078651685,0.4445812807881773,0.743879501508778,0.7426160337552743,0.5779967159277504,0.7052757965334284,0.6951013513513513,0.6756978653530378,695
8,10,0.7,0.95,0.7251659884343542,0.712529219523786,0.7823240159777709,0.8067226890756302,0.1576354679802955,0.7917360801641741,0.8059071729957805,0.3136288998357963,0.7591705253365076,0.7605337078651685,0.4445812807881773,0.7247552954560762,0.7172995780590717,0.5582922824302134,0.7099706046051779,0.7004504504504505,0.6808976464148878,681
8,10,0.8,0.85,0.7207481973299066,0.7040907402698979,0.7304302470633077,0.7310924369747899,0.1428571428571428,0.7831268764313171,0.7974683544303798,0.3103448275862069,0.7576347482809216,0.7605337078651685,0.4445812807881773,0.743879501508778,0.7426160337552743,0.5779967159277504,0.7052757965334284,0.6951013513513513,0.6756978653530378,695
8,10,0.8,0.9,0.7207481973299066,0.7040907402698979,0.7304302470633077,0.7310924369747899,0.1428571428571428,0.7831268764313171,0.7974683544303798,0.3103448275862069,0.7576347482809216,0.7605337078651685,0.4445812807881773,0.743879501508778,0.7426160337552743,0.5779967159277504,0.7052757965334284,0.6951013513513513,0.6756978653530378,695
8,10,0.8,0.95,0.7251659884343542,0.712529219523786,0.7823240159777709,0.8067226890756302,0.1576354679802955,0.7917360801641741,0.8059071729957805,0.3136288998357963,0.7591705253365076,0.7605337078651685,0.4445812807881773,0.7247552954560762,0.7172995780590717,0.5582922824302134,0.7099706046051779,0.7004504504504505,0.6808976464148878,681
8,10,0.9,0.85,0.7207481973299066,0.7040907402698979,0.7304302470633077,0.7310924369747899,0.1428571428571428,0.7831268764313171,0.7974683544303798,0.3103448275862069,0.7576347482809216,0.7605337078651685,0.4445812807881773,0.743879501508778,0.7426160337552743,0.5779967159277504,0.7052757965334284,0.6951013513513513,0.6756978653530378,695
8,10,0.9,0.9,0.7207481973299066,0.7040907402698979,0.7304302470633077,0.7310924369747899,0.1428571428571428,0.7831268764313171,0.7974683544303798,0.3103448275862069,0.7576347482809216,0.7605337078651685,0.4445812807881773,0.743879501508778,0.7426160337552743,0.5779967159277504,0.7052757965334284,0.6951013513513513,0.6756978653530378,695
8,10,0.9,0.95,0.7251659884343542,0.712529219523786,0.7823240159777709,0.8067226890756302,0.1576354679802955,0.7917360801641741,0.8059071729957805,0.3136288998357963,0.7591705253365076,0.7605337078651685,0.4445812807881773,0.7247552954560762,0.7172995780590717,0.5582922824302134,0.7099706046051779,0.7004504504504505,0.6808976464148878,681
8,12,0.6,0.85,0.7207481973299066,0.7040907402698979,0.7304302470633077,0.7310924369747899,0.1428571428571428,0.7831268764313171,0.7974683544303798,0.3103448275862069,0.7576347482809216,0.7605337078651685,0.4445812807881773,0.743879501508778,0.7426160337552743,0.5779967159277504,0.7052757965334284,0.6951013513513513,0.6756978653530378,695
8,12,0.6,0.9,0.7207481973299066,0.7040907402698979,0.7304302470633077,0.7310924369747899,0.1428571428571428,0.7831268764313171,0.7974683544303798,0.3103448275862069,0.7576347482809216,0.7605337078651685,0.4445812807881773,0.743879501508778,0.7426160337552743,0.5779967159277504,0.7052757965334284,0.6951013513513513,0.6756978653530378,695
8,12,0.6,0.95,0.7326536731634183,0.7167681650946871,0.7952701067210568,0.8319327731092437,0.1625615763546798,0.7908138015401306,0.8080168776371308,0.3144499178981937,0.7568524886010901,0.7598314606741573,0.4441707717569786,0.7317519020084264,0.7278481012658228,0.5665024630541872,0.7100095978382615,0.7015765765765766,0.6819923371647509,682
8,12,0.7,0.85,0.7207481973299066,0.7040907402698979,0.7304302470633077,0.7310924369747899,0.1428571428571428,0.7831268764313171,0.7974683544303798,0.3103448275862069,0.7576347482809216,0.7605337078651685,0.4445812807881773,0.743879501508778,0.7426160337552743,0.5779967159277504,0.7052757965334284,0.6951013513513513,0.6756978653530378,695
8,12,0.7,0.9,0.7207481973299066,0.7040907402698979,0.7304302470633077,0.7310924369747899,0.1428571428571428,0.7831268764313171,0.7974683544303798,0.3103448275862069,0.7576347482809216,0.7605337078651685,0.4445812807881773,0.743879501508778,0.7426160337552743,0.5779967159277504,0.7052757965334284,0.6951013513513513,0.6756978653530378,695
8,12,0.7,0.95,0.7326536731634183,0.7167681650946871,0.7952701067210568,0.8319327731092437,0.1625615763546798,0.7908138015401306,0.8080168776371308,0.3144499178981937,0.7568524886010901,0.7598314606741573,0.4441707717569786,0.7317519020084264,0.7278481012658228,0.5665024630541872,0.7100095978382615,0.7015765765765766,0.6819923371647509,682
8,12,0.8,0.85,0.7207481973299066,0.7040907402698979,0.7304302470633077,0.7310924369747899,0.1428571428571428,0.7831268764313171,0.7974683544303798,0.3103448275862069,0.7576347482809216,0.7605337078651685,0.4445812807881773,0.743879501508778,0.7426160337552743,0.5779967159277504,0.7052757965334284,0.6951013513513513,0.6756978653530378,695
8,12,0.8,0.9,0.7207481973299066,0.7040907402698979,0.7304302470633077,0.7310924369747899,0.1428571428571428,0.7831268764313171,0.7974683544303798,0.3103448275862069,0.7576347482809216,0.7605337078651685,0.4445812807881773,0.743879501508778,0.7426160337552743,0.5779967159277504,0.7052757965334284,0.6951013513513513,0.6756978653530378,695
8,12,0.8,0.95,0.7326536731634183,0.7167681650946871,0.7952701067210568,0.8319327731092437,0.1625615763546798,0.7908138015401306,0.8080168776371308,0.3144499178981937,0.7568524886010901,0.7598314606741573,0.4441707717569786,0.7317519020084264,0.7278481012658228,0.5665024630541872,0.7100095978382615,0.7015765765765766,0.6819923371647509,682
8,12,0.9,0.85,0.7207481973299066,0.7040907402698979,0.7304302470633077,0.7310924369747899,0.1428571428571428,0.7831268764313171,0.7974683544303798,0.3103448275862069,0.7576347482809216,0.7605337078651685,0.4445812807881773,0.743879501508778,0.7426160337552743,0.5779967159277504,0.7052757965334284,0.6951013513513513,0.6756978653530378,695
8,12,0.9,0.9,0.7207481973299066,0.7040907402698979,0.7304302470633077,0.7310924369747899,0.1428571428571428,0.7831268764313171,0.7974683544303798,0.3103448275862069,0.7576347482809216,0.7605337078651685,0.4445812807881773,0.743879501508778,0.7426160337552743,0.5779967159277504,0.7052757965334284,0.6951013513513513,0.6756978653530378,695
8,12,0.9,0.95,0.7326536731634183,0.7167681650946871,0.7952701067210568,0.8319327731092437,0.1625615763546798,0.7908138015401306,0.8080168776371308,0.3144499178981937,0.7568524886010901,0.7598314606741573,0.4441707717569786,0.7317519020084264,0.7278481012658228,0.5665024630541872,0.7100095978382615,0.7015765765765766,0.6819923371647509,682
9,8,0.6,0.85,0.7280174198614978,0.6991468964107523,0.7047874652422486,0.7310924369747898,0.1428571428571428,0.757461173539122,0.7827004219409283,0.3045977011494253,0.7402780920001097,0.7528089887640449,0.4400656814449918,0.7329749509626038,0.740506329113924,0.5763546798029556,0.7050177749891495,0.7043918918918919,0.6847290640394089,703
9,8,0.6,0.9,0.7280174198614978,0.6991468964107523,0.7047874652422486,0.7310924369747898,0.1428571428571428,0.757461173539122,0.7827004219409283,0.3045977011494253,0.7402780920001097,0.7528089887640449,0.4400656814449918,0.7329749509626038,0.740506329113924,0.5763546798029556,0.7050177749891495,0.7043918918918919,0.6847290640394089,703
9,8,0.6,0.95,0.7327778967659028,0.7023110006497364,0.7097169722645043,0.773109243697479,0.1510673234811166,0.7497429168656157,0.7904360056258791,0.307608100711549,0.7399098761411403,0.764747191011236,0.4470443349753694,0.7203605614810256,0.7341772151898734,0.5714285714285714,0.6943315300047057,0.6993243243243243,0.6798029556650246,707
9,8,0.7,0.85,0.7280174198614978,0.6991468964107523,0.7047874652422486,0.7310924369747898,0.1428571428571428,0.757461173539122,0.7827004219409283,0.3045977011494253,0.7402780920001097,0.7528089887640449,0.4400656814449918,0.7329749509626038,0.740506329113924,0.5763546798029556,0.7050177749891495,0.7043918918918919,0.6847290640394089,703
9,8,0.7,0.9,0.7280174198614978,0.6991468964107523,0.7047874652422486,0.7310924369747898,0.1428571428571428,0.757461173539122,0.7827004219409283,0.3045977011494253,0.7402780920001097,0.7528089887640449,0.4400656814449918,0.7329749509626038,0.740506329113924,0.5763546798029556,0.7050177749891495,0.7043918918918919,0.6847290640394089,703
9,8,0.7,0.95,0.7327778967659028,0.7023110006497364,0.7097169722645043,0.773109243697479,0.1510673234811166,0.7497429168656157,0.7904360056258791,0.307608100711549,0.7399098761411403,0.764747191011236,0.4470443349753694,0.7203605614810256,0.7341772151898734,0.5714285714285714,0.6943315300047057,0.6993243243243243,0.6798029556650246,707
9,8,0.8,0.85,0.7280174198614978,0.6991468964107523,0.7047874652422486,0.7310924369747898,0.1428571428571428,0.757461173539122,0.7827004219409283,0.3045977011494253,0.7402780920001097,0.7528089887640449,0.4400656814449918,0.7329749509626038,0.740506329113924,0.5763546798029556,0.7050177749891495,0.7043918918918919,0.6847290640394089,703
9,8,0.8,0.9,0.7280174198614978,0.6991468964107523,0.7047874652422486,0.7310924369747898,0.1428571428571428,0.757461173539122,0.7827004219409283,0.3045977011494253,0.7402780920001097,0.7528089887640449,0.4400656814449918,0.7329749509626038,0.740506329113924,0.5763546798029556,0.7050177749891495,0.7043918918918919,0.6847290640394089,703
9,8,0.8,0.95,0.7327778967659028,0.7023110006497364,0.7097169722645043,0.773109243697479,0.1510673234811166,0.7497429168656157,0.7904360056258791,0.307608100711549,0.7399098761411403,0.764747191011236,0.4470443349753694,0.7203605614810256,0.7341772151898734,0.5714285714285714,0.6943315300047057,0.6993243243243243,0.6798029556650246,707
9,8,0.9,0.85,0.7280174198614978,0.6991468964107523,0.7047874652422486,0.7310924369747898,0.1428571428571428,0.757461173539122,0.7827004219409283,0.3045977011494253,0.7402780920001097,0.7528089887640449,0.4400656814449918,0.7329749509626038,0.740506329113924,0.5763546798029556,0.7050177749891495,0.7043918918918919,0.6847290640394089,703
9,8,0.9,0.9,0.7280174198614978,0.6991468964107523,0.7047874652422486,0.7310924369747898,0.1428571428571428,0.757461173539122,0.7827004219409283,0.3045977011494253,0.7402780920001097,0.7528089887640449,0.4400656814449918,0.7329749509626038,0.740506329113924,0.5763546798029556,0.7050177749891495,0.7043918918918919,0.6847290640394089,703
9,8,0.9,0.95,0.7327778967659028,0.7023110006497364,0.7097169722645043,0.773109243697479,0.1510673234811166,0.7497429168656157,0.7904360056258791,0.307608100711549,0.7399098761411403,0.764747191011236,0.4470443349753694,0.7203605614810256,0.7341772151898734,0.5714285714285714,0.6943315300047057,0.6993243243243243,0.6798029556650246,707
9,10,0.6,0.85,0.7280174198614978,0.6991468964107523,0.7047874652422486,0.7310924369747898,0.1428571428571428,0.757461173539122,0.7827004219409283,0.3045977011494253,0.7402780920001097,0.7528089887640449,0.4400656814449918,0.7329749509626038,0.740506329113924,0.5763546798029556,0.7050177749891495,0.7043918918918919,0.6847290640394089,703
9,10,0.6,0.9,0.7280174198614978,0.6991468964107523,0.7047874652422486,0.7310924369747898,0.1428571428571428,0.757461173539122,0.7827004219409283,0.3045977011494253,0.7402780920001097,0.7528089887640449,0.4400656814449918,0.7329749509626038,0.740506329113924,0.5763546798029556,0.7050177749891495,0.7043918918918919,0.6847290640394089,703
9,10,0.6,0.95,0.7327778967659028,0.7023110006497364,0.7097169722645043,0.773109243697479,0.1510673234811166,0.7497429168656157,0.7904360056258791,0.307608100711549,0.7399098761411403,0.764747191011236,0.4470443349753694,0.7203605614810256,0.7341772151898734,0.5714285714285714,0.6943315300047057,0.6993243243243243,0.6798029556650246,707
9,10,0.7,0.85,0.7280174198614978,0.6991468964107523,0.7047874652422486,0.7310924369747898,0.1428571428571428,0.757461173539122,0.7827004219409283,0.3045977011494253,0.7402780920001097,0.7528089887640449,0.4400656814449918,0.7329749509626038,0.740506329113924,0.5763546798029556,0.7050177749891495,0.7043918918918919,0.6847290640394089,703
9,10,0.7,0.9,0.7280174198614978,0.6991468964107523,0.7047874652422486,0.7310924369747898,0.1428571428571428,0.757461173539122,0.7827004219409283,0.3045977011494253,0.7402780920001097,0.7528089887640449,0.4400656814449918,0.7329749509626038,0.740506329113924,0.5763546798029556,0.7050177749891495,0.7043918918918919,0.6847290640394089,703
9,10,0.7,0.95,0.7327778967659028,0.7023110006497364,0.7097169722645043,0.773109243697479,0.1510673234811166,0.7497429168656157,0.7904360056258791,0.307608100711549,0.7399098761411403,0.764747191011236,0.4470443349753694,0.7203605614810256,0.7341772151898734,0.5714285714285714,0.6943315300047057,0.6993243243243243,0.6798029556650246,707
9,10,0.8,0.85,0.7280174198614978,0.6991468964107523,0.7047874652422486,0.7310924369747898,0.1428571428571428,0.757461173539122,0.7827004219409283,0.3045977011494253,0.7402780920001097,0.7528089887640449,0.4400656814449918,0.7329749509626038,0.740506329113924,0.5763546798029556,0.7050177749891495,0.7043918918918919,0.6847290640394089,703
9,10,0.8,0.9,0.7280174198614978,0.6991468964107523,0.7047874652422486,0.7310924369747898,0.1428571428571428,0.757461173539122,0.7827004219409283,0.3045977011494253,0.7402780920001097,0.7528089887640449,0.4400656814449918,0.7329749509626038,0.740506329113924,0.5763546798029556,0.7050177749891495,0.7043918918918919,0.6847290640394089,703
9,10,0.8,0.95,0.7327778967659028,0.7023110006497364,0.7097169722645043,0.773109243697479,0.1510673234811166,0.7497429168656157,0.7904360056258791,0.307608100711549,0.7399098761411403,0.764747191011236,0.4470443349753694,0.7203605614810256,0.7341772151898734,0.5714285714285714,0.6943315300047057,0.6993243243243243,0.6798029556650246,707
9,10,0.9,0.85,0.7280174198614978,0.6991468964107523,0.7047874652422486,0.7310924369747898,0.1428571428571428,0.757461173539122,0.7827004219409283,0.3045977011494253,0.7402780920001097,0.7528089887640449,0.4400656814449918,0.7329749509626038,0.740506329113924,0.5763546798029556,0.7050177749891495,0.7043918918918919,0.6847290640394089,703
9,10,0.9,0.9,0.7280174198614978,0.6991468964107523,0.7047874652422486,0.7310924369747898,0.1428571428571428,0.757461173539122,0.7827004219409283,0.3045977011494253,0.7402780920001097,0.7528089887640449,0.4400656814449918,0.7329749509626038,0.740506329113924,0.5763546798029556,0.7050177749891495,0.7043918918918919,0.6847290640394089,703
9,10,0.9,0.95,0.7327778967659028,0.7023110006497364,0.7097169722645043,0.773109243697479,0.1510673234811166,0.7497429168656157,0.7904360056258791,0.307608100711549,0.7399098761411403,0.764747191011236,0.4470443349753694,0.7203605614810256,0.7341772151898734,0.5714285714285714,0.6943315300047057,0.6993243243243243,0.6798029556650246,707
9,12,0.6,0.85,0.7280174198614978,0.6991468964107523,0.7047874652422486,0.7310924369747898,0.1428571428571428,0.757461173539122,0.7827004219409283,0.3045977011494253,0.7402780920001097,0.7528089887640449,0.4400656814449918,0.7329749509626038,0.740506329113924,0.5763546798029556,0.7050177749891495,0.7043918918918919,0.6847290640394089,703
9,12,0.6,0.9,0.7280174198614978,0.6991468964107523,0.7047874652422486,0.7310924369747898,0.1428571428571428,0.757461173539122,0.7827004219409283,0.3045977011494253,0.7402780920001097,0.7528089887640449,0.4400656814449918,0.7329749509626038,0.740506329113924,0.5763546798029556,0.7050177749891495,0.7043918918918919,0.6847290640394089,703
9,12,0.6,0.95,0.7327778967659028,0.7023110006497364,0.7097169722645043,0.773109243697479,0.1510673234811166,0.7497429168656157,0.7904360056258791,0.307608100711549,0.7399098761411403,0.764747191011236,0.4470443349753694,0.7203605614810256,0.7341772151898734,0.5714285714285714,0.6943315300047057,0.6993243243243243,0.6798029556650246,707
9,12,0.7,0.85,0.7280174198614978,0.6991468964107523,0.7047874652422486,0.7310924369747898,0.1428571428571428,0.757461173539122,0.7827004219409283,0.3045977011494253,0.7402780920001097,0.7528089887640449,0.4400656814449918,0.7329749509626038,0.740506329113924,0.5763546798029556,0.7050177749891495,0.7043918918918919,0.6847290640394089,703
9,12,0.7,0.9,0.7280174198614978,0.6991468964107523,0.7047874652422486,0.7310924369747898,0.1428571428571428,0.757461173539122,0.7827004219409283,0.3045977011494253,0.7402780920001097,0.7528089887640449,0.4400656814449918,0.7329749509626038,0.740506329113924,0.5763546798029556,0.7050177749891495,0.7043918918918919,0.6847290640394089,703
9,12,0.7,0.95,0.7327778967659028,0.7023110006497364,0.7097169722645043,0.773109243697479,0.1510673234811166,0.7497429168656157,0.7904360056258791,0.307608100711549,0.7399098761411403,0.764747191011236,0.4470443349753694,0.7203605614810256,0.7341772151898734,0.5714285714285714,0.6943315300047057,0.6993243243243243,0.6798029556650246,707
9,12,0.8,0.85,0.7280174198614978,0.6991468964107523,0.7047874652422486,0.7310924369747898,0.1428571428571428,0.757461173539122,0.7827004219409283,0.3045977011494253,0.7402780920001097,0.7528089887640449,0.4400656814449918,0.7329749509626038,0.740506329113924,0.5763546798029556,0.7050177749891495,0.7043918918918919,0.6847290640394089,703
9,12,0.8,0.9,0.7280174198614978,0.6991468964107523,0.7047874652422486,0.7310924369747898,0.1428571428571428,0.757461173539122,0.7827004219409283,0.3045977011494253,0.7402780920001097,0.7528089887640449,0.4400656814449918,0.7329749509626038,0.740506329113924,0.5763546798029556,0.7050177749891495,0.7043918918918919,0.6847290640394089,703
9,12,0.8,0.95,0.7327778967659028,0.7023110006497364,0.7097169722645043,0.773109243697479,0.1510673234811166,0.7497429168656157,0.7904360056258791,0.307608100711549,0.7399098761411403,0.764747191011236,0.4470443349753694,0.7203605614810256,0.7341772151898734,0.5714285714285714,0.6943315300047057,0.6993243243243243,0.6798029556650246,707
9,12,0.9,0.85,0.7280174198614978,0.6991468964107523,0.7047874652422486,0.7310924369747898,0.1428571428571428,0.757461173539122,0.7827004219409283,0.3045977011494253,0.7402780920001097,0.7528089887640449,0.4400656814449918,0.7329749509626038,0.740506329113924,0.5763546798029556,0.7050177749891495,0.7043918918918919,0.6847290640394089,703
9,12,0.9,0.9,0.7280174198614978,0.6991468964107523,0.7047874652422486,0.7310924369747898,0.1428571428571428,0.757461173539122,0.7827004219409283,0.3045977011494253,0.7402780920001097,0.7528089887640449,0.4400656814449918,0.7329749509626038,0.740506329113924,0.5763546798029556,0.7050177749891495,0.7043918918918919,0.6847290640394089,703
9,12,0.9,0.95,0.7327778967659028,0.7023110006497364,0.7097169722645043,0.773109243697479,0.1510673234811166,0.7497429168656157,0.7904360056258791,0.307608100711549,0.7399098761411403,0.764747191011236,0.4470443349753694,0.7203605614810256,0.7341772151898734,0.5714285714285714,0.6943315300047057,0.6993243243243243,0.6798029556650246,707
10,8,0.6,0.85,0.7200257014349969,0.7002577505344941,0.7454259110399645,0.7815126050420168,0.1527093596059113,0.7638994942291125,0.7848101265822784,0.3054187192118227,0.7458195259847079,0.7549157303370787,0.4412972085385878,0.7259370350913501,0.7278481012658228,0.5665024630541872,0.691501768472886,0.6849662162162162,0.6658456486042693,699
10,8,0.6,0.9,0.7200257014349969,0.7002577505344941,0.7454259110399645,0.7815126050420168,0.1527093596059113,0.7638994942291125,0.7848101265822784,0.3054187192118227,0.7458195259847079,0.7549157303370787,0.4412972085385878,0.7259370350913501,0.7278481012658228,0.5665024630541872,0.691501768472886,0.6849662162162162,0.6658456486042693,699
10,8,0.6,0.95,0.7348454344256443,0.7111150832328179,0.7628984938166319,0.8067226890756303,0.1576354679802955,0.7707920193139558,0.7932489451476793,0.3087027914614121,0.7569464627879084,0.7682584269662921,0.4490968801313629,0.7300329620558035,0.7320675105485233,0.5697865353037767,0.7066259097953754,0.7027027027027027,0.6830870279146142,698
10,8,0.7,0.85,0.7200257014349969,0.7002577505344941,0.7454259110399645,0.7815126050420168,0.1527093596059113,0.7638994942291125,0.7848101265822784,0.3054187192118227,0.7458195259847079,0.7549157303370787,0.4412972085385878,0.7259370350913501,0.7278481012658228,0.5665024630541872,0.691501768472886,0.6849662162162162,0.6658456486042693,699
10,8,0.7,0.9,0.7200257014349969,0.7002577505344941,0.7454259110399645,0.7815126050420168,0.1527093596059113,0.7638994942291125,0.7848101265822784,0.3054187192118227,0.7458195259847079,0.7549157303370787,0.4412972085385878,0.7259370350913501,0.7278481012658228,0.5665024630541872,0.691501768472886,0.6849662162162162,0.6658456486042693,699
10,8,0.7,0.95,0.7348454344256443,0.7111150832328179,0.7628984938166319,0.8067226890756303,0.1576354679802955,0.7707920193139558,0.7932489451476793,0.3087027914614121,0.7569464627879084,0.7682584269662921,0.4490968801313629,0.7300329620558035,0.7320675105485233,0.5697865353037767,0.7066259097953754,0.7027027027027027,0.6830870279146142,698
10,8,0.8,0.85,0.7200257014349969,0.7002577505344941,0.7454259110399645,0.7815126050420168,0.1527093596059113,0.7638994942291125,0.7848101265822784,0.3054187192118227,0.7458195259847079,0.7549157303370787,0.4412972085385878,0.7259370350913501,0.7278481012658228,0.5665024630541872,0.691501768472886,0.6849662162162162,0.6658456486042693,699
10,8,0.8,0.9,0.7200257014349969,0.7002577505344941,0.7454259110399645,0.7815126050420168,0.1527093596059113,0.7638994942291125,0.7848101265822784,0.3054187192118227,0.7458195259847079,0.7549157303370787,0.4412972085385878,0.7259370350913501,0.7278481012658228,0.5665024630541872,0.691501768472886,0.6849662162162162,0.6658456486042693,699
10,8,0.8,0.95,0.7348454344256443,0.7111150832328179,0.7628984938166319,0.8067226890756303,0.1576354679802955,0.7707920193139558,0.7932489451476793,0.3087027914614121,0.7569464627879084,0.7682584269662921,0.4490968801313629,0.7300329620558035,0.7320675105485233,0.5697865353037767,0.7066259097953754,0.7027027027027027,0.6830870279146142,698
10,8,0.9,0.85,0.7200257014349969,0.7002577505344941,0.7454259110399645,0.7815126050420168,0.1527093596059113,0.7638994942291125,0.7848101265822784,0.3054187192118227,0.7458195259847079,0.7549157303370787,0.4412972085385878,0.7259370350913501,0.7278481012658228,0.5665024630541872,0.691501768472886,0.6849662162162162,0.6658456486042693,699
10,8,0.9,0.9,0.7200257014349969,0.7002577505344941,0.7454259110399645,0.7815126050420168,0.1527093596059113,0.7638994942291125,0.7848101265822784,0.3054187192118227,0.7458195259847079,0.7549157303370787,0.4412972085385878,0.7259370350913501,0.7278481012658228,0.5665024630541872,0.691501768472886,0.6849662162162162,0.6658456486042693,699
10,8,0.9,0.95,0.7348454344256443,0.7111150832328179,0.7628984938166319,0.8067226890756303,0.1576354679802955,0.7707920193139558,0.7932489451476793,0.3087027914614121,0.7569464627879084,0.7682584269662921,0.4490968801313629,0.7300329620558035,0.7320675105485233,0.5697865353037767,0.7066259097953754,0.7027027027027027,0.6830870279146142,698
10,10,0.6,0.85,0.7200257014349969,0.7002577505344941,0.7454259110399645,0.7815126050420168,0.1527093596059113,0.7638994942291125,0.7848101265822784,0.3054187192118227,0.7458195259847079,0.7549157303370787,0.4412972085385878,0.7259370350913501,0.7278481012658228,0.5665024630541872,0.691501768472886,0.6849662162162162,0.6658456486042693,699
10,10,0.6,0.9,0.7137845363032769,0.7061325354138861,0.7955257644782473,0.8151260504201681,0.1592775041050903,0.7864865931005808,0.7932489451476793,0.3087027914614121,0.7512210027139381,0.7464887640449438,0.4363711001642036,0.7353639264825507,0.7278481012658228,0.5665024630541872,0.6898762865955334,0.6731418918918919,0.6543513957307061,698
10,10,0.6,0.95,0.7348454344256443,0.7111150832328179,0.7628984938166319,0.8067226890756303,0.1576354679802955,0.7707920193139558,0.7932489451476793,0.3087027914614121,0.7569464627879084,0.7682584269662921,0.4490968801313629,0.7300329620558035,0.7320675105485233,0.5697865353037767,0.7066259097953754,0.7027027027027027,0.6830870279146142,698
10,10,0.7,0.85,0.7200257014349969,0.7002577505344941,0.7454259110399645,0.7815126050420168,0.1527093596059113,0.7638994942291125,0.7848101265822784,0.3054187192118227,0.7458195259847079,0.7549157303370787,0.4412972085385878,0.7259370350913501,0.7278481012658228,0.5665024630541872,0.691501768472886,0.6849662162162162,0.6658456486042693,699
10,10,0.7,0.9,0.7137845363032769,0.7061325354138861,0.7955257644782473,0.8151260504201681,0.1592775041050903,0.7864865931005808,0.7932489451476793,0.3087027914614121,0.7512210027139381,0.7464887640449438,0.4363711001642036,0.7353639264825507,0.7278481012658228,0.5665024630541872,0.6898762865955334,0.6731418918918919,0.6543513957307061,698
10,10,0.7,0.95,0.7348454344256443,0.7111150832328179,0.7628984938166319,0.8067226890756303,0.1576354679802955,0.7707920193139558,0.7932489451476793,0.3087027914614121,0.7569464627879084,0.7682584269662921,0.4490968801313629,0.7300329620558035,0.7320675105485233,0.5697865353037767,0.7066259097953754,0.7027027027027027,0.6830870279146142,698
10,10,0.8,0.85,0.7200257014349969,0.7002577505344941,0.7454259110399645,0.7815126050420168,0.1527093596059113,0.7638994942291125,0.7848101265822784,0.3054187192118227,0.7458195259847079,0.7549157303370787,0.4412972085385878,0.7259370350913501,0.7278481012658228,0.5665024630541872,0.691501768472886,0.6849662162162162,0.6658456486042693,699
10,10,0.8,0.9,0.7137845363032769,0.7061325354138861,0.7955257644782473,0.8151260504201681,0.1592775041050903,0.7864865931005808,0.7932489451476793,0.3087027914614121,0.7512210027139381,0.7464887640449438,0.4363711001642036,0.7353639264825507,0.7278481012658228,0.5665024630541872,0.6898762865955334,0.6731418918918919,0.6543513957307061,698
10,10,0.8,0.95,0.7348454344256443,0.7111150832328179,0.7628984938166319,0.8067226890756303,0.1576354679802955,0.7707920193139558,0.7932489451476793,0.3087027914614121,0.7569464627879084,0.7682584269662921,0.4490968801313629,0.7300329620558035,0.7320675105485233,0.5697865353037767,0.7066259097953754,0.7027027027027027,0.6830870279146142,698
10,10,0.9,0.85,0.7200257014349969,0.7002577505344941,0.7454259110399645,0.7815126050420168,0.1527093596059113,0.7638994942291125,0.7848101265822784,0.3054187192118227,0.7458195259847079,0.7549157303370787,0.4412972085385878,0.7259370350913501,0.7278481012658228,0.5665024630541872,0.691501768472886,0.6849662162162162,0.6658456486042693,699
10,10,0.9,0.9,0.7137845363032769,0.7061325354138861,0.7955257644782473,0.8151260504201681,0.1592775041050903,0.7864865931005808,0.7932489451476793,0.3087027914614121,0.7512210027139381,0.7464887640449438,0.4363711001642036,0.7353639264825507,0.7278481012658228,0.5665024630541872,0.6898762865955334,0.6731418918918919,0.6543513957307061,698
10,10,0.9,0.95,0.7348454344256443,0.7111150832328179,0.7628984938166319,0.8067226890756303,0.1576354679802955,0.7707920193139558,0.7932489451476793,0.3087027914614121,0.7569464627879084,0.7682584269662921,0.4490968801313629,0.7300329620558035,0.7320675105485233,0.5697865353037767,0.7066259097953754,0.7027027027027027,0.6830870279146142,698
10,12,0.6,0.85,0.7200257014349969,0.7002577505344941,0.7454259110399645,0.7815126050420168,0.1527093596059113,0.7638994942291125,0.7848101265822784,0.3054187192118227,0.7458195259847079,0.7549157303370787,0.4412972085385878,0.7259370350913501,0.7278481012658228,0.5665024630541872,0.691501768472886,0.6849662162162162,0.6658456486042693,699
10,12,0.6,0.9,0.7137845363032769,0.7061325354138861,0.7955257644782473,0.8151260504201681,0.1592775041050903,0.7864865931005808,0.7932489451476793,0.3087027914614121,0.7512210027139381,0.7464887640449438,0.4363711001642036,0.7353639264825507,0.7278481012658228,0.5665024630541872,0.6898762865955334,0.6731418918918919,0.6543513957307061,698
10,12,0.6,0.95,0.7348454344256443,0.7111150832328179,0.7628984938166319,0.8067226890756303,0.1576354679802955,0.7707920193139558,0.7932489451476793,0.3087027914614121,0.7569464627879084,0.7682584269662921,0.4490968801313629,0.7300329620558035,0.7320675105485233,0.5697865353037767,0.7066259097953754,0.7027027027027027,0.6830870279146142,698
10,12,0.7,0.85,0.7200257014349969,0.7002577505344941,0.7454259110399645,0.7815126050420168,0.1527093596059113,0.7638994942291125,0.7848101265822784,0.3054187192118227,0.7458195259847079,0.7549157303370787,0.4412972085385878,0.7259370350913501,0.7278481012658228,0.5665024630541872,0.691501768472886,0.6849662162162162,0.6658456486042693,699
10,12,0.7,0.9,0.7137845363032769,0.7061325354138861,0.7955257644782473,0.8151260504201681,0.1592775041050903,0.7864865931005808,0.7932489451476793,0.3087027914614121,0.7512210027139381,0.7464887640449438,0.4363711001642036,0.7353639264825507,0.7278481012658228,0.5665024630541872,0.6898762865955334,0.6731418918918919,0.6543513957307061,698
10,12,0.7,0.95,0.7348454344256443,0.7111150832328179,0.7628984938166319,0.8067226890756303,0.1576354679802955,0.7707920193139558,0.7932489451476793,0.3087027914614121,0.7569464627879084,0.7682584269662921,0.4490968801313629,0.7300329620558035,0.7320675105485233,0.5697865353037767,0.7066259097953754,0.7027027027027027,0.6830870279146142,698
10,12,0.8,0.85,0.7200257014349969,0.7002577505344941,0.7454259110399645,0.7815126050420168,0.1527093596059113,0.7638994942291125,0.7848101265822784,0.3054187192118227,0.7458195259847079,0.7549157303370787,0.4412972085385878,0.7259370350913501,0.7278481012658228,0.5665024630541872,0.691501768472886,0.6849662162162162,0.6658456486042693,699
10,12,0.8,0.9,0.7137845363032769,0.7061325354138861,0.7955257644782473,0.8151260504201681,0.1592775041050903,0.7864865931005808,0.7932489451476793,0.3087027914614121,0.7512210027139381,0.7464887640449438,0.4363711001642036,0.7353639264825507,0.7278481012658228,0.5665024630541872,0.6898762865955334,0.6731418918918919,0.6543513957307061,698
10,12,0.8,0.95,0.7348454344256443,0.7111150832328179,0.7628984938166319,0.8067226890756303,0.1576354679802955,0.7707920193139558,0.7932489451476793,0.3087027914614121,0.7569464627879084,0.7682584269662921,0.4490968801313629,0.7300329620558035,0.7320675105485233,0.5697865353037767,0.7066259097953754,0.7027027027027027,0.6830870279146142,698
10,12,0.9,0.85,0.7200257014349969,0.7002577505344941,0.7454259110399645,0.7815126050420168,0.1527093596059113,0.7638994942291125,0.7848101265822784,0.3054187192118227,0.7458195259847079,0.7549157303370787,0.4412972085385878,0.7259370350913501,0.7278481012658228,0.5665024630541872,0.691501768472886,0.6849662162162162,0.6658456486042693,699
10,12,0.9,0.9,0.7137845363032769,0.7061325354138861,0.7955257644782473,0.8151260504201681,0.1592775041050903,0.7864865931005808,0.7932489451476793,0.3087027914614121,0.7512210027139381,0.7464887640449438,0.4363711001642036,0.7353639264825507,0.7278481012658228,0.5665024630541872,0.6898762865955334,0.6731418918918919,0.6543513957307061,698
10,12,0.9,0.95,0.7348454344256443,0.7111150832328179,0.7628984938166319,0.8067226890756303,0.1576354679802955,0.7707920193139558,0.7932489451476793,0.3087027914614121,0.7569464627879084,0.7682584269662921,0.4490968801313629,0.7300329620558035,0.7320675105485233,0.5697865353037767,0.7066259097953754,0.7027027027027027,0.6830870279146142,698
